id,title,technical_type,size_bytes,storage,web_ready,readiness_level,units,crs,calibration_status,quicklook_href
hydra-eo-data-lelystad-2026-05-11-20260511t110230z_lelystad-hydraeo_ortho_202605211601.tif.aux.xml,20260511T110230Z_Lelystad-HydraEO_ortho_202605211601.tif.aux.xml,metadata,1558,local_tracked,True,3,not provided,not provided,incomplete,not provided
hydra-eo-data-sentinel-2-series-lelystad-se2_sr_2022-05-15-10_56_21.tif.aux.xml,SE2_SR_2022-05-15 10_56_21.tif.aux.xml,metadata,54544,local_tracked,False,1,not provided,not provided,incomplete,not provided
hydra-eo-data-sentinel-2-series-lelystad-se2_sr_2022-06-11-10_46_28.tif.aux.xml,SE2_SR_2022-06-11 10_46_28.tif.aux.xml,metadata,60971,local_tracked,False,1,not provided,not provided,incomplete,not provided
hydra-eo-data-sentinel-2-series-lelystad-se2_sr_2022-07-04-10_56_28.tif.aux.xml,SE2_SR_2022-07-04 10_56_28.tif.aux.xml,metadata,68080,local_tracked,False,1,not provided,not provided,incomplete,not provided
hydra-eo-data-sentinel-2-series-lelystad-se2_sr_2022-07-06-10_46_38.tif.aux.xml,SE2_SR_2022-07-06 10_46_38.tif.aux.xml,metadata,42686,local_tracked,False,1,not provided,not provided,incomplete,not provided
hydra-eo-data-sentinel-2-series-lelystad-se2_sr_2022-07-16-10_46_37.tif.aux.xml,SE2_SR_2022-07-16 10_46_37.tif.aux.xml,metadata,59363,local_tracked,False,1,not provided,not provided,incomplete,not provided
hydra-eo-data-sentinel-2-series-lelystad-se2_sr_2022-07-24-10_56_28.tif.aux.xml,SE2_SR_2022-07-24 10_56_28.tif.aux.xml,metadata,76466,local_tracked,False,1,not provided,not provided,incomplete,not provided
hydra-eo-data-sentinel-2-series-chaparrillo-se2_sr_2025-05-19-11_10_37.tif.aux.xml,SE2_SR_2025-05-19 11_10_37.tif.aux.xml,metadata,90052,local_tracked,False,1,not provided,not provided,incomplete,not provided
hydra-eo-data-sentinel-2-series-nl-loobos-se2_sr_2025-07-03-10_56_59.tif.aux.xml,SE2_SR_2025-07-03 10_56_59.tif.aux.xml,metadata,94559,local_tracked,False,1,not provided,not provided,incomplete,not provided
hydra-eo-data-sentinel-2-series-nl-loobos-se2_sr_2025-07-08-10_56_40.tif.aux.xml,SE2_SR_2025-07-08 10_56_40.tif.aux.xml,metadata,67231,local_tracked,False,1,not provided,not provided,incomplete,not provided
hydra-eo-data-sentinel-2-series-nl-loobos-se2_sr_2025-07-22-10_46_59.tif.aux.xml,SE2_SR_2025-07-22 10_46_59.tif.aux.xml,metadata,91842,local_tracked,False,1,not provided,not provided,incomplete,not provided
hydra-eo-data-sentinel-2-series-chaparrillo-se2_sr_2025-07-28-11_10_40.tif.aux.xml,SE2_SR_2025-07-28 11_10_40.tif.aux.xml,metadata,45698,local_tracked,False,1,not provided,not provided,incomplete,not provided
hydra-eo-data-sentinel-2-series-nl-loobos-se2_sr_2025-08-07-10_56_38.tif.aux.xml,SE2_SR_2025-08-07 10_56_38.tif.aux.xml,metadata,48830,local_tracked,False,1,not provided,not provided,incomplete,not provided
hydra-eo-data-sentinel-2-series-nl-loobos-se2_sr_2025-08-11-10_46_53.tif.aux.xml,SE2_SR_2025-08-11 10_46_53.tif.aux.xml,metadata,58539,local_tracked,False,1,not provided,not provided,incomplete,not provided
hydra-eo-data-sentinel-2-series-nl-loobos-se2_sr_2025-08-12-10_56_56.tif.aux.xml,SE2_SR_2025-08-12 10_56_56.tif.aux.xml,metadata,56947,local_tracked,False,1,not provided,not provided,incomplete,not provided
hydra-eo-data-sentinel-2-series-nl-loobos-se2_sr_2025-08-27-10_56_38.tif.aux.xml,SE2_SR_2025-08-27 10_56_38.tif.aux.xml,metadata,25360,local_tracked,False,1,not provided,not provided,incomplete,not provided
hydra-eo-data-20260511t110230z_lelystad-hydraeo_ortho_202605211601-001.tif,20260511T110230Z_Lelystad-HydraEO_ortho_202605211601-001.tif,raster,6377853364,external_required,False,2,not provided,not provided,incomplete,visualization-data/thumbnails/imported/20260511t110230z_lelystad-hydraeo_ortho_202605211601-001-8dd260e9-quicklook.png
hydra-eo-data-sentinel-2-seriestiffs_alfalfa_site2-se2_sr_2022-01-01-10_28_26.tif,SE2_SR_2022-01-01 10_28_26.tif,raster,3513394,local_untracked,False,1,not provided,EPSG:4326,incomplete,visualization-data/thumbnails/imported/se2_sr_2022-01-01-10_28_26-5c5cebee-quicklook.png
hydra-eo-data-sentinel-2-series-lelystad-se2_sr_2022-01-02-10_46_21.tif,SE2_SR_2022-01-02 10_46_21.tif,raster,3497650,local_untracked,False,1,not provided,EPSG:4326,incomplete,visualization-data/thumbnails/imported/se2_sr_2022-01-02-10_46_21-02f089b4-quicklook.png
hydra-eo-data-sentinel-2-series-chaparrillo-se2_sr_2022-01-03-11_10_23-20260610012656.tif,SE2_SR_2022-01-03 11_10_23-20260610012656.tif,raster,4154196,external_required,False,2,not provided,not provided,incomplete,visualization-data/thumbnails/imported/se2_sr_2022-01-03-11_10_23-20260610012656-archive-quicklook.png
hydra-eo-data-sentinel-2-series-chaparrillo-se2_sr_2022-01-03-11_10_23.tif,SE2_SR_2022-01-03 11_10_23.tif,raster,4154196,external_required,False,2,not provided,not provided,incomplete,visualization-data/thumbnails/imported/se2_sr_2022-01-03-11_10_23-20260610012656-archive-quicklook.png
hydra-eo-data-sentinel-2-series-chaparrillo-se2_sr_2022-01-03-11_10_23.tif,SE2_SR_2022-01-03 11_10_23.tif,raster,4154196,local_untracked,False,1,not provided,EPSG:4326,incomplete,visualization-data/thumbnails/imported/se2_sr_2022-01-03-11_10_23-1be373dc-quicklook.png
hydra-eo-data-sentinel-2-series-lelystad-se2_sr_2022-01-05-10_56_18.tif,SE2_SR_2022-01-05 10_56_18.tif,raster,3409449,local_untracked,False,1,not provided,EPSG:4326,incomplete,not provided
hydra-eo-data-sentinel-2-seriestiffs_alfalfa_site2-se2_sr_2022-01-06-10_28_20.tif,SE2_SR_2022-01-06 10_28_20.tif,raster,3507667,local_untracked,False,1,not provided,EPSG:4326,incomplete,not provided
hydra-eo-data-sentinel-2-series-lelystad-se2_sr_2022-01-07-10_46_27.tif,SE2_SR_2022-01-07 10_46_27.tif,raster,3109370,local_untracked,False,1,not provided,EPSG:4326,incomplete,not provided
hydra-eo-data-sentinel-2-seriestiffs_alfalfa_site1-se2_sr_2022-01-08-10_18_29.tif,SE2_SR_2022-01-08 10_18_29.tif,raster,3845773,local_untracked,False,1,not provided,EPSG:4326,incomplete,visualization-data/thumbnails/imported/se2_sr_2022-01-08-10_18_29-753fb2b6-quicklook.png
hydra-eo-data-sentinel-2-seriestiffs_alfalfa_site2-se2_sr_2022-01-08-10_18_29.tif,SE2_SR_2022-01-08 10_18_29.tif,raster,3773097,local_untracked,False,1,not provided,EPSG:4326,incomplete,not provided
hydra-eo-data-sentinel-2-series-lelystad-se2_sr_2022-01-10-10_56_24.tif,SE2_SR_2022-01-10 10_56_24.tif,raster,3053616,local_untracked,False,1,not provided,EPSG:4326,incomplete,not provided
hydra-eo-data-sentinel-2-seriestiffs_alfalfa_site1-se2_sr_2022-01-11-10_28_25.tif,SE2_SR_2022-01-11 10_28_25.tif,raster,3835637,local_untracked,False,1,not provided,EPSG:4326,incomplete,not provided
hydra-eo-data-sentinel-2-seriestiffs_alfalfa_site2-se2_sr_2022-01-11-10_28_25.tif,SE2_SR_2022-01-11 10_28_25.tif,raster,3783401,local_untracked,False,1,not provided,EPSG:4326,incomplete,not provided
hydra-eo-data-sentinel-2-series-chaparrillo-se2_sr_2022-01-11-11_20_12.tif,SE2_SR_2022-01-11 11_20_12.tif,raster,4136178,local_untracked,False,1,not provided,EPSG:4326,incomplete,not provided
hydra-eo-data-sentinel-2-series-lelystad-se2_sr_2022-01-12-10_46_21.tif,SE2_SR_2022-01-12 10_46_21.tif,raster,3020786,local_untracked,False,1,not provided,EPSG:4326,incomplete,not provided
hydra-eo-data-sentinel-2-seriestiffs_alfalfa_site1-se2_sr_2022-01-13-10_18_24.tif,SE2_SR_2022-01-13 10_18_24.tif,raster,3863771,local_untracked,False,1,not provided,EPSG:4326,incomplete,not provided
hydra-eo-data-sentinel-2-seriestiffs_alfalfa_site2-se2_sr_2022-01-13-10_18_24.tif,SE2_SR_2022-01-13 10_18_24.tif,raster,3835974,local_untracked,False,1,not provided,EPSG:4326,incomplete,not provided
hydra-eo-data-sentinel-2-series-chaparrillo-se2_sr_2022-01-13-11_10_22.tif,SE2_SR_2022-01-13 11_10_22.tif,raster,4163048,local_untracked,False,1,not provided,EPSG:4326,incomplete,not provided
hydra-eo-data-sentinel-2-seriestiffs_alfalfa_site1-se2_sr_2022-01-16-10_28_20.tif,SE2_SR_2022-01-16 10_28_20.tif,raster,3731527,local_untracked,False,1,not provided,EPSG:4326,incomplete,not provided
hydra-eo-data-sentinel-2-seriestiffs_alfalfa_site2-se2_sr_2022-01-16-10_28_20.tif,SE2_SR_2022-01-16 10_28_20.tif,raster,3732672,local_untracked,False,1,not provided,EPSG:4326,incomplete,not provided
hydra-eo-data-sentinel-2-series-chaparrillo-se2_sr_2022-01-16-11_20_17.tif,SE2_SR_2022-01-16 11_20_17.tif,raster,4168999,local_untracked,False,1,not provided,EPSG:4326,incomplete,not provided
hydra-eo-data-sentinel-2-series-lelystad-se2_sr_2022-01-17-10_46_26.tif,SE2_SR_2022-01-17 10_46_26.tif,raster,3164804,local_untracked,False,1,not provided,EPSG:4326,incomplete,not provided
hydra-eo-data-sentinel-2-seriestiffs_alfalfa_site1-se2_sr_2022-01-18-10_18_28.tif,SE2_SR_2022-01-18 10_18_28.tif,raster,3752575,local_untracked,False,1,not provided,EPSG:4326,incomplete,not provided
hydra-eo-data-sentinel-2-seriestiffs_alfalfa_site2-se2_sr_2022-01-18-10_18_28.tif,SE2_SR_2022-01-18 10_18_28.tif,raster,3654032,local_untracked,False,1,not provided,EPSG:4326,incomplete,not provided
hydra-eo-data-sentinel-2-series-chaparrillo-se2_sr_2022-01-18-11_10_17.tif,SE2_SR_2022-01-18 11_10_17.tif,raster,4174776,local_untracked,False,1,not provided,EPSG:4326,incomplete,not provided
hydra-eo-data-sentinel-2-series-lelystad-se2_sr_2022-01-20-10_56_22.tif,SE2_SR_2022-01-20 10_56_22.tif,raster,3345951,local_untracked,False,1,not provided,EPSG:4326,incomplete,not provided
hydra-eo-data-sentinel-2-seriestiffs_alfalfa_site1-se2_sr_2022-01-21-10_28_24.tif,SE2_SR_2022-01-21 10_28_24.tif,raster,3803989,local_untracked,False,1,not provided,EPSG:4326,incomplete,not provided
hydra-eo-data-sentinel-2-seriestiffs_alfalfa_site2-se2_sr_2022-01-21-10_28_24.tif,SE2_SR_2022-01-21 10_28_24.tif,raster,3713669,local_untracked,False,1,not provided,EPSG:4326,incomplete,not provided
hydra-eo-data-sentinel-2-series-chaparrillo-se2_sr_2022-01-21-11_20_11.tif,SE2_SR_2022-01-21 11_20_11.tif,raster,4167444,local_untracked,False,1,not provided,EPSG:4326,incomplete,not provided
hydra-eo-data-sentinel-2-seriestiffs_alfalfa_site1-se2_sr_2022-01-23-10_18_23.tif,SE2_SR_2022-01-23 10_18_23.tif,raster,3623137,local_untracked,False,1,not provided,EPSG:4326,incomplete,not provided
hydra-eo-data-sentinel-2-seriestiffs_alfalfa_site2-se2_sr_2022-01-23-10_18_23.tif,SE2_SR_2022-01-23 10_18_23.tif,raster,3470340,local_untracked,False,1,not provided,EPSG:4326,incomplete,not provided
hydra-eo-data-sentinel-2-series-chaparrillo-se2_sr_2022-01-23-11_10_21.tif,SE2_SR_2022-01-23 11_10_21.tif,raster,3989097,local_untracked,False,1,not provided,EPSG:4326,incomplete,not provided
hydra-eo-data-sentinel-2-seriestiffs_alfalfa_site1-se2_sr_2022-01-26-10_28_18.tif,SE2_SR_2022-01-26 10_28_18.tif,raster,3634074,local_untracked,False,1,not provided,EPSG:4326,incomplete,not provided
hydra-eo-data-sentinel-2-seriestiffs_alfalfa_site2-se2_sr_2022-01-26-10_28_18.tif,SE2_SR_2022-01-26 10_28_18.tif,raster,3589256,local_untracked,False,1,not provided,EPSG:4326,incomplete,not provided
hydra-eo-data-sentinel-2-series-chaparrillo-se2_sr_2022-01-26-11_20_17.tif,SE2_SR_2022-01-26 11_20_17.tif,raster,4033424,local_untracked,False,1,not provided,EPSG:4326,incomplete,not provided
hydra-eo-data-sentinel-2-seriestiffs_alfalfa_site1-se2_sr_2022-01-28-10_18_28.tif,SE2_SR_2022-01-28 10_18_28.tif,raster,3789420,local_untracked,False,1,not provided,EPSG:4326,incomplete,not provided
hydra-eo-data-sentinel-2-seriestiffs_alfalfa_site2-se2_sr_2022-01-28-10_18_28.tif,SE2_SR_2022-01-28 10_18_28.tif,raster,3606822,local_untracked,False,1,not provided,EPSG:4326,incomplete,not provided
hydra-eo-data-sentinel-2-series-chaparrillo-se2_sr_2022-01-28-11_10_15.tif,SE2_SR_2022-01-28 11_10_15.tif,raster,4166846,local_untracked,False,1,not provided,EPSG:4326,incomplete,not provided
hydra-eo-data-sentinel-2-series-lelystad-se2_sr_2022-01-30-10_56_23.tif,SE2_SR_2022-01-30 10_56_23.tif,raster,3432232,local_untracked,False,1,not provided,EPSG:4326,incomplete,not provided
hydra-eo-data-sentinel-2-series-chaparrillo-se2_sr_2022-01-31-11_20_11.tif,SE2_SR_2022-01-31 11_20_11.tif,raster,4062294,local_untracked,False,1,not provided,EPSG:4326,incomplete,not provided
hydra-eo-data-sentinel-2-seriestiffs_alfalfa_site1-se2_sr_2022-02-02-10_18_22.tif,SE2_SR_2022-02-02 10_18_22.tif,raster,3858771,local_untracked,False,1,not provided,EPSG:4326,incomplete,not provided
hydra-eo-data-sentinel-2-seriestiffs_alfalfa_site2-se2_sr_2022-02-02-10_18_22.tif,SE2_SR_2022-02-02 10_18_22.tif,raster,3842444,local_untracked,False,1,not provided,EPSG:4326,incomplete,not provided
hydra-eo-data-sentinel-2-series-chaparrillo-se2_sr_2022-02-02-11_10_21.tif,SE2_SR_2022-02-02 11_10_21.tif,raster,4191654,local_untracked,False,1,not provided,EPSG:4326,incomplete,not provided
hydra-eo-data-sentinel-2-seriestiffs_alfalfa_site1-se2_sr_2022-02-05-10_28_18.tif,SE2_SR_2022-02-05 10_28_18.tif,raster,3480811,local_untracked,False,1,not provided,EPSG:4326,incomplete,not provided
hydra-eo-data-sentinel-2-seriestiffs_alfalfa_site2-se2_sr_2022-02-05-10_28_18.tif,SE2_SR_2022-02-05 10_28_18.tif,raster,3773365,local_untracked,False,1,not provided,EPSG:4326,incomplete,not provided
hydra-eo-data-sentinel-2-series-chaparrillo-se2_sr_2022-02-05-11_20_16.tif,SE2_SR_2022-02-05 11_20_16.tif,raster,4232830,local_untracked,False,1,not provided,EPSG:4326,incomplete,not provided
hydra-eo-data-sentinel-2-seriestiffs_alfalfa_site1-se2_sr_2022-02-07-10_18_27.tif,SE2_SR_2022-02-07 10_18_27.tif,raster,3804536,local_untracked,False,1,not provided,EPSG:4326,incomplete,not provided
hydra-eo-data-sentinel-2-seriestiffs_alfalfa_site2-se2_sr_2022-02-07-10_18_27.tif,SE2_SR_2022-02-07 10_18_27.tif,raster,3929074,local_untracked,False,1,not provided,EPSG:4326,incomplete,not provided
hydra-eo-data-sentinel-2-series-chaparrillo-se2_sr_2022-02-07-11_10_15.tif,SE2_SR_2022-02-07 11_10_15.tif,raster,4180850,local_untracked,False,1,not provided,EPSG:4326,incomplete,not provided
hydra-eo-data-sentinel-2-seriestiffs_alfalfa_site1-se2_sr_2022-02-10-10_28_23.tif,SE2_SR_2022-02-10 10_28_23.tif,raster,3802033,local_untracked,False,1,not provided,EPSG:4326,incomplete,not provided
hydra-eo-data-sentinel-2-seriestiffs_alfalfa_site2-se2_sr_2022-02-10-10_28_23.tif,SE2_SR_2022-02-10 10_28_23.tif,raster,3791078,local_untracked,False,1,not provided,EPSG:4326,incomplete,not provided
hydra-eo-data-sentinel-2-series-chaparrillo-se2_sr_2022-02-10-11_20_11.tif,SE2_SR_2022-02-10 11_20_11.tif,raster,4098662,local_untracked,False,1,not provided,EPSG:4326,incomplete,not provided
hydra-eo-data-sentinel-2-series-lelystad-se2_sr_2022-02-11-10_46_19.tif,SE2_SR_2022-02-11 10_46_19.tif,raster,3258821,local_untracked,False,1,not provided,EPSG:4326,incomplete,not provided
hydra-eo-data-sentinel-2-seriestiffs_alfalfa_site1-se2_sr_2022-02-12-10_18_22.tif,SE2_SR_2022-02-12 10_18_22.tif,raster,3860688,local_untracked,False,1,not provided,EPSG:4326,incomplete,not provided
hydra-eo-data-sentinel-2-seriestiffs_alfalfa_site2-se2_sr_2022-02-12-10_18_22.tif,SE2_SR_2022-02-12 10_18_22.tif,raster,3788779,local_untracked,False,1,not provided,EPSG:4326,incomplete,not provided
hydra-eo-data-sentinel-2-series-chaparrillo-se2_sr_2022-02-12-11_10_21.tif,SE2_SR_2022-02-12 11_10_21.tif,raster,4093373,local_untracked,False,1,not provided,EPSG:4326,incomplete,not provided
hydra-eo-data-sentinel-2-series-chaparrillo-se2_sr_2022-02-15-11_20_17.tif,SE2_SR_2022-02-15 11_20_17.tif,raster,4168220,local_untracked,False,1,not provided,EPSG:4326,incomplete,not provided
hydra-eo-data-sentinel-2-seriestiffs_alfalfa_site1-se2_sr_2022-02-17-10_18_29.tif,SE2_SR_2022-02-17 10_18_29.tif,raster,3842684,local_untracked,False,1,not provided,EPSG:4326,incomplete,not provided
hydra-eo-data-sentinel-2-seriestiffs_alfalfa_site2-se2_sr_2022-02-17-10_18_29.tif,SE2_SR_2022-02-17 10_18_29.tif,raster,3857227,local_untracked,False,1,not provided,EPSG:4326,incomplete,not provided
hydra-eo-data-sentinel-2-series-chaparrillo-se2_sr_2022-02-17-11_10_15.tif,SE2_SR_2022-02-17 11_10_15.tif,raster,4183714,local_untracked,False,1,not provided,EPSG:4326,incomplete,not provided
hydra-eo-data-sentinel-2-series-lelystad-se2_sr_2022-02-19-10_56_24.tif,SE2_SR_2022-02-19 10_56_24.tif,raster,3292585,local_untracked,False,1,not provided,EPSG:4326,incomplete,not provided
hydra-eo-data-sentinel-2-seriestiffs_alfalfa_site1-se2_sr_2022-02-20-10_28_26.tif,SE2_SR_2022-02-20 10_28_26.tif,raster,3909854,local_untracked,False,1,not provided,EPSG:4326,incomplete,not provided
hydra-eo-data-sentinel-2-seriestiffs_alfalfa_site2-se2_sr_2022-02-20-10_28_26.tif,SE2_SR_2022-02-20 10_28_26.tif,raster,3782894,local_untracked,False,1,not provided,EPSG:4326,incomplete,not provided
hydra-eo-data-sentinel-2-series-chaparrillo-se2_sr_2022-02-20-11_20_11.tif,SE2_SR_2022-02-20 11_20_11.tif,raster,4166052,local_untracked,False,1,not provided,EPSG:4326,incomplete,not provided
hydra-eo-data-sentinel-2-seriestiffs_alfalfa_site1-se2_sr_2022-02-22-10_18_23.tif,SE2_SR_2022-02-22 10_18_23.tif,raster,3921082,local_untracked,False,1,not provided,EPSG:4326,incomplete,not provided
hydra-eo-data-sentinel-2-seriestiffs_alfalfa_site2-se2_sr_2022-02-22-10_18_23.tif,SE2_SR_2022-02-22 10_18_23.tif,raster,3896473,local_untracked,False,1,not provided,EPSG:4326,incomplete,not provided
hydra-eo-data-sentinel-2-series-chaparrillo-se2_sr_2022-02-22-11_10_23.tif,SE2_SR_2022-02-22 11_10_23.tif,raster,4206233,local_untracked,False,1,not provided,EPSG:4326,incomplete,not provided
hydra-eo-data-sentinel-2-seriestiffs_alfalfa_site1-se2_sr_2022-02-25-10_28_20.tif,SE2_SR_2022-02-25 10_28_20.tif,raster,3817509,local_untracked,False,1,not provided,EPSG:4326,incomplete,not provided
hydra-eo-data-sentinel-2-seriestiffs_alfalfa_site2-se2_sr_2022-02-25-10_28_20.tif,SE2_SR_2022-02-25 10_28_20.tif,raster,3846848,local_untracked,False,1,not provided,EPSG:4326,incomplete,not provided
hydra-eo-data-sentinel-2-series-lelystad-se2_sr_2022-02-26-10_46_28.tif,SE2_SR_2022-02-26 10_46_28.tif,raster,3196487,local_untracked,False,1,not provided,EPSG:4326,incomplete,not provided
hydra-eo-data-sentinel-2-seriestiffs_alfalfa_site1-se2_sr_2022-02-27-10_18_31.tif,SE2_SR_2022-02-27 10_18_31.tif,raster,3936108,local_untracked,False,1,not provided,EPSG:4326,incomplete,not provided
hydra-eo-data-sentinel-2-seriestiffs_alfalfa_site2-se2_sr_2022-02-27-10_18_31.tif,SE2_SR_2022-02-27 10_18_31.tif,raster,3883085,local_untracked,False,1,not provided,EPSG:4326,incomplete,not provided
hydra-eo-data-sentinel-2-series-chaparrillo-se2_sr_2022-02-27-11_10_17.tif,SE2_SR_2022-02-27 11_10_17.tif,raster,4145137,local_untracked,False,1,not provided,EPSG:4326,incomplete,not provided
hydra-eo-data-sentinel-2-seriestiffs_alfalfa_site1-se2_sr_2022-03-02-10_28_27.tif,SE2_SR_2022-03-02 10_28_27.tif,raster,3807581,local_untracked,False,1,not provided,EPSG:4326,incomplete,not provided
hydra-eo-data-sentinel-2-seriestiffs_alfalfa_site2-se2_sr_2022-03-02-10_28_27.tif,SE2_SR_2022-03-02 10_28_27.tif,raster,3861557,local_untracked,False,1,not provided,EPSG:4326,incomplete,not provided
hydra-eo-data-sentinel-2-series-chaparrillo-se2_sr_2022-03-02-11_20_13.tif,SE2_SR_2022-03-02 11_20_13.tif,raster,4292360,local_untracked,False,1,not provided,EPSG:4326,incomplete,not provided
hydra-eo-data-sentinel-2-series-lelystad-se2_sr_2022-03-03-10_46_22.tif,SE2_SR_2022-03-03 10_46_22.tif,raster,3258202,local_untracked,False,1,not provided,EPSG:4326,incomplete,not provided
hydra-eo-data-sentinel-2-seriestiffs_alfalfa_site1-se2_sr_2022-03-04-10_18_25.tif,SE2_SR_2022-03-04 10_18_25.tif,raster,3939054,local_untracked,False,1,not provided,EPSG:4326,incomplete,not provided
hydra-eo-data-sentinel-2-seriestiffs_alfalfa_site2-se2_sr_2022-03-04-10_18_25.tif,SE2_SR_2022-03-04 10_18_25.tif,raster,3878299,local_untracked,False,1,not provided,EPSG:4326,incomplete,not provided
hydra-eo-data-sentinel-2-series-lelystad-se2_sr_2022-03-06-10_56_20.tif,SE2_SR_2022-03-06 10_56_20.tif,raster,3298099,local_untracked,False,1,not provided,EPSG:4326,incomplete,not provided
hydra-eo-data-sentinel-2-seriestiffs_alfalfa_site1-se2_sr_2022-03-07-10_28_22.tif,SE2_SR_2022-03-07 10_28_22.tif,raster,3888092,local_untracked,False,1,not provided,EPSG:4326,incomplete,not provided
hydra-eo-data-sentinel-2-seriestiffs_alfalfa_site2-se2_sr_2022-03-07-10_28_22.tif,SE2_SR_2022-03-07 10_28_22.tif,raster,3846685,local_untracked,False,1,not provided,EPSG:4326,incomplete,not provided
hydra-eo-data-sentinel-2-series-lelystad-se2_sr_2022-03-08-10_46_29.tif,SE2_SR_2022-03-08 10_46_29.tif,raster,3338377,local_untracked,False,1,not provided,EPSG:4326,incomplete,not provided
hydra-eo-data-sentinel-2-seriestiffs_alfalfa_site1-se2_sr_2022-03-09-10_18_32.tif,SE2_SR_2022-03-09 10_18_32.tif,raster,3937743,local_untracked,False,1,not provided,EPSG:4326,incomplete,not provided
hydra-eo-data-sentinel-2-seriestiffs_alfalfa_site2-se2_sr_2022-03-09-10_18_32.tif,SE2_SR_2022-03-09 10_18_32.tif,raster,3930816,local_untracked,False,1,not provided,EPSG:4326,incomplete,not provided
hydra-eo-data-sentinel-2-series-chaparrillo-se2_sr_2022-03-09-11_10_19.tif,SE2_SR_2022-03-09 11_10_19.tif,raster,4184227,local_untracked,False,1,not provided,EPSG:4326,incomplete,not provided
hydra-eo-data-sentinel-2-series-lelystad-se2_sr_2022-03-11-10_56_27.tif,SE2_SR_2022-03-11 10_56_27.tif,raster,3321603,local_untracked,False,1,not provided,EPSG:4326,incomplete,not provided
hydra-eo-data-sentinel-2-seriestiffs_alfalfa_site1-se2_sr_2022-03-12-10_28_28.tif,SE2_SR_2022-03-12 10_28_28.tif,raster,3925457,local_untracked,False,1,not provided,EPSG:4326,incomplete,not provided
hydra-eo-data-sentinel-2-seriestiffs_alfalfa_site2-se2_sr_2022-03-12-10_28_28.tif,SE2_SR_2022-03-12 10_28_28.tif,raster,3904730,local_untracked,False,1,not provided,EPSG:4326,incomplete,not provided
hydra-eo-data-sentinel-2-series-chaparrillo-se2_sr_2022-03-12-11_20_14.tif,SE2_SR_2022-03-12 11_20_14.tif,raster,4193885,local_untracked,False,1,not provided,EPSG:4326,incomplete,not provided
hydra-eo-data-sentinel-2-seriestiffs_alfalfa_site1-se2_sr_2022-03-14-10_18_26.tif,SE2_SR_2022-03-14 10_18_26.tif,raster,3533611,local_untracked,False,1,not provided,EPSG:4326,incomplete,not provided
hydra-eo-data-sentinel-2-seriestiffs_alfalfa_site2-se2_sr_2022-03-14-10_18_26.tif,SE2_SR_2022-03-14 10_18_26.tif,raster,3829673,local_untracked,False,1,not provided,EPSG:4326,incomplete,not provided
hydra-eo-data-sentinel-2-series-lelystad-se2_sr_2022-03-16-10_56_21.tif,SE2_SR_2022-03-16 10_56_21.tif,raster,3332763,local_untracked,False,1,not provided,EPSG:4326,incomplete,not provided
hydra-eo-data-sentinel-2-series-lelystad-se2_sr_2022-03-18-10_46_29.tif,SE2_SR_2022-03-18 10_46_29.tif,raster,3324199,local_untracked,False,1,not provided,EPSG:4326,incomplete,not provided
hydra-eo-data-sentinel-2-seriestiffs_alfalfa_site1-se2_sr_2022-03-19-10_18_32.tif,SE2_SR_2022-03-19 10_18_32.tif,raster,3969539,local_untracked,False,1,not provided,EPSG:4326,incomplete,not provided
hydra-eo-data-sentinel-2-seriestiffs_alfalfa_site2-se2_sr_2022-03-19-10_18_32.tif,SE2_SR_2022-03-19 10_18_32.tif,raster,3968031,local_untracked,False,1,not provided,EPSG:4326,incomplete,not provided
hydra-eo-data-sentinel-2-series-lelystad-se2_sr_2022-03-21-10_56_26.tif,SE2_SR_2022-03-21 10_56_26.tif,raster,3327972,local_untracked,False,1,not provided,EPSG:4326,incomplete,not provided
hydra-eo-data-sentinel-2-seriestiffs_alfalfa_site1-se2_sr_2022-03-22-10_28_27.tif,SE2_SR_2022-03-22 10_28_27.tif,raster,3923611,local_untracked,False,1,not provided,EPSG:4326,incomplete,not provided
hydra-eo-data-sentinel-2-seriestiffs_alfalfa_site2-se2_sr_2022-03-22-10_28_27.tif,SE2_SR_2022-03-22 10_28_27.tif,raster,3928498,local_untracked,False,1,not provided,EPSG:4326,incomplete,not provided
hydra-eo-data-sentinel-2-series-lelystad-se2_sr_2022-03-23-10_46_23.tif,SE2_SR_2022-03-23 10_46_23.tif,raster,3308327,local_untracked,False,1,not provided,EPSG:4326,incomplete,not provided
hydra-eo-data-sentinel-2-seriestiffs_alfalfa_site1-se2_sr_2022-03-24-10_18_26.tif,SE2_SR_2022-03-24 10_18_26.tif,raster,3965046,local_untracked,False,1,not provided,EPSG:4326,incomplete,not provided
hydra-eo-data-sentinel-2-seriestiffs_alfalfa_site2-se2_sr_2022-03-24-10_18_26.tif,SE2_SR_2022-03-24 10_18_26.tif,raster,3967239,local_untracked,False,1,not provided,EPSG:4326,incomplete,not provided
hydra-eo-data-sentinel-2-series-lelystad-se2_sr_2022-03-26-10_56_20.tif,SE2_SR_2022-03-26 10_56_20.tif,raster,3324385,local_untracked,False,1,not provided,EPSG:4326,incomplete,not provided
hydra-eo-data-sentinel-2-series-chaparrillo-se2_sr_2022-03-27-11_20_19.tif,SE2_SR_2022-03-27 11_20_19.tif,raster,3937519,local_untracked,False,1,not provided,EPSG:4326,incomplete,not provided
hydra-eo-data-sentinel-2-series-lelystad-se2_sr_2022-03-28-10_46_28.tif,SE2_SR_2022-03-28 10_46_28.tif,raster,3302714,local_untracked,False,1,not provided,EPSG:4326,incomplete,not provided
hydra-eo-data-sentinel-2-series-chaparrillo-se2_sr_2022-04-01-11_20_13.tif,SE2_SR_2022-04-01 11_20_13.tif,raster,4056009,local_untracked,False,1,not provided,EPSG:4326,incomplete,not provided
hydra-eo-data-sentinel-2-series-lelystad-se2_sr_2022-04-02-10_46_22.tif,SE2_SR_2022-04-02 10_46_22.tif,raster,3340850,local_untracked,False,1,not provided,EPSG:4326,incomplete,not provided
hydra-eo-data-sentinel-2-seriestiffs_alfalfa_site1-se2_sr_2022-04-03-10_18_25.tif,SE2_SR_2022-04-03 10_18_25.tif,raster,4055204,local_untracked,False,1,not provided,EPSG:4326,incomplete,not provided
hydra-eo-data-sentinel-2-seriestiffs_alfalfa_site2-se2_sr_2022-04-03-10_18_25.tif,SE2_SR_2022-04-03 10_18_25.tif,raster,3941226,local_untracked,False,1,not provided,EPSG:4326,incomplete,not provided
hydra-eo-data-sentinel-2-series-chaparrillo-se2_sr_2022-04-03-11_10_23.tif,SE2_SR_2022-04-03 11_10_23.tif,raster,4175541,local_untracked,False,1,not provided,EPSG:4326,incomplete,not provided
hydra-eo-data-sentinel-2-series-chaparrillo-se2_sr_2022-04-06-11_20_17.tif,SE2_SR_2022-04-06 11_20_17.tif,raster,4248104,local_untracked,False,1,not provided,EPSG:4326,incomplete,not provided
hydra-eo-data-sentinel-2-seriestiffs_alfalfa_site1-se2_sr_2022-04-08-10_18_29.tif,SE2_SR_2022-04-08 10_18_29.tif,raster,3987670,local_untracked,False,1,not provided,EPSG:4326,incomplete,not provided
hydra-eo-data-sentinel-2-seriestiffs_alfalfa_site2-se2_sr_2022-04-08-10_18_29.tif,SE2_SR_2022-04-08 10_18_29.tif,raster,4013550,local_untracked,False,1,not provided,EPSG:4326,incomplete,not provided
hydra-eo-data-sentinel-2-series-lelystad-se2_sr_2022-04-10-10_56_24.tif,SE2_SR_2022-04-10 10_56_24.tif,raster,3320530,local_untracked,False,1,not provided,EPSG:4326,incomplete,not provided
hydra-eo-data-sentinel-2-seriestiffs_alfalfa_site1-se2_sr_2022-04-11-10_28_26.tif,SE2_SR_2022-04-11 10_28_26.tif,raster,3958952,local_untracked,False,1,not provided,EPSG:4326,incomplete,not provided
hydra-eo-data-sentinel-2-seriestiffs_alfalfa_site2-se2_sr_2022-04-11-10_28_26.tif,SE2_SR_2022-04-11 10_28_26.tif,raster,3979585,local_untracked,False,1,not provided,EPSG:4326,incomplete,not provided
hydra-eo-data-sentinel-2-seriestiffs_alfalfa_site1-se2_sr_2022-04-13-10_18_24.tif,SE2_SR_2022-04-13 10_18_24.tif,raster,3984516,local_untracked,False,1,not provided,EPSG:4326,incomplete,not provided
hydra-eo-data-sentinel-2-seriestiffs_alfalfa_site2-se2_sr_2022-04-13-10_18_24.tif,SE2_SR_2022-04-13 10_18_24.tif,raster,4008260,local_untracked,False,1,not provided,EPSG:4326,incomplete,not provided
hydra-eo-data-sentinel-2-series-chaparrillo-se2_sr_2022-04-13-11_10_24.tif,SE2_SR_2022-04-13 11_10_24.tif,raster,4213259,local_untracked,False,1,not provided,EPSG:4326,incomplete,not provided
hydra-eo-data-sentinel-2-seriestiffs_alfalfa_site1-se2_sr_2022-04-16-10_28_20.tif,SE2_SR_2022-04-16 10_28_20.tif,raster,3963424,local_untracked,False,1,not provided,EPSG:4326,incomplete,not provided
hydra-eo-data-sentinel-2-seriestiffs_alfalfa_site2-se2_sr_2022-04-16-10_28_20.tif,SE2_SR_2022-04-16 10_28_20.tif,raster,3950418,local_untracked,False,1,not provided,EPSG:4326,incomplete,not provided
hydra-eo-data-sentinel-2-series-chaparrillo-se2_sr_2022-04-16-11_20_20.tif,SE2_SR_2022-04-16 11_20_20.tif,raster,4147849,local_untracked,False,1,not provided,EPSG:4326,incomplete,not provided
hydra-eo-data-sentinel-2-series-lelystad-se2_sr_2022-04-17-10_46_29.tif,SE2_SR_2022-04-17 10_46_29.tif,raster,3370164,local_untracked,False,1,not provided,EPSG:4326,incomplete,not provided
hydra-eo-data-sentinel-2-seriestiffs_alfalfa_site1-se2_sr_2022-04-18-10_18_32.tif,SE2_SR_2022-04-18 10_18_32.tif,raster,4003726,local_untracked,False,1,not provided,EPSG:4326,incomplete,not provided
hydra-eo-data-sentinel-2-seriestiffs_alfalfa_site2-se2_sr_2022-04-18-10_18_32.tif,SE2_SR_2022-04-18 10_18_32.tif,raster,4014855,local_untracked,False,1,not provided,EPSG:4326,incomplete,not provided
hydra-eo-data-sentinel-2-series-chaparrillo-se2_sr_2022-04-18-11_10_17.tif,SE2_SR_2022-04-18 11_10_17.tif,raster,4240115,local_untracked,False,1,not provided,EPSG:4326,incomplete,not provided
hydra-eo-data-sentinel-2-series-lelystad-se2_sr_2022-04-20-10_56_27.tif,SE2_SR_2022-04-20 10_56_27.tif,raster,3391912,local_untracked,False,1,not provided,EPSG:4326,incomplete,not provided
hydra-eo-data-sentinel-2-series-chaparrillo-se2_sr_2022-04-21-11_20_11.tif,SE2_SR_2022-04-21 11_20_11.tif,raster,4144892,local_untracked,False,1,not provided,EPSG:4326,incomplete,not provided
hydra-eo-data-sentinel-2-series-lelystad-se2_sr_2022-04-22-10_46_20.tif,SE2_SR_2022-04-22 10_46_20.tif,raster,3392290,local_untracked,False,1,not provided,EPSG:4326,incomplete,not provided
hydra-eo-data-sentinel-2-series-chaparrillo-se2_sr_2022-04-23-11_10_26.tif,SE2_SR_2022-04-23 11_10_26.tif,raster,4255360,local_untracked,False,1,not provided,EPSG:4326,incomplete,not provided
hydra-eo-data-sentinel-2-seriestiffs_alfalfa_site1-se2_sr_2022-04-26-10_28_17.tif,SE2_SR_2022-04-26 10_28_17.tif,raster,3905586,local_untracked,False,1,not provided,EPSG:4326,incomplete,not provided
hydra-eo-data-sentinel-2-seriestiffs_alfalfa_site2-se2_sr_2022-04-26-10_28_17.tif,SE2_SR_2022-04-26 10_28_17.tif,raster,4084539,local_untracked,False,1,not provided,EPSG:4326,incomplete,not provided
hydra-eo-data-sentinel-2-series-chaparrillo-se2_sr_2022-04-26-11_20_21.tif,SE2_SR_2022-04-26 11_20_21.tif,raster,4085960,local_untracked,False,1,not provided,EPSG:4326,incomplete,not provided
hydra-eo-data-sentinel-2-seriestiffs_alfalfa_site1-se2_sr_2022-04-28-10_18_33.tif,SE2_SR_2022-04-28 10_18_33.tif,raster,3994466,local_untracked,False,1,not provided,EPSG:4326,incomplete,not provided
hydra-eo-data-sentinel-2-seriestiffs_alfalfa_site2-se2_sr_2022-04-28-10_18_33.tif,SE2_SR_2022-04-28 10_18_33.tif,raster,4004840,local_untracked,False,1,not provided,EPSG:4326,incomplete,not provided
hydra-eo-data-sentinel-2-seriestiffs_alfalfa_site1-se2_sr_2022-05-01-10_28_29.tif,SE2_SR_2022-05-01 10_28_29.tif,raster,3981223,local_untracked,False,1,not provided,EPSG:4326,incomplete,not provided
hydra-eo-data-sentinel-2-seriestiffs_alfalfa_site2-se2_sr_2022-05-01-10_28_29.tif,SE2_SR_2022-05-01 10_28_29.tif,raster,3977987,local_untracked,False,1,not provided,EPSG:4326,incomplete,not provided
hydra-eo-data-sentinel-2-series-chaparrillo-se2_sr_2022-05-01-11_20_10.tif,SE2_SR_2022-05-01 11_20_10.tif,raster,4169810,local_untracked,False,1,not provided,EPSG:4326,incomplete,not provided
hydra-eo-data-sentinel-2-series-lelystad-se2_sr_2022-05-02-10_46_20.tif,SE2_SR_2022-05-02 10_46_20.tif,raster,3397716,local_untracked,False,1,not provided,EPSG:4326,incomplete,not provided
hydra-eo-data-sentinel-2-seriestiffs_alfalfa_site1-se2_sr_2022-05-03-10_18_23.tif,SE2_SR_2022-05-03 10_18_23.tif,raster,3721742,local_untracked,False,1,not provided,EPSG:4326,incomplete,not provided
hydra-eo-data-sentinel-2-seriestiffs_alfalfa_site2-se2_sr_2022-05-03-10_18_23.tif,SE2_SR_2022-05-03 10_18_23.tif,raster,3923660,local_untracked,False,1,not provided,EPSG:4326,incomplete,not provided
hydra-eo-data-sentinel-2-series-chaparrillo-se2_sr_2022-05-03-11_10_26.tif,SE2_SR_2022-05-03 11_10_26.tif,raster,4119664,local_untracked,False,1,not provided,EPSG:4326,incomplete,not provided
hydra-eo-data-sentinel-2-series-chaparrillo-se2_sr_2022-05-06-11_20_21.tif,SE2_SR_2022-05-06 11_20_21.tif,raster,4154605,local_untracked,False,1,not provided,EPSG:4326,incomplete,not provided
hydra-eo-data-sentinel-2-series-lelystad-se2_sr_2022-05-07-10_46_30.tif,SE2_SR_2022-05-07 10_46_30.tif,raster,3465651,local_untracked,False,1,not provided,EPSG:4326,incomplete,not provided
hydra-eo-data-sentinel-2-series-chaparrillo-se2_sr_2022-05-08-11_10_18.tif,SE2_SR_2022-05-08 11_10_18.tif,raster,4182093,local_untracked,False,1,not provided,EPSG:4326,incomplete,not provided
hydra-eo-data-sentinel-2-seriestiffs_alfalfa_site1-se2_sr_2022-05-11-10_28_28.tif,SE2_SR_2022-05-11 10_28_28.tif,raster,3933245,local_untracked,False,1,not provided,EPSG:4326,incomplete,not provided
hydra-eo-data-sentinel-2-seriestiffs_alfalfa_site2-se2_sr_2022-05-11-10_28_28.tif,SE2_SR_2022-05-11 10_28_28.tif,raster,3947100,local_untracked,False,1,not provided,EPSG:4326,incomplete,not provided
hydra-eo-data-sentinel-2-series-chaparrillo-se2_sr_2022-05-11-11_20_14.tif,SE2_SR_2022-05-11 11_20_14.tif,raster,4195194,local_untracked,False,1,not provided,EPSG:4326,incomplete,not provided
hydra-eo-data-sentinel-2-series-lelystad-se2_sr_2022-05-12-10_46_23.tif,SE2_SR_2022-05-12 10_46_23.tif,raster,3397893,local_untracked,False,1,not provided,EPSG:4326,incomplete,not provided
hydra-eo-data-sentinel-2-seriestiffs_alfalfa_site1-se2_sr_2022-05-13-10_18_26.tif,SE2_SR_2022-05-13 10_18_26.tif,raster,3979990,local_untracked,False,1,not provided,EPSG:4326,incomplete,not provided
hydra-eo-data-sentinel-2-seriestiffs_alfalfa_site2-se2_sr_2022-05-13-10_18_26.tif,SE2_SR_2022-05-13 10_18_26.tif,raster,3983280,local_untracked,False,1,not provided,EPSG:4326,incomplete,not provided
hydra-eo-data-sentinel-2-series-chaparrillo-se2_sr_2022-05-13-11_10_25.tif,SE2_SR_2022-05-13 11_10_25.tif,raster,4198319,local_untracked,False,1,not provided,EPSG:4326,incomplete,not provided
hydra-eo-data-sentinel-2-series-lelystad-se2_sr_2022-05-15-10_56_21.tif,SE2_SR_2022-05-15 10_56_21.tif,raster,3372013,local_untracked,False,1,not provided,EPSG:4326,incomplete,not provided
hydra-eo-data-sentinel-2-seriestiffs_alfalfa_site1-se2_sr_2022-05-16-10_28_23.tif,SE2_SR_2022-05-16 10_28_23.tif,raster,3934713,local_untracked,False,1,not provided,EPSG:4326,incomplete,not provided
hydra-eo-data-sentinel-2-seriestiffs_alfalfa_site2-se2_sr_2022-05-16-10_28_23.tif,SE2_SR_2022-05-16 10_28_23.tif,raster,3943948,local_untracked,False,1,not provided,EPSG:4326,incomplete,not provided
hydra-eo-data-sentinel-2-series-chaparrillo-se2_sr_2022-05-16-11_20_21.tif,SE2_SR_2022-05-16 11_20_21.tif,raster,4169751,local_untracked,False,1,not provided,EPSG:4326,incomplete,not provided
hydra-eo-data-sentinel-2-series-lelystad-se2_sr_2022-05-17-10_46_30.tif,SE2_SR_2022-05-17 10_46_30.tif,raster,3050212,local_untracked,False,1,not provided,EPSG:4326,incomplete,not provided
hydra-eo-data-sentinel-2-seriestiffs_alfalfa_site1-se2_sr_2022-05-18-10_18_34.tif,SE2_SR_2022-05-18 10_18_34.tif,raster,3974066,local_untracked,False,1,not provided,EPSG:4326,incomplete,not provided
hydra-eo-data-sentinel-2-seriestiffs_alfalfa_site2-se2_sr_2022-05-18-10_18_34.tif,SE2_SR_2022-05-18 10_18_34.tif,raster,3996992,local_untracked,False,1,not provided,EPSG:4326,incomplete,not provided
hydra-eo-data-sentinel-2-series-chaparrillo-se2_sr_2022-05-18-11_10_21.tif,SE2_SR_2022-05-18 11_10_21.tif,raster,4147559,local_untracked,False,1,not provided,EPSG:4326,incomplete,not provided
hydra-eo-data-sentinel-2-seriestiffs_alfalfa_site1-se2_sr_2022-05-21-10_28_31.tif,SE2_SR_2022-05-21 10_28_31.tif,raster,3920816,local_untracked,False,1,not provided,EPSG:4326,incomplete,not provided
hydra-eo-data-sentinel-2-seriestiffs_alfalfa_site2-se2_sr_2022-05-21-10_28_31.tif,SE2_SR_2022-05-21 10_28_31.tif,raster,3933119,local_untracked,False,1,not provided,EPSG:4326,incomplete,not provided
hydra-eo-data-sentinel-2-series-lelystad-se2_sr_2022-05-22-10_46_25.tif,SE2_SR_2022-05-22 10_46_25.tif,raster,3336702,local_untracked,False,1,not provided,EPSG:4326,incomplete,not provided
hydra-eo-data-sentinel-2-seriestiffs_alfalfa_site1-se2_sr_2022-05-23-10_18_28.tif,SE2_SR_2022-05-23 10_18_28.tif,raster,3818050,local_untracked,False,1,not provided,EPSG:4326,incomplete,not provided
hydra-eo-data-sentinel-2-seriestiffs_alfalfa_site2-se2_sr_2022-05-23-10_18_28.tif,SE2_SR_2022-05-23 10_18_28.tif,raster,3975807,local_untracked,False,1,not provided,EPSG:4326,incomplete,not provided
hydra-eo-data-sentinel-2-series-chaparrillo-se2_sr_2022-05-23-11_10_28.tif,SE2_SR_2022-05-23 11_10_28.tif,raster,4104938,local_untracked,False,1,not provided,EPSG:4326,incomplete,not provided
hydra-eo-data-sentinel-2-series-lelystad-se2_sr_2022-05-25-10_56_23.tif,SE2_SR_2022-05-25 10_56_23.tif,raster,3229956,local_untracked,False,1,not provided,EPSG:4326,incomplete,not provided
hydra-eo-data-sentinel-2-series-chaparrillo-se2_sr_2022-05-26-11_20_24.tif,SE2_SR_2022-05-26 11_20_24.tif,raster,4096844,local_untracked,False,1,not provided,EPSG:4326,incomplete,not provided
hydra-eo-data-sentinel-2-series-lelystad-se2_sr_2022-05-27-10_46_33.tif,SE2_SR_2022-05-27 10_46_33.tif,raster,3499201,local_untracked,False,1,not provided,EPSG:4326,incomplete,not provided
hydra-eo-data-sentinel-2-seriestiffs_alfalfa_site1-se2_sr_2022-05-28-10_18_36.tif,SE2_SR_2022-05-28 10_18_36.tif,raster,3968413,local_untracked,False,1,not provided,EPSG:4326,incomplete,not provided
hydra-eo-data-sentinel-2-seriestiffs_alfalfa_site2-se2_sr_2022-05-28-10_18_36.tif,SE2_SR_2022-05-28 10_18_36.tif,raster,4036933,local_untracked,False,1,not provided,EPSG:4326,incomplete,not provided
hydra-eo-data-sentinel-2-series-chaparrillo-se2_sr_2022-05-28-11_10_21.tif,SE2_SR_2022-05-28 11_10_21.tif,raster,4082367,local_untracked,False,1,not provided,EPSG:4326,incomplete,not provided
hydra-eo-data-sentinel-2-series-lelystad-se2_sr_2022-05-30-10_56_30.tif,SE2_SR_2022-05-30 10_56_30.tif,raster,3455794,local_untracked,False,1,not provided,EPSG:4326,incomplete,not provided
hydra-eo-data-sentinel-2-seriestiffs_alfalfa_site1-se2_sr_2022-05-31-10_28_32.tif,SE2_SR_2022-05-31 10_28_32.tif,raster,4062582,local_untracked,False,1,not provided,EPSG:4326,incomplete,not provided
hydra-eo-data-sentinel-2-seriestiffs_alfalfa_site2-se2_sr_2022-05-31-10_28_32.tif,SE2_SR_2022-05-31 10_28_32.tif,raster,4059371,local_untracked,False,1,not provided,EPSG:4326,incomplete,not provided
hydra-eo-data-sentinel-2-series-chaparrillo-se2_sr_2022-05-31-11_20_16.tif,SE2_SR_2022-05-31 11_20_16.tif,raster,4092708,local_untracked,False,1,not provided,EPSG:4326,incomplete,not provided
hydra-eo-data-sentinel-2-series-lelystad-se2_sr_2022-06-01-10_46_25.tif,SE2_SR_2022-06-01 10_46_25.tif,raster,3406449,local_untracked,False,1,not provided,EPSG:4326,incomplete,not provided
hydra-eo-data-sentinel-2-seriestiffs_alfalfa_site1-se2_sr_2022-06-02-10_18_28.tif,SE2_SR_2022-06-02 10_18_28.tif,raster,3951899,local_untracked,False,1,not provided,EPSG:4326,incomplete,not provided
hydra-eo-data-sentinel-2-seriestiffs_alfalfa_site2-se2_sr_2022-06-02-10_18_28.tif,SE2_SR_2022-06-02 10_18_28.tif,raster,3993039,local_untracked,False,1,not provided,EPSG:4326,incomplete,not provided
hydra-eo-data-sentinel-2-series-chaparrillo-se2_sr_2022-06-02-11_10_29.tif,SE2_SR_2022-06-02 11_10_29.tif,raster,4064296,local_untracked,False,1,not provided,EPSG:4326,incomplete,not provided
hydra-eo-data-sentinel-2-series-lelystad-se2_sr_2022-06-04-10_56_23.tif,SE2_SR_2022-06-04 10_56_23.tif,raster,3326048,local_untracked,False,1,not provided,EPSG:4326,incomplete,not provided
hydra-eo-data-sentinel-2-seriestiffs_alfalfa_site1-se2_sr_2022-06-05-10_28_25.tif,SE2_SR_2022-06-05 10_28_25.tif,raster,3997184,local_untracked,False,1,not provided,EPSG:4326,incomplete,not provided
hydra-eo-data-sentinel-2-seriestiffs_alfalfa_site2-se2_sr_2022-06-05-10_28_25.tif,SE2_SR_2022-06-05 10_28_25.tif,raster,3570619,local_untracked,False,1,not provided,EPSG:4326,incomplete,not provided
hydra-eo-data-sentinel-2-series-chaparrillo-se2_sr_2022-06-05-11_20_24.tif,SE2_SR_2022-06-05 11_20_24.tif,raster,4112390,local_untracked,False,1,not provided,EPSG:4326,incomplete,not provided
hydra-eo-data-sentinel-2-seriestiffs_alfalfa_site1-se2_sr_2022-06-07-10_18_36.tif,SE2_SR_2022-06-07 10_18_36.tif,raster,3977743,local_untracked,False,1,not provided,EPSG:4326,incomplete,not provided
hydra-eo-data-sentinel-2-seriestiffs_alfalfa_site2-se2_sr_2022-06-07-10_18_36.tif,SE2_SR_2022-06-07 10_18_36.tif,raster,4043835,local_untracked,False,1,not provided,EPSG:4326,incomplete,not provided
hydra-eo-data-sentinel-2-series-chaparrillo-se2_sr_2022-06-07-11_10_22.tif,SE2_SR_2022-06-07 11_10_22.tif,raster,4121591,local_untracked,False,1,not provided,EPSG:4326,incomplete,not provided
hydra-eo-data-sentinel-2-series-lelystad-se2_sr_2022-06-09-10_56_31.tif,SE2_SR_2022-06-09 10_56_31.tif,raster,3415156,local_untracked,False,1,not provided,EPSG:4326,incomplete,not provided
hydra-eo-data-sentinel-2-seriestiffs_alfalfa_site1-se2_sr_2022-06-10-10_28_33.tif,SE2_SR_2022-06-10 10_28_33.tif,raster,4038881,local_untracked,False,1,not provided,EPSG:4326,incomplete,not provided
hydra-eo-data-sentinel-2-seriestiffs_alfalfa_site2-se2_sr_2022-06-10-10_28_33.tif,SE2_SR_2022-06-10 10_28_33.tif,raster,3989908,local_untracked,False,1,not provided,EPSG:4326,incomplete,not provided
hydra-eo-data-sentinel-2-series-chaparrillo-se2_sr_2022-06-10-11_20_19.tif,SE2_SR_2022-06-10 11_20_19.tif,raster,4146326,local_untracked,False,1,not provided,EPSG:4326,incomplete,not provided
hydra-eo-data-sentinel-2-series-lelystad-se2_sr_2022-06-11-10_46_28.tif,SE2_SR_2022-06-11 10_46_28.tif,raster,3420966,local_untracked,False,1,not provided,EPSG:4326,incomplete,not provided
hydra-eo-data-sentinel-2-seriestiffs_alfalfa_site1-se2_sr_2022-06-12-10_18_31.tif,SE2_SR_2022-06-12 10_18_31.tif,raster,3975909,local_untracked,False,1,not provided,EPSG:4326,incomplete,not provided
hydra-eo-data-sentinel-2-seriestiffs_alfalfa_site2-se2_sr_2022-06-12-10_18_31.tif,SE2_SR_2022-06-12 10_18_31.tif,raster,3990436,local_untracked,False,1,not provided,EPSG:4326,incomplete,not provided
hydra-eo-data-sentinel-2-series-chaparrillo-se2_sr_2022-06-12-11_10_31.tif,SE2_SR_2022-06-12 11_10_31.tif,raster,4142994,local_untracked,False,1,not provided,EPSG:4326,incomplete,not provided
hydra-eo-data-sentinel-2-series-lelystad-se2_sr_2022-06-14-10_56_26.tif,SE2_SR_2022-06-14 10_56_26.tif,raster,3470373,local_untracked,False,1,not provided,EPSG:4326,incomplete,not provided
hydra-eo-data-sentinel-2-seriestiffs_alfalfa_site1-se2_sr_2022-06-15-10_28_28.tif,SE2_SR_2022-06-15 10_28_28.tif,raster,3937213,local_untracked,False,1,not provided,EPSG:4326,incomplete,not provided
hydra-eo-data-sentinel-2-seriestiffs_alfalfa_site2-se2_sr_2022-06-15-10_28_28.tif,SE2_SR_2022-06-15 10_28_28.tif,raster,3919998,local_untracked,False,1,not provided,EPSG:4326,incomplete,not provided
hydra-eo-data-sentinel-2-series-lelystad-se2_sr_2022-06-16-10_46_36.tif,SE2_SR_2022-06-16 10_46_36.tif,raster,3408600,local_untracked,False,1,not provided,EPSG:4326,incomplete,not provided
hydra-eo-data-sentinel-2-seriestiffs_alfalfa_site1-se2_sr_2022-06-17-10_18_39.tif,SE2_SR_2022-06-17 10_18_39.tif,raster,3744004,local_untracked,False,1,not provided,EPSG:4326,incomplete,not provided
hydra-eo-data-sentinel-2-seriestiffs_alfalfa_site2-se2_sr_2022-06-17-10_18_39.tif,SE2_SR_2022-06-17 10_18_39.tif,raster,3869818,local_untracked,False,1,not provided,EPSG:4326,incomplete,not provided
hydra-eo-data-sentinel-2-series-chaparrillo-se2_sr_2022-06-17-11_10_25.tif,SE2_SR_2022-06-17 11_10_25.tif,raster,3867418,local_untracked,False,1,not provided,EPSG:4326,incomplete,not provided
hydra-eo-data-sentinel-2-seriestiffs_alfalfa_site1-se2_sr_2022-06-20-10_28_36.tif,SE2_SR_2022-06-20 10_28_36.tif,raster,3904938,local_untracked,False,1,not provided,EPSG:4326,incomplete,not provided
hydra-eo-data-sentinel-2-seriestiffs_alfalfa_site2-se2_sr_2022-06-20-10_28_36.tif,SE2_SR_2022-06-20 10_28_36.tif,raster,3922391,local_untracked,False,1,not provided,EPSG:4326,incomplete,not provided
hydra-eo-data-sentinel-2-series-chaparrillo-se2_sr_2022-06-20-11_20_21.tif,SE2_SR_2022-06-20 11_20_21.tif,raster,4175124,local_untracked,False,1,not provided,EPSG:4326,incomplete,not provided
hydra-eo-data-sentinel-2-series-lelystad-se2_sr_2022-06-21-10_46_30.tif,SE2_SR_2022-06-21 10_46_30.tif,raster,3325620,local_untracked,False,1,not provided,EPSG:4326,incomplete,not provided
hydra-eo-data-sentinel-2-series-chaparrillo-se2_sr_2022-06-22-11_10_33.tif,SE2_SR_2022-06-22 11_10_33.tif,raster,4298047,local_untracked,False,1,not provided,EPSG:4326,incomplete,not provided
hydra-eo-data-sentinel-2-seriestiffs_alfalfa_site1-se2_sr_2022-06-25-10_28_29.tif,SE2_SR_2022-06-25 10_28_29.tif,raster,3959617,local_untracked,False,1,not provided,EPSG:4326,incomplete,not provided
hydra-eo-data-sentinel-2-seriestiffs_alfalfa_site2-se2_sr_2022-06-25-10_28_29.tif,SE2_SR_2022-06-25 10_28_29.tif,raster,3998074,local_untracked,False,1,not provided,EPSG:4326,incomplete,not provided
hydra-eo-data-sentinel-2-series-chaparrillo-se2_sr_2022-06-25-11_20_29.tif,SE2_SR_2022-06-25 11_20_29.tif,raster,4190787,local_untracked,False,1,not provided,EPSG:4326,incomplete,not provided
hydra-eo-data-sentinel-2-seriestiffs_alfalfa_site1-se2_sr_2022-06-27-10_18_41.tif,SE2_SR_2022-06-27 10_18_41.tif,raster,4020730,local_untracked,False,1,not provided,EPSG:4326,incomplete,not provided
hydra-eo-data-sentinel-2-seriestiffs_alfalfa_site2-se2_sr_2022-06-27-10_18_41.tif,SE2_SR_2022-06-27 10_18_41.tif,raster,4009027,local_untracked,False,1,not provided,EPSG:4326,incomplete,not provided
hydra-eo-data-sentinel-2-series-chaparrillo-se2_sr_2022-06-27-11_10_26.tif,SE2_SR_2022-06-27 11_10_26.tif,raster,4187872,local_untracked,False,1,not provided,EPSG:4326,incomplete,not provided
hydra-eo-data-sentinel-2-series-lelystad-se2_sr_2022-06-29-10_56_35.tif,SE2_SR_2022-06-29 10_56_35.tif,raster,3490143,local_untracked,False,1,not provided,EPSG:4326,incomplete,not provided
hydra-eo-data-sentinel-2-seriestiffs_alfalfa_site1-se2_sr_2022-06-30-10_28_37.tif,SE2_SR_2022-06-30 10_28_37.tif,raster,3930597,local_untracked,False,1,not provided,EPSG:4326,incomplete,not provided
hydra-eo-data-sentinel-2-seriestiffs_alfalfa_site2-se2_sr_2022-06-30-10_28_37.tif,SE2_SR_2022-06-30 10_28_37.tif,raster,3925760,local_untracked,False,1,not provided,EPSG:4326,incomplete,not provided
hydra-eo-data-sentinel-2-series-chaparrillo-se2_sr_2022-06-30-11_20_22.tif,SE2_SR_2022-06-30 11_20_22.tif,raster,4189621,local_untracked,False,1,not provided,EPSG:4326,incomplete,not provided
hydra-eo-data-sentinel-2-series-lelystad-se2_sr_2022-07-01-10_46_30.tif,SE2_SR_2022-07-01 10_46_30.tif,raster,3358022,local_untracked,False,1,not provided,EPSG:4326,incomplete,not provided
hydra-eo-data-sentinel-2-seriestiffs_alfalfa_site1-se2_sr_2022-07-02-10_18_33.tif,SE2_SR_2022-07-02 10_18_33.tif,raster,3976193,local_untracked,False,1,not provided,EPSG:4326,incomplete,not provided
hydra-eo-data-sentinel-2-seriestiffs_alfalfa_site2-se2_sr_2022-07-02-10_18_33.tif,SE2_SR_2022-07-02 10_18_33.tif,raster,3969627,local_untracked,False,1,not provided,EPSG:4326,incomplete,not provided
hydra-eo-data-sentinel-2-series-chaparrillo-se2_sr_2022-07-02-11_10_34.tif,SE2_SR_2022-07-02 11_10_34.tif,raster,4219628,local_untracked,False,1,not provided,EPSG:4326,incomplete,not provided
hydra-eo-data-sentinel-2-series-lelystad-se2_sr_2022-07-04-10_56_28.tif,SE2_SR_2022-07-04 10_56_28.tif,raster,3428406,local_untracked,False,1,not provided,EPSG:4326,incomplete,not provided
hydra-eo-data-sentinel-2-seriestiffs_alfalfa_site1-se2_sr_2022-07-05-10_28_29.tif,SE2_SR_2022-07-05 10_28_29.tif,raster,3952966,local_untracked,False,1,not provided,EPSG:4326,incomplete,not provided
hydra-eo-data-sentinel-2-seriestiffs_alfalfa_site2-se2_sr_2022-07-05-10_28_29.tif,SE2_SR_2022-07-05 10_28_29.tif,raster,3930368,local_untracked,False,1,not provided,EPSG:4326,incomplete,not provided
hydra-eo-data-sentinel-2-series-chaparrillo-se2_sr_2022-07-05-11_20_29.tif,SE2_SR_2022-07-05 11_20_29.tif,raster,4127540,local_untracked,False,1,not provided,EPSG:4326,incomplete,not provided
hydra-eo-data-sentinel-2-series-lelystad-se2_sr_2022-07-06-10_46_38.tif,SE2_SR_2022-07-06 10_46_38.tif,raster,3370228,local_untracked,False,1,not provided,EPSG:4326,incomplete,not provided
hydra-eo-data-sentinel-2-seriestiffs_alfalfa_site1-se2_sr_2022-07-07-10_18_41.tif,SE2_SR_2022-07-07 10_18_41.tif,raster,3991057,local_untracked,False,1,not provided,EPSG:4326,incomplete,not provided
hydra-eo-data-sentinel-2-seriestiffs_alfalfa_site2-se2_sr_2022-07-07-10_18_41.tif,SE2_SR_2022-07-07 10_18_41.tif,raster,4043349,local_untracked,False,1,not provided,EPSG:4326,incomplete,not provided
hydra-eo-data-sentinel-2-series-chaparrillo-se2_sr_2022-07-07-11_10_26.tif,SE2_SR_2022-07-07 11_10_26.tif,raster,4178148,local_untracked,False,1,not provided,EPSG:4326,incomplete,not provided
hydra-eo-data-sentinel-2-seriestiffs_alfalfa_site1-se2_sr_2022-07-10-10_28_37.tif,SE2_SR_2022-07-10 10_28_37.tif,raster,3950021,local_untracked,False,1,not provided,EPSG:4326,incomplete,not provided
hydra-eo-data-sentinel-2-seriestiffs_alfalfa_site2-se2_sr_2022-07-10-10_28_37.tif,SE2_SR_2022-07-10 10_28_37.tif,raster,3960812,local_untracked,False,1,not provided,EPSG:4326,incomplete,not provided
hydra-eo-data-sentinel-2-series-chaparrillo-se2_sr_2022-07-10-11_20_21.tif,SE2_SR_2022-07-10 11_20_21.tif,raster,4167016,local_untracked,False,1,not provided,EPSG:4326,incomplete,not provided
hydra-eo-data-sentinel-2-seriestiffs_alfalfa_site1-se2_sr_2022-07-12-10_18_32.tif,SE2_SR_2022-07-12 10_18_32.tif,raster,3917230,local_untracked,False,1,not provided,EPSG:4326,incomplete,not provided
hydra-eo-data-sentinel-2-seriestiffs_alfalfa_site2-se2_sr_2022-07-12-10_18_32.tif,SE2_SR_2022-07-12 10_18_32.tif,raster,4018628,local_untracked,False,1,not provided,EPSG:4326,incomplete,not provided
hydra-eo-data-sentinel-2-series-chaparrillo-se2_sr_2022-07-12-11_10_34.tif,SE2_SR_2022-07-12 11_10_34.tif,raster,4195760,local_untracked,False,1,not provided,EPSG:4326,incomplete,not provided
hydra-eo-data-sentinel-2-seriestiffs_alfalfa_site1-se2_sr_2022-07-15-10_28_29.tif,SE2_SR_2022-07-15 10_28_29.tif,raster,3904079,local_untracked,False,1,not provided,EPSG:4326,incomplete,not provided
hydra-eo-data-sentinel-2-seriestiffs_alfalfa_site2-se2_sr_2022-07-15-10_28_29.tif,SE2_SR_2022-07-15 10_28_29.tif,raster,3945705,local_untracked,False,1,not provided,EPSG:4326,incomplete,not provided
hydra-eo-data-sentinel-2-series-chaparrillo-se2_sr_2022-07-15-11_20_29.tif,SE2_SR_2022-07-15 11_20_29.tif,raster,4143535,local_untracked,False,1,not provided,EPSG:4326,incomplete,not provided
hydra-eo-data-sentinel-2-series-lelystad-se2_sr_2022-07-16-10_46_37.tif,SE2_SR_2022-07-16 10_46_37.tif,raster,3418451,local_untracked,False,1,not provided,EPSG:4326,incomplete,not provided
hydra-eo-data-sentinel-2-seriestiffs_alfalfa_site1-se2_sr_2022-07-17-10_18_40.tif,SE2_SR_2022-07-17 10_18_40.tif,raster,3968583,local_untracked,False,1,not provided,EPSG:4326,incomplete,not provided
hydra-eo-data-sentinel-2-seriestiffs_alfalfa_site2-se2_sr_2022-07-17-10_18_40.tif,SE2_SR_2022-07-17 10_18_40.tif,raster,3986602,local_untracked,False,1,not provided,EPSG:4326,incomplete,not provided
hydra-eo-data-sentinel-2-series-chaparrillo-se2_sr_2022-07-17-11_10_26.tif,SE2_SR_2022-07-17 11_10_26.tif,raster,4173111,local_untracked,False,1,not provided,EPSG:4326,incomplete,not provided
hydra-eo-data-sentinel-2-series-lelystad-se2_sr_2022-07-19-10_56_34.tif,SE2_SR_2022-07-19 10_56_34.tif,raster,3394001,local_untracked,False,1,not provided,EPSG:4326,incomplete,not provided
hydra-eo-data-sentinel-2-seriestiffs_alfalfa_site1-se2_sr_2022-07-20-10_28_36.tif,SE2_SR_2022-07-20 10_28_36.tif,raster,3937225,local_untracked,False,1,not provided,EPSG:4326,incomplete,not provided
hydra-eo-data-sentinel-2-seriestiffs_alfalfa_site2-se2_sr_2022-07-20-10_28_36.tif,SE2_SR_2022-07-20 10_28_36.tif,raster,3944005,local_untracked,False,1,not provided,EPSG:4326,incomplete,not provided
hydra-eo-data-sentinel-2-series-chaparrillo-se2_sr_2022-07-20-11_20_21.tif,SE2_SR_2022-07-20 11_20_21.tif,raster,4176688,local_untracked,False,1,not provided,EPSG:4326,incomplete,not provided
hydra-eo-data-sentinel-2-seriestiffs_alfalfa_site1-se2_sr_2022-07-22-10_18_33.tif,SE2_SR_2022-07-22 10_18_33.tif,raster,3963143,local_untracked,False,1,not provided,EPSG:4326,incomplete,not provided
hydra-eo-data-sentinel-2-seriestiffs_alfalfa_site2-se2_sr_2022-07-22-10_18_33.tif,SE2_SR_2022-07-22 10_18_33.tif,raster,3960487,local_untracked,False,1,not provided,EPSG:4326,incomplete,not provided
hydra-eo-data-sentinel-2-series-chaparrillo-se2_sr_2022-07-22-11_10_32.tif,SE2_SR_2022-07-22 11_10_32.tif,raster,4179088,local_untracked,False,1,not provided,EPSG:4326,incomplete,not provided
hydra-eo-data-sentinel-2-series-lelystad-se2_sr_2022-07-24-10_56_28.tif,SE2_SR_2022-07-24 10_56_28.tif,raster,3389289,local_untracked,False,1,not provided,EPSG:4326,incomplete,not provided
hydra-eo-data-sentinel-2-seriestiffs_alfalfa_site1-se2_sr_2022-07-25-10_28_29.tif,SE2_SR_2022-07-25 10_28_29.tif,raster,3979140,local_untracked,False,1,not provided,EPSG:4326,incomplete,not provided
hydra-eo-data-sentinel-2-seriestiffs_alfalfa_site2-se2_sr_2022-07-25-10_28_29.tif,SE2_SR_2022-07-25 10_28_29.tif,raster,3961288,local_untracked,False,1,not provided,EPSG:4326,incomplete,not provided
hydra-eo-data-sentinel-2-series-chaparrillo-se2_sr_2022-07-25-11_20_27.tif,SE2_SR_2022-07-25 11_20_27.tif,raster,4125670,local_untracked,False,1,not provided,EPSG:4326,incomplete,not provided
hydra-eo-data-sentinel-2-seriestiffs_alfalfa_site1-se2_sr_2022-07-27-10_18_38.tif,SE2_SR_2022-07-27 10_18_38.tif,raster,3874778,local_untracked,False,1,not provided,EPSG:4326,incomplete,not provided
hydra-eo-data-sentinel-2-seriestiffs_alfalfa_site2-se2_sr_2022-07-27-10_18_38.tif,SE2_SR_2022-07-27 10_18_38.tif,raster,3715470,local_untracked,False,1,not provided,EPSG:4326,incomplete,not provided
hydra-eo-data-sentinel-2-series-chaparrillo-se2_sr_2022-07-27-11_10_26.tif,SE2_SR_2022-07-27 11_10_26.tif,raster,4184645,local_untracked,False,1,not provided,EPSG:4326,incomplete,not provided
hydra-eo-data-sentinel-2-series-lelystad-se2_sr_2022-07-29-10_56_32.tif,SE2_SR_2022-07-29 10_56_32.tif,raster,3409951,local_untracked,False,1,not provided,EPSG:4326,incomplete,not provided
hydra-eo-data-sentinel-2-seriestiffs_alfalfa_site1-se2_sr_2022-07-30-10_28_34.tif,SE2_SR_2022-07-30 10_28_34.tif,raster,3978319,local_untracked,False,1,not provided,EPSG:4326,incomplete,not provided
hydra-eo-data-sentinel-2-seriestiffs_alfalfa_site2-se2_sr_2022-07-30-10_28_34.tif,SE2_SR_2022-07-30 10_28_34.tif,raster,3936191,local_untracked,False,1,not provided,EPSG:4326,incomplete,not provided
hydra-eo-data-sentinel-2-series-chaparrillo-se2_sr_2022-07-30-11_20_21.tif,SE2_SR_2022-07-30 11_20_21.tif,raster,4154618,local_untracked,False,1,not provided,EPSG:4326,incomplete,not provided
hydra-eo-data-sentinel-2-seriestiffs_alfalfa_site1-se2_sr_2022-08-01-10_18_33.tif,SE2_SR_2022-08-01 10_18_33.tif,raster,3968293,local_untracked,False,1,not provided,EPSG:4326,incomplete,not provided
hydra-eo-data-sentinel-2-seriestiffs_alfalfa_site2-se2_sr_2022-08-01-10_18_33.tif,SE2_SR_2022-08-01 10_18_33.tif,raster,3970549,local_untracked,False,1,not provided,EPSG:4326,incomplete,not provided
hydra-eo-data-sentinel-2-series-chaparrillo-se2_sr_2022-08-01-11_10_31.tif,SE2_SR_2022-08-01 11_10_31.tif,raster,4168626,local_untracked,False,1,not provided,EPSG:4326,incomplete,not provided
hydra-eo-data-sentinel-2-series-lelystad-se2_sr_2022-08-03-10_56_27.tif,SE2_SR_2022-08-03 10_56_27.tif,raster,3393330,local_untracked,False,1,not provided,EPSG:4326,incomplete,not provided
hydra-eo-data-sentinel-2-seriestiffs_alfalfa_site1-se2_sr_2022-08-04-10_28_29.tif,SE2_SR_2022-08-04 10_28_29.tif,raster,3932322,local_untracked,False,1,not provided,EPSG:4326,incomplete,not provided
hydra-eo-data-sentinel-2-seriestiffs_alfalfa_site2-se2_sr_2022-08-04-10_28_29.tif,SE2_SR_2022-08-04 10_28_29.tif,raster,3947532,local_untracked,False,1,not provided,EPSG:4326,incomplete,not provided
hydra-eo-data-sentinel-2-series-chaparrillo-se2_sr_2022-08-04-11_20_27.tif,SE2_SR_2022-08-04 11_20_27.tif,raster,4159808,local_untracked,False,1,not provided,EPSG:4326,incomplete,not provided
hydra-eo-data-sentinel-2-series-lelystad-se2_sr_2022-08-05-10_46_36.tif,SE2_SR_2022-08-05 10_46_36.tif,raster,3397923,local_untracked,False,1,not provided,EPSG:4326,incomplete,not provided
hydra-eo-data-sentinel-2-seriestiffs_alfalfa_site1-se2_sr_2022-08-06-10_18_39.tif,SE2_SR_2022-08-06 10_18_39.tif,raster,3917357,local_untracked,False,1,not provided,EPSG:4326,incomplete,not provided
hydra-eo-data-sentinel-2-seriestiffs_alfalfa_site2-se2_sr_2022-08-06-10_18_39.tif,SE2_SR_2022-08-06 10_18_39.tif,raster,3953111,local_untracked,False,1,not provided,EPSG:4326,incomplete,not provided
hydra-eo-data-sentinel-2-series-chaparrillo-se2_sr_2022-08-06-11_10_25.tif,SE2_SR_2022-08-06 11_10_25.tif,raster,4171616,local_untracked,False,1,not provided,EPSG:4326,incomplete,not provided
hydra-eo-data-sentinel-2-series-lelystad-se2_sr_2022-08-08-10_56_34.tif,SE2_SR_2022-08-08 10_56_34.tif,raster,3413634,local_untracked,False,1,not provided,EPSG:4326,incomplete,not provided
hydra-eo-data-sentinel-2-seriestiffs_alfalfa_site1-se2_sr_2022-08-09-10_28_36.tif,SE2_SR_2022-08-09 10_28_36.tif,raster,3939337,local_untracked,False,1,not provided,EPSG:4326,incomplete,not provided
hydra-eo-data-sentinel-2-seriestiffs_alfalfa_site2-se2_sr_2022-08-09-10_28_36.tif,SE2_SR_2022-08-09 10_28_36.tif,raster,3954531,local_untracked,False,1,not provided,EPSG:4326,incomplete,not provided
hydra-eo-data-sentinel-2-series-chaparrillo-se2_sr_2022-08-09-11_20_20.tif,SE2_SR_2022-08-09 11_20_20.tif,raster,4131755,local_untracked,False,1,not provided,EPSG:4326,incomplete,not provided
hydra-eo-data-sentinel-2-series-lelystad-se2_sr_2022-08-10-10_46_29.tif,SE2_SR_2022-08-10 10_46_29.tif,raster,3417515,local_untracked,False,1,not provided,EPSG:4326,incomplete,not provided
hydra-eo-data-sentinel-2-seriestiffs_alfalfa_site1-se2_sr_2022-08-11-10_18_32.tif,SE2_SR_2022-08-11 10_18_32.tif,raster,3915384,local_untracked,False,1,not provided,EPSG:4326,incomplete,not provided
hydra-eo-data-sentinel-2-seriestiffs_alfalfa_site2-se2_sr_2022-08-11-10_18_32.tif,SE2_SR_2022-08-11 10_18_32.tif,raster,3952921,local_untracked,False,1,not provided,EPSG:4326,incomplete,not provided
hydra-eo-data-sentinel-2-series-chaparrillo-se2_sr_2022-08-11-11_10_33.tif,SE2_SR_2022-08-11 11_10_33.tif,raster,4176311,local_untracked,False,1,not provided,EPSG:4326,incomplete,not provided
hydra-eo-data-sentinel-2-series-lelystad-se2_sr_2022-08-13-10_56_26.tif,SE2_SR_2022-08-13 10_56_26.tif,raster,3409096,local_untracked,False,1,not provided,EPSG:4326,incomplete,not provided
hydra-eo-data-sentinel-2-seriestiffs_alfalfa_site1-se2_sr_2022-08-14-10_28_27.tif,SE2_SR_2022-08-14 10_28_27.tif,raster,3916336,local_untracked,False,1,not provided,EPSG:4326,incomplete,not provided
hydra-eo-data-sentinel-2-seriestiffs_alfalfa_site2-se2_sr_2022-08-14-10_28_27.tif,SE2_SR_2022-08-14 10_28_27.tif,raster,3616557,local_untracked,False,1,not provided,EPSG:4326,incomplete,not provided
hydra-eo-data-sentinel-2-series-chaparrillo-se2_sr_2022-08-14-11_20_29.tif,SE2_SR_2022-08-14 11_20_29.tif,raster,4124651,local_untracked,False,1,not provided,EPSG:4326,incomplete,not provided
hydra-eo-data-sentinel-2-series-lelystad-se2_sr_2022-08-15-10_46_38.tif,SE2_SR_2022-08-15 10_46_38.tif,raster,3354233,local_untracked,False,1,not provided,EPSG:4326,incomplete,not provided
hydra-eo-data-sentinel-2-seriestiffs_alfalfa_site1-se2_sr_2022-08-16-10_18_41.tif,SE2_SR_2022-08-16 10_18_41.tif,raster,3959514,local_untracked,False,1,not provided,EPSG:4326,incomplete,not provided
hydra-eo-data-sentinel-2-seriestiffs_alfalfa_site2-se2_sr_2022-08-16-10_18_41.tif,SE2_SR_2022-08-16 10_18_41.tif,raster,3965919,local_untracked,False,1,not provided,EPSG:4326,incomplete,not provided
hydra-eo-data-sentinel-2-series-chaparrillo-se2_sr_2022-08-16-11_10_24.tif,SE2_SR_2022-08-16 11_10_24.tif,raster,4185532,local_untracked,False,1,not provided,EPSG:4326,incomplete,not provided
hydra-eo-data-sentinel-2-series-lelystad-se2_sr_2022-08-18-10_56_35.tif,SE2_SR_2022-08-18 10_56_35.tif,raster,3343423,local_untracked,False,1,not provided,EPSG:4326,incomplete,not provided
hydra-eo-data-sentinel-2-series-chaparrillo-se2_sr_2022-08-19-11_20_18.tif,SE2_SR_2022-08-19 11_20_18.tif,raster,4162545,local_untracked,False,1,not provided,EPSG:4326,incomplete,not provided
hydra-eo-data-sentinel-2-series-lelystad-se2_sr_2022-08-20-10_46_27.tif,SE2_SR_2022-08-20 10_46_27.tif,raster,3397510,local_untracked,False,1,not provided,EPSG:4326,incomplete,not provided
hydra-eo-data-sentinel-2-seriestiffs_alfalfa_site1-se2_sr_2022-08-21-10_18_29.tif,SE2_SR_2022-08-21 10_18_29.tif,raster,3817220,local_untracked,False,1,not provided,EPSG:4326,incomplete,not provided
hydra-eo-data-sentinel-2-seriestiffs_alfalfa_site2-se2_sr_2022-08-21-10_18_29.tif,SE2_SR_2022-08-21 10_18_29.tif,raster,3961775,local_untracked,False,1,not provided,EPSG:4326,incomplete,not provided
hydra-eo-data-sentinel-2-series-chaparrillo-se2_sr_2022-08-21-11_10_34.tif,SE2_SR_2022-08-21 11_10_34.tif,raster,4156222,local_untracked,False,1,not provided,EPSG:4326,incomplete,not provided
hydra-eo-data-sentinel-2-series-lelystad-se2_sr_2022-08-23-10_56_23.tif,SE2_SR_2022-08-23 10_56_23.tif,raster,3263980,local_untracked,False,1,not provided,EPSG:4326,incomplete,not provided
hydra-eo-data-sentinel-2-seriestiffs_alfalfa_site1-se2_sr_2022-08-24-10_28_24.tif,SE2_SR_2022-08-24 10_28_24.tif,raster,3977872,local_untracked,False,1,not provided,EPSG:4326,incomplete,not provided
hydra-eo-data-sentinel-2-seriestiffs_alfalfa_site2-se2_sr_2022-08-24-10_28_24.tif,SE2_SR_2022-08-24 10_28_24.tif,raster,3920596,local_untracked,False,1,not provided,EPSG:4326,incomplete,not provided
hydra-eo-data-sentinel-2-series-chaparrillo-se2_sr_2022-08-24-11_20_29.tif,SE2_SR_2022-08-24 11_20_29.tif,raster,4116423,local_untracked,False,1,not provided,EPSG:4326,incomplete,not provided
hydra-eo-data-sentinel-2-series-lelystad-se2_sr_2022-08-25-10_46_38.tif,SE2_SR_2022-08-25 10_46_38.tif,raster,3379845,local_untracked,False,1,not provided,EPSG:4326,incomplete,not provided
hydra-eo-data-sentinel-2-seriestiffs_alfalfa_site1-se2_sr_2022-08-26-10_18_41.tif,SE2_SR_2022-08-26 10_18_41.tif,raster,3949366,local_untracked,False,1,not provided,EPSG:4326,incomplete,not provided
hydra-eo-data-sentinel-2-seriestiffs_alfalfa_site2-se2_sr_2022-08-26-10_18_41.tif,SE2_SR_2022-08-26 10_18_41.tif,raster,3948387,local_untracked,False,1,not provided,EPSG:4326,incomplete,not provided
hydra-eo-data-sentinel-2-series-chaparrillo-se2_sr_2022-08-26-11_10_21.tif,SE2_SR_2022-08-26 11_10_21.tif,raster,4135876,local_untracked,False,1,not provided,EPSG:4326,incomplete,not provided
hydra-eo-data-sentinel-2-series-lelystad-se2_sr_2022-08-28-10_56_35.tif,SE2_SR_2022-08-28 10_56_35.tif,raster,3389040,local_untracked,False,1,not provided,EPSG:4326,incomplete,not provided
hydra-eo-data-sentinel-2-seriestiffs_alfalfa_site1-se2_sr_2022-08-29-10_28_36.tif,SE2_SR_2022-08-29 10_28_36.tif,raster,3912700,local_untracked,False,1,not provided,EPSG:4326,incomplete,not provided
hydra-eo-data-sentinel-2-seriestiffs_alfalfa_site2-se2_sr_2022-08-29-10_28_36.tif,SE2_SR_2022-08-29 10_28_36.tif,raster,3911036,local_untracked,False,1,not provided,EPSG:4326,incomplete,not provided
hydra-eo-data-sentinel-2-series-chaparrillo-se2_sr_2022-08-29-11_20_17.tif,SE2_SR_2022-08-29 11_20_17.tif,raster,4087944,local_untracked,False,1,not provided,EPSG:4326,incomplete,not provided
hydra-eo-data-sentinel-2-series-lelystad-se2_sr_2022-08-30-10_46_26.tif,SE2_SR_2022-08-30 10_46_26.tif,raster,3364446,local_untracked,False,1,not provided,EPSG:4326,incomplete,not provided
hydra-eo-data-sentinel-2-seriestiffs_alfalfa_site1-se2_sr_2022-08-31-10_18_29.tif,SE2_SR_2022-08-31 10_18_29.tif,raster,3967608,local_untracked,False,1,not provided,EPSG:4326,incomplete,not provided
hydra-eo-data-sentinel-2-seriestiffs_alfalfa_site2-se2_sr_2022-08-31-10_18_29.tif,SE2_SR_2022-08-31 10_18_29.tif,raster,4009504,local_untracked,False,1,not provided,EPSG:4326,incomplete,not provided
hydra-eo-data-sentinel-2-series-chaparrillo-se2_sr_2022-08-31-11_10_33.tif,SE2_SR_2022-08-31 11_10_33.tif,raster,4150854,local_untracked,False,1,not provided,EPSG:4326,incomplete,not provided
hydra-eo-data-sentinel-2-series-chaparrillo-se2_sr_2022-09-03-11_20_28.tif,SE2_SR_2022-09-03 11_20_28.tif,raster,4159197,local_untracked,False,1,not provided,EPSG:4326,incomplete,not provided
hydra-eo-data-sentinel-2-seriestiffs_alfalfa_site1-se2_sr_2022-09-05-10_18_40.tif,SE2_SR_2022-09-05 10_18_40.tif,raster,3949327,local_untracked,False,1,not provided,EPSG:4326,incomplete,not provided
hydra-eo-data-sentinel-2-seriestiffs_alfalfa_site2-se2_sr_2022-09-05-10_18_40.tif,SE2_SR_2022-09-05 10_18_40.tif,raster,3966000,local_untracked,False,1,not provided,EPSG:4326,incomplete,not provided
hydra-eo-data-sentinel-2-series-chaparrillo-se2_sr_2022-09-05-11_10_22.tif,SE2_SR_2022-09-05 11_10_22.tif,raster,4146439,local_untracked,False,1,not provided,EPSG:4326,incomplete,not provided
hydra-eo-data-sentinel-2-series-chaparrillo-se2_sr_2022-09-05-11_10_28.tif,SE2_SR_2022-09-05 11_10_28.tif,raster,4149533,local_untracked,False,1,not provided,EPSG:4326,incomplete,not provided
hydra-eo-data-sentinel-2-series-lelystad-se2_sr_2022-09-07-10_56_34.tif,SE2_SR_2022-09-07 10_56_34.tif,raster,3498936,local_untracked,False,1,not provided,EPSG:4326,incomplete,not provided
hydra-eo-data-sentinel-2-seriestiffs_alfalfa_site1-se2_sr_2022-09-08-10_28_35.tif,SE2_SR_2022-09-08 10_28_35.tif,raster,3916928,local_untracked,False,1,not provided,EPSG:4326,incomplete,not provided
hydra-eo-data-sentinel-2-seriestiffs_alfalfa_site2-se2_sr_2022-09-08-10_28_35.tif,SE2_SR_2022-09-08 10_28_35.tif,raster,3935478,local_untracked,False,1,not provided,EPSG:4326,incomplete,not provided
hydra-eo-data-sentinel-2-series-chaparrillo-se2_sr_2022-09-08-11_20_18.tif,SE2_SR_2022-09-08 11_20_18.tif,raster,4042760,local_untracked,False,1,not provided,EPSG:4326,incomplete,not provided
hydra-eo-data-sentinel-2-seriestiffs_alfalfa_site1-se2_sr_2022-09-10-10_18_30.tif,SE2_SR_2022-09-10 10_18_30.tif,raster,3960749,local_untracked,False,1,not provided,EPSG:4326,incomplete,not provided
hydra-eo-data-sentinel-2-seriestiffs_alfalfa_site2-se2_sr_2022-09-10-10_18_30.tif,SE2_SR_2022-09-10 10_18_30.tif,raster,3960182,local_untracked,False,1,not provided,EPSG:4326,incomplete,not provided
hydra-eo-data-sentinel-2-series-chaparrillo-se2_sr_2022-09-10-11_10_32.tif,SE2_SR_2022-09-10 11_10_32.tif,raster,4172562,local_untracked,False,1,not provided,EPSG:4326,incomplete,not provided
hydra-eo-data-sentinel-2-seriestiffs_alfalfa_site1-se2_sr_2022-09-13-10_28_26.tif,SE2_SR_2022-09-13 10_28_26.tif,raster,3890398,local_untracked,False,1,not provided,EPSG:4326,incomplete,not provided
hydra-eo-data-sentinel-2-seriestiffs_alfalfa_site2-se2_sr_2022-09-13-10_28_26.tif,SE2_SR_2022-09-13 10_28_26.tif,raster,3894714,local_untracked,False,1,not provided,EPSG:4326,incomplete,not provided
hydra-eo-data-sentinel-2-series-chaparrillo-se2_sr_2022-09-13-11_20_26.tif,SE2_SR_2022-09-13 11_20_26.tif,raster,4206999,local_untracked,False,1,not provided,EPSG:4326,incomplete,not provided
hydra-eo-data-sentinel-2-series-lelystad-se2_sr_2022-09-14-10_46_35.tif,SE2_SR_2022-09-14 10_46_35.tif,raster,3550486,local_untracked,False,1,not provided,EPSG:4326,incomplete,not provided
hydra-eo-data-sentinel-2-seriestiffs_alfalfa_site1-se2_sr_2022-09-15-10_18_37.tif,SE2_SR_2022-09-15 10_18_37.tif,raster,3957050,local_untracked,False,1,not provided,EPSG:4326,incomplete,not provided
hydra-eo-data-sentinel-2-seriestiffs_alfalfa_site2-se2_sr_2022-09-15-10_18_37.tif,SE2_SR_2022-09-15 10_18_37.tif,raster,3480725,local_untracked,False,1,not provided,EPSG:4326,incomplete,not provided
hydra-eo-data-sentinel-2-series-chaparrillo-se2_sr_2022-09-15-11_10_23.tif,SE2_SR_2022-09-15 11_10_23.tif,raster,4184397,local_untracked,False,1,not provided,EPSG:4326,incomplete,not provided
hydra-eo-data-sentinel-2-seriestiffs_alfalfa_site1-se2_sr_2022-09-18-10_28_32.tif,SE2_SR_2022-09-18 10_28_32.tif,raster,3916165,local_untracked,False,1,not provided,EPSG:4326,incomplete,not provided
hydra-eo-data-sentinel-2-seriestiffs_alfalfa_site2-se2_sr_2022-09-18-10_28_32.tif,SE2_SR_2022-09-18 10_28_32.tif,raster,3920720,local_untracked,False,1,not provided,EPSG:4326,incomplete,not provided
hydra-eo-data-sentinel-2-series-chaparrillo-se2_sr_2022-09-18-11_20_18.tif,SE2_SR_2022-09-18 11_20_18.tif,raster,4068388,local_untracked,False,1,not provided,EPSG:4326,incomplete,not provided
hydra-eo-data-sentinel-2-series-lelystad-se2_sr_2022-09-19-10_46_27.tif,SE2_SR_2022-09-19 10_46_27.tif,raster,3357014,local_untracked,False,1,not provided,EPSG:4326,incomplete,not provided
hydra-eo-data-sentinel-2-seriestiffs_alfalfa_site1-se2_sr_2022-09-20-10_18_29.tif,SE2_SR_2022-09-20 10_18_29.tif,raster,3944396,local_untracked,False,1,not provided,EPSG:4326,incomplete,not provided
hydra-eo-data-sentinel-2-seriestiffs_alfalfa_site2-se2_sr_2022-09-20-10_18_29.tif,SE2_SR_2022-09-20 10_18_29.tif,raster,3946863,local_untracked,False,1,not provided,EPSG:4326,incomplete,not provided
hydra-eo-data-sentinel-2-series-chaparrillo-se2_sr_2022-09-20-11_10_29.tif,SE2_SR_2022-09-20 11_10_29.tif,raster,4150334,local_untracked,False,1,not provided,EPSG:4326,incomplete,not provided
hydra-eo-data-sentinel-2-series-lelystad-se2_sr_2022-09-22-10_56_24.tif,SE2_SR_2022-09-22 10_56_24.tif,raster,3364471,local_untracked,False,1,not provided,EPSG:4326,incomplete,not provided
hydra-eo-data-sentinel-2-seriestiffs_alfalfa_site1-se2_sr_2022-09-23-10_28_25.tif,SE2_SR_2022-09-23 10_28_25.tif,raster,3920206,local_untracked,False,1,not provided,EPSG:4326,incomplete,not provided
hydra-eo-data-sentinel-2-seriestiffs_alfalfa_site2-se2_sr_2022-09-23-10_28_25.tif,SE2_SR_2022-09-23 10_28_25.tif,raster,3911774,local_untracked,False,1,not provided,EPSG:4326,incomplete,not provided
hydra-eo-data-sentinel-2-series-chaparrillo-se2_sr_2022-09-23-11_20_23.tif,SE2_SR_2022-09-23 11_20_23.tif,raster,4147289,local_untracked,False,1,not provided,EPSG:4326,incomplete,not provided
hydra-eo-data-sentinel-2-series-chaparrillo-se2_sr_2022-09-25-11_10_22.tif,SE2_SR_2022-09-25 11_10_22.tif,raster,4147528,local_untracked,False,1,not provided,EPSG:4326,incomplete,not provided
hydra-eo-data-sentinel-2-seriestiffs_alfalfa_site1-se2_sr_2022-09-28-10_28_31.tif,SE2_SR_2022-09-28 10_28_31.tif,raster,3788915,local_untracked,False,1,not provided,EPSG:4326,incomplete,not provided
hydra-eo-data-sentinel-2-seriestiffs_alfalfa_site2-se2_sr_2022-09-28-10_28_31.tif,SE2_SR_2022-09-28 10_28_31.tif,raster,3862018,local_untracked,False,1,not provided,EPSG:4326,incomplete,not provided
hydra-eo-data-sentinel-2-series-chaparrillo-se2_sr_2022-09-28-11_20_16.tif,SE2_SR_2022-09-28 11_20_16.tif,raster,4148040,local_untracked,False,1,not provided,EPSG:4326,incomplete,not provided
hydra-eo-data-sentinel-2-series-lelystad-se2_sr_2022-09-29-10_46_25.tif,SE2_SR_2022-09-29 10_46_25.tif,raster,3454258,local_untracked,False,1,not provided,EPSG:4326,incomplete,not provided
hydra-eo-data-sentinel-2-series-chaparrillo-se2_sr_2022-09-30-11_10_28.tif,SE2_SR_2022-09-30 11_10_28.tif,raster,4151308,local_untracked,False,1,not provided,EPSG:4326,incomplete,not provided
hydra-eo-data-sentinel-2-series-lelystad-se2_sr_2022-10-02-10_56_21.tif,SE2_SR_2022-10-02 10_56_21.tif,raster,3024203,local_untracked,False,1,not provided,EPSG:4326,incomplete,not provided
hydra-eo-data-sentinel-2-seriestiffs_alfalfa_site1-se2_sr_2022-10-03-10_28_22.tif,SE2_SR_2022-10-03 10_28_22.tif,raster,4036656,local_untracked,False,1,not provided,EPSG:4326,incomplete,not provided
hydra-eo-data-sentinel-2-seriestiffs_alfalfa_site2-se2_sr_2022-10-03-10_28_22.tif,SE2_SR_2022-10-03 10_28_22.tif,raster,3908737,local_untracked,False,1,not provided,EPSG:4326,incomplete,not provided
hydra-eo-data-sentinel-2-series-chaparrillo-se2_sr_2022-10-03-11_20_24.tif,SE2_SR_2022-10-03 11_20_24.tif,raster,4093524,local_untracked,False,1,not provided,EPSG:4326,incomplete,not provided
hydra-eo-data-sentinel-2-series-lelystad-se2_sr_2022-10-04-10_46_32.tif,SE2_SR_2022-10-04 10_46_32.tif,raster,3399242,local_untracked,False,1,not provided,EPSG:4326,incomplete,not provided
hydra-eo-data-sentinel-2-seriestiffs_alfalfa_site1-se2_sr_2022-10-05-10_18_35.tif,SE2_SR_2022-10-05 10_18_35.tif,raster,4084011,local_untracked,False,1,not provided,EPSG:4326,incomplete,not provided
hydra-eo-data-sentinel-2-seriestiffs_alfalfa_site2-se2_sr_2022-10-05-10_18_35.tif,SE2_SR_2022-10-05 10_18_35.tif,raster,3899328,local_untracked,False,1,not provided,EPSG:4326,incomplete,not provided
hydra-eo-data-sentinel-2-series-chaparrillo-se2_sr_2022-10-05-11_10_19.tif,SE2_SR_2022-10-05 11_10_19.tif,raster,4052971,local_untracked,False,1,not provided,EPSG:4326,incomplete,not provided
hydra-eo-data-sentinel-2-series-lelystad-se2_sr_2022-10-07-10_56_29.tif,SE2_SR_2022-10-07 10_56_29.tif,raster,3098799,local_untracked,False,1,not provided,EPSG:4326,incomplete,not provided
hydra-eo-data-sentinel-2-seriestiffs_alfalfa_site1-se2_sr_2022-10-08-10_28_30.tif,SE2_SR_2022-10-08 10_28_30.tif,raster,3921716,local_untracked,False,1,not provided,EPSG:4326,incomplete,not provided
hydra-eo-data-sentinel-2-seriestiffs_alfalfa_site2-se2_sr_2022-10-08-10_28_30.tif,SE2_SR_2022-10-08 10_28_30.tif,raster,3789315,local_untracked,False,1,not provided,EPSG:4326,incomplete,not provided
hydra-eo-data-sentinel-2-series-chaparrillo-se2_sr_2022-10-08-11_20_14.tif,SE2_SR_2022-10-08 11_20_14.tif,raster,4112369,local_untracked,False,1,not provided,EPSG:4326,incomplete,not provided
hydra-eo-data-sentinel-2-series-lelystad-se2_sr_2022-10-09-10_46_23.tif,SE2_SR_2022-10-09 10_46_23.tif,raster,3366356,local_untracked,False,1,not provided,EPSG:4326,incomplete,not provided
hydra-eo-data-sentinel-2-seriestiffs_alfalfa_site1-se2_sr_2022-10-10-10_18_26.tif,SE2_SR_2022-10-10 10_18_26.tif,raster,3961619,local_untracked,False,1,not provided,EPSG:4326,incomplete,not provided
hydra-eo-data-sentinel-2-seriestiffs_alfalfa_site2-se2_sr_2022-10-10-10_18_26.tif,SE2_SR_2022-10-10 10_18_26.tif,raster,3880352,local_untracked,False,1,not provided,EPSG:4326,incomplete,not provided
hydra-eo-data-sentinel-2-series-lelystad-se2_sr_2022-10-12-10_56_21.tif,SE2_SR_2022-10-12 10_56_21.tif,raster,3369597,local_untracked,False,1,not provided,EPSG:4326,incomplete,not provided
hydra-eo-data-sentinel-2-seriestiffs_alfalfa_site1-se2_sr_2022-10-13-10_28_23.tif,SE2_SR_2022-10-13 10_28_23.tif,raster,3918485,local_untracked,False,1,not provided,EPSG:4326,incomplete,not provided
hydra-eo-data-sentinel-2-seriestiffs_alfalfa_site2-se2_sr_2022-10-13-10_28_23.tif,SE2_SR_2022-10-13 10_28_23.tif,raster,3837696,local_untracked,False,1,not provided,EPSG:4326,incomplete,not provided
hydra-eo-data-sentinel-2-series-chaparrillo-se2_sr_2022-10-13-11_20_21.tif,SE2_SR_2022-10-13 11_20_21.tif,raster,4092447,local_untracked,False,1,not provided,EPSG:4326,incomplete,not provided
hydra-eo-data-sentinel-2-seriestiffs_alfalfa_site1-se2_sr_2022-10-15-10_18_32.tif,SE2_SR_2022-10-15 10_18_32.tif,raster,3773159,local_untracked,False,1,not provided,EPSG:4326,incomplete,not provided
hydra-eo-data-sentinel-2-seriestiffs_alfalfa_site2-se2_sr_2022-10-15-10_18_32.tif,SE2_SR_2022-10-15 10_18_32.tif,raster,3995165,local_untracked,False,1,not provided,EPSG:4326,incomplete,not provided
hydra-eo-data-sentinel-2-series-chaparrillo-se2_sr_2022-10-15-11_10_20.tif,SE2_SR_2022-10-15 11_10_20.tif,raster,4081023,local_untracked,False,1,not provided,EPSG:4326,incomplete,not provided
hydra-eo-data-sentinel-2-seriestiffs_alfalfa_site1-se2_sr_2022-10-18-10_28_27.tif,SE2_SR_2022-10-18 10_28_27.tif,raster,3804616,local_untracked,False,1,not provided,EPSG:4326,incomplete,not provided
hydra-eo-data-sentinel-2-seriestiffs_alfalfa_site2-se2_sr_2022-10-18-10_28_27.tif,SE2_SR_2022-10-18 10_28_27.tif,raster,3774451,local_untracked,False,1,not provided,EPSG:4326,incomplete,not provided
hydra-eo-data-sentinel-2-series-chaparrillo-se2_sr_2022-10-18-11_20_16.tif,SE2_SR_2022-10-18 11_20_16.tif,raster,4002905,local_untracked,False,1,not provided,EPSG:4326,incomplete,not provided
hydra-eo-data-sentinel-2-series-lelystad-se2_sr_2022-10-19-10_46_25.tif,SE2_SR_2022-10-19 10_46_25.tif,raster,3467495,local_untracked,False,1,not provided,EPSG:4326,incomplete,not provided
hydra-eo-data-sentinel-2-seriestiffs_alfalfa_site1-se2_sr_2022-10-20-10_18_27.tif,SE2_SR_2022-10-20 10_18_27.tif,raster,3655769,local_untracked,False,1,not provided,EPSG:4326,incomplete,not provided
hydra-eo-data-sentinel-2-seriestiffs_alfalfa_site2-se2_sr_2022-10-20-10_18_27.tif,SE2_SR_2022-10-20 10_18_27.tif,raster,3515871,local_untracked,False,1,not provided,EPSG:4326,incomplete,not provided
hydra-eo-data-sentinel-2-seriestiffs_alfalfa_site1-se2_sr_2022-10-23-10_28_23.tif,SE2_SR_2022-10-23 10_28_23.tif,raster,3520878,local_untracked,False,1,not provided,EPSG:4326,incomplete,not provided
hydra-eo-data-sentinel-2-seriestiffs_alfalfa_site2-se2_sr_2022-10-23-10_28_23.tif,SE2_SR_2022-10-23 10_28_23.tif,raster,3407251,local_untracked,False,1,not provided,EPSG:4326,incomplete,not provided
hydra-eo-data-sentinel-2-series-lelystad-se2_sr_2022-10-24-10_46_28.tif,SE2_SR_2022-10-24 10_46_28.tif,raster,3479358,local_untracked,False,1,not provided,EPSG:4326,incomplete,not provided
hydra-eo-data-sentinel-2-seriestiffs_alfalfa_site1-se2_sr_2022-10-25-10_18_31.tif,SE2_SR_2022-10-25 10_18_31.tif,raster,3814580,local_untracked,False,1,not provided,EPSG:4326,incomplete,not provided
hydra-eo-data-sentinel-2-seriestiffs_alfalfa_site2-se2_sr_2022-10-25-10_18_31.tif,SE2_SR_2022-10-25 10_18_31.tif,raster,3776718,local_untracked,False,1,not provided,EPSG:4326,incomplete,not provided
hydra-eo-data-sentinel-2-seriestiffs_alfalfa_site1-se2_sr_2022-10-28-10_28_27.tif,SE2_SR_2022-10-28 10_28_27.tif,raster,3891760,local_untracked,False,1,not provided,EPSG:4326,incomplete,not provided
hydra-eo-data-sentinel-2-seriestiffs_alfalfa_site2-se2_sr_2022-10-28-10_28_27.tif,SE2_SR_2022-10-28 10_28_27.tif,raster,3742558,local_untracked,False,1,not provided,EPSG:4326,incomplete,not provided
hydra-eo-data-sentinel-2-seriestiffs_alfalfa_site1-se2_sr_2022-10-30-10_18_27.tif,SE2_SR_2022-10-30 10_18_27.tif,raster,3881123,local_untracked,False,1,not provided,EPSG:4326,incomplete,not provided
hydra-eo-data-sentinel-2-seriestiffs_alfalfa_site2-se2_sr_2022-10-30-10_18_27.tif,SE2_SR_2022-10-30 10_18_27.tif,raster,3800392,local_untracked,False,1,not provided,EPSG:4326,incomplete,not provided
hydra-eo-data-sentinel-2-series-lelystad-se2_sr_2022-11-01-10_56_21.tif,SE2_SR_2022-11-01 10_56_21.tif,raster,3310321,local_untracked,False,1,not provided,EPSG:4326,incomplete,not provided
hydra-eo-data-sentinel-2-series-chaparrillo-se2_sr_2022-11-02-11_20_20.tif,SE2_SR_2022-11-02 11_20_20.tif,raster,3980204,local_untracked,False,1,not provided,EPSG:4326,incomplete,not provided
hydra-eo-data-sentinel-2-seriestiffs_alfalfa_site1-se2_sr_2022-11-04-10_18_32.tif,SE2_SR_2022-11-04 10_18_32.tif,raster,3855417,local_untracked,False,1,not provided,EPSG:4326,incomplete,not provided
hydra-eo-data-sentinel-2-seriestiffs_alfalfa_site2-se2_sr_2022-11-04-10_18_32.tif,SE2_SR_2022-11-04 10_18_32.tif,raster,3853734,local_untracked,False,1,not provided,EPSG:4326,incomplete,not provided
hydra-eo-data-sentinel-2-series-chaparrillo-se2_sr_2022-11-04-11_10_19.tif,SE2_SR_2022-11-04 11_10_19.tif,raster,3834607,local_untracked,False,1,not provided,EPSG:4326,incomplete,not provided
hydra-eo-data-sentinel-2-series-chaparrillo-se2_sr_2022-11-07-11_20_15.tif,SE2_SR_2022-11-07 11_20_15.tif,raster,4069209,local_untracked,False,1,not provided,EPSG:4326,incomplete,not provided
hydra-eo-data-sentinel-2-seriestiffs_alfalfa_site1-se2_sr_2022-11-09-10_18_27.tif,SE2_SR_2022-11-09 10_18_27.tif,raster,3707819,local_untracked,False,1,not provided,EPSG:4326,incomplete,not provided
hydra-eo-data-sentinel-2-seriestiffs_alfalfa_site2-se2_sr_2022-11-09-10_18_27.tif,SE2_SR_2022-11-09 10_18_27.tif,raster,3676936,local_untracked,False,1,not provided,EPSG:4326,incomplete,not provided
hydra-eo-data-sentinel-2-series-chaparrillo-se2_sr_2022-11-12-11_20_19.tif,SE2_SR_2022-11-12 11_20_19.tif,raster,4099082,local_untracked,False,1,not provided,EPSG:4326,incomplete,not provided
hydra-eo-data-sentinel-2-series-chaparrillo-se2_sr_2022-11-12-11_20_26.tif,SE2_SR_2022-11-12 11_20_26.tif,raster,3614778,local_untracked,False,1,not provided,EPSG:4326,incomplete,not provided
hydra-eo-data-sentinel-2-series-lelystad-se2_sr_2022-11-13-10_46_28.tif,SE2_SR_2022-11-13 10_46_28.tif,raster,3349938,local_untracked,False,1,not provided,EPSG:4326,incomplete,not provided
hydra-eo-data-sentinel-2-series-chaparrillo-se2_sr_2022-11-14-11_10_21.tif,SE2_SR_2022-11-14 11_10_21.tif,raster,4087384,local_untracked,False,1,not provided,EPSG:4326,incomplete,not provided
hydra-eo-data-sentinel-2-series-lelystad-se2_sr_2022-11-16-10_56_25.tif,SE2_SR_2022-11-16 10_56_25.tif,raster,3604630,local_untracked,False,1,not provided,EPSG:4326,incomplete,not provided
hydra-eo-data-sentinel-2-seriestiffs_alfalfa_site1-se2_sr_2022-11-17-10_28_26.tif,SE2_SR_2022-11-17 10_28_26.tif,raster,3878770,local_untracked,False,1,not provided,EPSG:4326,incomplete,not provided
hydra-eo-data-sentinel-2-seriestiffs_alfalfa_site2-se2_sr_2022-11-17-10_28_26.tif,SE2_SR_2022-11-17 10_28_26.tif,raster,3765621,local_untracked,False,1,not provided,EPSG:4326,incomplete,not provided
hydra-eo-data-sentinel-2-series-chaparrillo-se2_sr_2022-11-17-11_20_16.tif,SE2_SR_2022-11-17 11_20_16.tif,raster,3920902,local_untracked,False,1,not provided,EPSG:4326,incomplete,not provided
hydra-eo-data-sentinel-2-series-lelystad-se2_sr_2022-11-18-10_46_25.tif,SE2_SR_2022-11-18 10_46_25.tif,raster,3308662,local_untracked,False,1,not provided,EPSG:4326,incomplete,not provided
hydra-eo-data-sentinel-2-series-chaparrillo-se2_sr_2022-11-19-11_10_22.tif,SE2_SR_2022-11-19 11_10_22.tif,raster,4031346,local_untracked,False,1,not provided,EPSG:4326,incomplete,not provided
hydra-eo-data-sentinel-2-series-lelystad-se2_sr_2022-11-23-10_46_25.tif,SE2_SR_2022-11-23 10_46_25.tif,raster,3257564,local_untracked,False,1,not provided,EPSG:4326,incomplete,not provided
hydra-eo-data-sentinel-2-seriestiffs_alfalfa_site1-se2_sr_2022-11-24-10_18_27.tif,SE2_SR_2022-11-24 10_18_27.tif,raster,3851468,local_untracked,False,1,not provided,EPSG:4326,incomplete,not provided
hydra-eo-data-sentinel-2-seriestiffs_alfalfa_site2-se2_sr_2022-11-24-10_18_27.tif,SE2_SR_2022-11-24 10_18_27.tif,raster,3854532,local_untracked,False,1,not provided,EPSG:4326,incomplete,not provided
hydra-eo-data-sentinel-2-series-lelystad-se2_sr_2022-11-26-10_56_22.tif,SE2_SR_2022-11-26 10_56_22.tif,raster,2934894,local_untracked,False,1,not provided,EPSG:4326,incomplete,not provided
hydra-eo-data-sentinel-2-seriestiffs_alfalfa_site1-se2_sr_2022-11-27-10_28_24.tif,SE2_SR_2022-11-27 10_28_24.tif,raster,3820160,local_untracked,False,1,not provided,EPSG:4326,incomplete,not provided
hydra-eo-data-sentinel-2-seriestiffs_alfalfa_site2-se2_sr_2022-11-27-10_28_24.tif,SE2_SR_2022-11-27 10_28_24.tif,raster,3772567,local_untracked,False,1,not provided,EPSG:4326,incomplete,not provided
hydra-eo-data-sentinel-2-series-chaparrillo-se2_sr_2022-11-27-11_20_15.tif,SE2_SR_2022-11-27 11_20_15.tif,raster,3957379,local_untracked,False,1,not provided,EPSG:4326,incomplete,not provided
hydra-eo-data-sentinel-2-series-chaparrillo-se2_sr_2022-11-29-11_10_21.tif,SE2_SR_2022-11-29 11_10_21.tif,raster,4064477,local_untracked,False,1,not provided,EPSG:4326,incomplete,not provided
hydra-eo-data-sentinel-2-series-lelystad-se2_sr_2022-12-01-10_56_21.tif,SE2_SR_2022-12-01 10_56_21.tif,raster,3256330,local_untracked,False,1,not provided,EPSG:4326,incomplete,not provided
hydra-eo-data-sentinel-2-seriestiffs_alfalfa_site1-se2_sr_2022-12-02-10_28_22.tif,SE2_SR_2022-12-02 10_28_22.tif,raster,3574914,local_untracked,False,1,not provided,EPSG:4326,incomplete,not provided
hydra-eo-data-sentinel-2-seriestiffs_alfalfa_site2-se2_sr_2022-12-02-10_28_22.tif,SE2_SR_2022-12-02 10_28_22.tif,raster,3797042,local_untracked,False,1,not provided,EPSG:4326,incomplete,not provided
hydra-eo-data-sentinel-2-series-chaparrillo-se2_sr_2022-12-04-11_10_19.tif,SE2_SR_2022-12-04 11_10_19.tif,raster,4172944,local_untracked,False,1,not provided,EPSG:4326,incomplete,not provided
hydra-eo-data-sentinel-2-series-lelystad-se2_sr_2022-12-06-10_56_23.tif,SE2_SR_2022-12-06 10_56_23.tif,raster,3187351,local_untracked,False,1,not provided,EPSG:4326,incomplete,not provided
hydra-eo-data-sentinel-2-seriestiffs_alfalfa_site1-se2_sr_2022-12-07-10_28_25.tif,SE2_SR_2022-12-07 10_28_25.tif,raster,3518289,local_untracked,False,1,not provided,EPSG:4326,incomplete,not provided
hydra-eo-data-sentinel-2-seriestiffs_alfalfa_site2-se2_sr_2022-12-07-10_28_25.tif,SE2_SR_2022-12-07 10_28_25.tif,raster,3846367,local_untracked,False,1,not provided,EPSG:4326,incomplete,not provided
hydra-eo-data-sentinel-2-series-lelystad-se2_sr_2022-12-08-10_46_21.tif,SE2_SR_2022-12-08 10_46_21.tif,raster,2968468,local_untracked,False,1,not provided,EPSG:4326,incomplete,not provided
hydra-eo-data-sentinel-2-series-lelystad-se2_sr_2022-12-11-10_56_20.tif,SE2_SR_2022-12-11 10_56_20.tif,raster,3286850,local_untracked,False,1,not provided,EPSG:4326,incomplete,not provided
hydra-eo-data-sentinel-2-series-lelystad-se2_sr_2022-12-13-10_46_25.tif,SE2_SR_2022-12-13 10_46_25.tif,raster,3225296,local_untracked,False,1,not provided,EPSG:4326,incomplete,not provided
hydra-eo-data-sentinel-2-series-chaparrillo-se2_sr_2022-12-14-11_10_19.tif,SE2_SR_2022-12-14 11_10_19.tif,raster,4076237,local_untracked,False,1,not provided,EPSG:4326,incomplete,not provided
hydra-eo-data-sentinel-2-series-lelystad-se2_sr_2022-12-16-10_56_22.tif,SE2_SR_2022-12-16 10_56_22.tif,raster,3444855,local_untracked,False,1,not provided,EPSG:4326,incomplete,not provided
hydra-eo-data-sentinel-2-seriestiffs_alfalfa_site1-se2_sr_2022-12-17-10_28_23.tif,SE2_SR_2022-12-17 10_28_23.tif,raster,3946305,local_untracked,False,1,not provided,EPSG:4326,incomplete,not provided
hydra-eo-data-sentinel-2-seriestiffs_alfalfa_site2-se2_sr_2022-12-17-10_28_23.tif,SE2_SR_2022-12-17 10_28_23.tif,raster,3739160,local_untracked,False,1,not provided,EPSG:4326,incomplete,not provided
hydra-eo-data-sentinel-2-series-chaparrillo-se2_sr_2022-12-19-11_10_20.tif,SE2_SR_2022-12-19 11_10_20.tif,raster,3632632,local_untracked,False,1,not provided,EPSG:4326,incomplete,not provided
hydra-eo-data-sentinel-2-series-lelystad-se2_sr_2022-12-21-10_56_22.tif,SE2_SR_2022-12-21 10_56_22.tif,raster,3025033,local_untracked,False,1,not provided,EPSG:4326,incomplete,not provided
hydra-eo-data-sentinel-2-series-chaparrillo-se2_sr_2022-12-24-11_10_20.tif,SE2_SR_2022-12-24 11_10_20.tif,raster,3679040,local_untracked,False,1,not provided,EPSG:4326,incomplete,not provided
hydra-eo-data-sentinel-2-series-lelystad-se2_sr_2022-12-26-10_56_21.tif,SE2_SR_2022-12-26 10_56_21.tif,raster,3354801,local_untracked,False,1,not provided,EPSG:4326,incomplete,not provided
hydra-eo-data-sentinel-2-seriestiffs_alfalfa_site1-se2_sr_2022-12-27-10_28_23.tif,SE2_SR_2022-12-27 10_28_23.tif,raster,3805728,local_untracked,False,1,not provided,EPSG:4326,incomplete,not provided
hydra-eo-data-sentinel-2-seriestiffs_alfalfa_site2-se2_sr_2022-12-27-10_28_23.tif,SE2_SR_2022-12-27 10_28_23.tif,raster,3973184,local_untracked,False,1,not provided,EPSG:4326,incomplete,not provided
hydra-eo-data-sentinel-2-series-chaparrillo-se2_sr_2022-12-27-11_20_16.tif,SE2_SR_2022-12-27 11_20_16.tif,raster,4007590,local_untracked,False,1,not provided,EPSG:4326,incomplete,not provided
hydra-eo-data-sentinel-2-series-chaparrillo-se2_sr_2023-01-01-11_20_15.tif,SE2_SR_2023-01-01 11_20_15.tif,raster,3947807,local_untracked,False,1,not provided,EPSG:4326,incomplete,not provided
hydra-eo-data-sentinel-2-seriestiffs-lelystad-se2_sr_2023-01-02-10_46_24.tif,SE2_SR_2023-01-02 10_46_24.tif,raster,3155925,local_untracked,False,1,not provided,EPSG:4326,incomplete,not provided
hydra-eo-data-sentinel-2-series-chaparrillo-se2_sr_2023-01-03-11_10_19.tif,SE2_SR_2023-01-03 11_10_19.tif,raster,4292866,local_untracked,False,1,not provided,EPSG:4326,incomplete,not provided
hydra-eo-data-sentinel-2-seriestiffs_alfalfa_site1-se2_sr_2023-01-06-10_28_23.tif,SE2_SR_2023-01-06 10_28_23.tif,raster,3647258,local_untracked,False,1,not provided,EPSG:4326,incomplete,not provided
hydra-eo-data-sentinel-2-seriestiffs_alfalfa_site2-se2_sr_2023-01-06-10_28_23.tif,SE2_SR_2023-01-06 10_28_23.tif,raster,3678383,local_untracked,False,1,not provided,EPSG:4326,incomplete,not provided
hydra-eo-data-sentinel-2-series-chaparrillo-se2_sr_2023-01-06-11_20_14.tif,SE2_SR_2023-01-06 11_20_14.tif,raster,3748885,local_untracked,False,1,not provided,EPSG:4326,incomplete,not provided
hydra-eo-data-sentinel-2-series-chaparrillo-se2_sr_2023-01-13-11_10_17.tif,SE2_SR_2023-01-13 11_10_17.tif,raster,3938235,local_untracked,False,1,not provided,EPSG:4326,incomplete,not provided
hydra-eo-data-sentinel-2-series-chaparrillo-se2_sr_2023-01-16-11_20_13.tif,SE2_SR_2023-01-16 11_20_13.tif,raster,3702710,local_untracked,False,1,not provided,EPSG:4326,incomplete,not provided
hydra-eo-data-sentinel-2-seriestiffs_alfalfa_site1-se2_sr_2023-01-18-10_18_25.tif,SE2_SR_2023-01-18 10_18_25.tif,raster,3755947,local_untracked,False,1,not provided,EPSG:4326,incomplete,not provided
hydra-eo-data-sentinel-2-seriestiffs_alfalfa_site2-se2_sr_2023-01-18-10_18_25.tif,SE2_SR_2023-01-18 10_18_25.tif,raster,4073008,local_untracked,False,1,not provided,EPSG:4326,incomplete,not provided
hydra-eo-data-sentinel-2-series-chaparrillo-se2_sr_2023-01-18-11_10_21.tif,SE2_SR_2023-01-18 11_10_21.tif,raster,4086098,local_untracked,False,1,not provided,EPSG:4326,incomplete,not provided
hydra-eo-data-sentinel-2-series-chaparrillo-se2_sr_2023-01-21-11_20_12.tif,SE2_SR_2023-01-21 11_20_12.tif,raster,4220876,local_untracked,False,1,not provided,EPSG:4326,incomplete,not provided
hydra-eo-data-sentinel-2-series-chaparrillo-se2_sr_2023-01-23-11_10_19.tif,SE2_SR_2023-01-23 11_10_19.tif,raster,4110494,local_untracked,False,1,not provided,EPSG:4326,incomplete,not provided
hydra-eo-data-sentinel-2-seriestiffs_alfalfa_site1-se2_sr_2023-01-26-10_28_21.tif,SE2_SR_2023-01-26 10_28_21.tif,raster,3814834,local_untracked,False,1,not provided,EPSG:4326,incomplete,not provided
hydra-eo-data-sentinel-2-seriestiffs_alfalfa_site2-se2_sr_2023-01-26-10_28_21.tif,SE2_SR_2023-01-26 10_28_21.tif,raster,3874603,local_untracked,False,1,not provided,EPSG:4326,incomplete,not provided
hydra-eo-data-sentinel-2-series-chaparrillo-se2_sr_2023-01-26-11_20_14.tif,SE2_SR_2023-01-26 11_20_14.tif,raster,3955492,local_untracked,False,1,not provided,EPSG:4326,incomplete,not provided
hydra-eo-data-sentinel-2-seriestiffs_alfalfa_site1-se2_sr_2023-01-28-10_18_26.tif,SE2_SR_2023-01-28 10_18_26.tif,raster,3878368,local_untracked,False,1,not provided,EPSG:4326,incomplete,not provided
hydra-eo-data-sentinel-2-seriestiffs_alfalfa_site2-se2_sr_2023-01-28-10_18_26.tif,SE2_SR_2023-01-28 10_18_26.tif,raster,3746691,local_untracked,False,1,not provided,EPSG:4326,incomplete,not provided
hydra-eo-data-sentinel-2-series-chaparrillo-se2_sr_2023-01-28-11_10_19.tif,SE2_SR_2023-01-28 11_10_19.tif,raster,4134020,local_untracked,False,1,not provided,EPSG:4326,incomplete,not provided
hydra-eo-data-sentinel-2-seriestiffs_alfalfa_site1-se2_sr_2023-01-31-10_28_21.tif,SE2_SR_2023-01-31 10_28_21.tif,raster,3843865,local_untracked,False,1,not provided,EPSG:4326,incomplete,not provided
hydra-eo-data-sentinel-2-seriestiffs_alfalfa_site2-se2_sr_2023-01-31-10_28_21.tif,SE2_SR_2023-01-31 10_28_21.tif,raster,3772259,local_untracked,False,1,not provided,EPSG:4326,incomplete,not provided
hydra-eo-data-sentinel-2-series-chaparrillo-se2_sr_2023-01-31-11_20_14.tif,SE2_SR_2023-01-31 11_20_14.tif,raster,4114619,local_untracked,False,1,not provided,EPSG:4326,incomplete,not provided
hydra-eo-data-sentinel-2-series-chaparrillo-se2_sr_2023-01-31-11_20_21.tif,SE2_SR_2023-01-31 11_20_21.tif,raster,292516,local_untracked,False,1,not provided,EPSG:4326,incomplete,not provided
hydra-eo-data-sentinel-2-seriestiffs_alfalfa_site1-se2_sr_2023-02-02-10_18_27.tif,SE2_SR_2023-02-02 10_18_27.tif,raster,3931079,local_untracked,False,1,not provided,EPSG:4326,incomplete,not provided
hydra-eo-data-sentinel-2-seriestiffs_alfalfa_site2-se2_sr_2023-02-02-10_18_27.tif,SE2_SR_2023-02-02 10_18_27.tif,raster,3884200,local_untracked,False,1,not provided,EPSG:4326,incomplete,not provided
hydra-eo-data-sentinel-2-series-chaparrillo-se2_sr_2023-02-02-11_10_18.tif,SE2_SR_2023-02-02 11_10_18.tif,raster,4116740,local_untracked,False,1,not provided,EPSG:4326,incomplete,not provided
hydra-eo-data-sentinel-2-seriestiffs_alfalfa_site1-se2_sr_2023-02-05-10_28_23.tif,SE2_SR_2023-02-05 10_28_23.tif,raster,3949267,local_untracked,False,1,not provided,EPSG:4326,incomplete,not provided
hydra-eo-data-sentinel-2-seriestiffs_alfalfa_site2-se2_sr_2023-02-05-10_28_23.tif,SE2_SR_2023-02-05 10_28_23.tif,raster,3935457,local_untracked,False,1,not provided,EPSG:4326,incomplete,not provided
hydra-eo-data-sentinel-2-series-chaparrillo-se2_sr_2023-02-05-11_20_14.tif,SE2_SR_2023-02-05 11_20_14.tif,raster,4110416,local_untracked,False,1,not provided,EPSG:4326,incomplete,not provided
hydra-eo-data-sentinel-2-seriestiffs_alfalfa_site1-se2_sr_2023-02-07-10_18_26.tif,SE2_SR_2023-02-07 10_18_26.tif,raster,3920336,local_untracked,False,1,not provided,EPSG:4326,incomplete,not provided
hydra-eo-data-sentinel-2-seriestiffs_alfalfa_site2-se2_sr_2023-02-07-10_18_26.tif,SE2_SR_2023-02-07 10_18_26.tif,raster,3855651,local_untracked,False,1,not provided,EPSG:4326,incomplete,not provided
hydra-eo-data-sentinel-2-seriestiffs_alfalfa_site1-se2_sr_2023-02-10-10_28_23.tif,SE2_SR_2023-02-10 10_28_23.tif,raster,3870674,local_untracked,False,1,not provided,EPSG:4326,incomplete,not provided
hydra-eo-data-sentinel-2-seriestiffs_alfalfa_site2-se2_sr_2023-02-10-10_28_23.tif,SE2_SR_2023-02-10 10_28_23.tif,raster,3789185,local_untracked,False,1,not provided,EPSG:4326,incomplete,not provided
hydra-eo-data-sentinel-2-series-chaparrillo-se2_sr_2023-02-10-11_20_15.tif,SE2_SR_2023-02-10 11_20_15.tif,raster,4121986,local_untracked,False,1,not provided,EPSG:4326,incomplete,not provided
hydra-eo-data-sentinel-2-seriestiffs_alfalfa_site1-se2_sr_2023-02-12-10_18_26.tif,SE2_SR_2023-02-12 10_18_26.tif,raster,3915302,local_untracked,False,1,not provided,EPSG:4326,incomplete,not provided
hydra-eo-data-sentinel-2-seriestiffs_alfalfa_site2-se2_sr_2023-02-12-10_18_26.tif,SE2_SR_2023-02-12 10_18_26.tif,raster,3883728,local_untracked,False,1,not provided,EPSG:4326,incomplete,not provided
hydra-eo-data-sentinel-2-series-chaparrillo-se2_sr_2023-02-12-11_10_20.tif,SE2_SR_2023-02-12 11_10_20.tif,raster,4085767,local_untracked,False,1,not provided,EPSG:4326,incomplete,not provided
hydra-eo-data-sentinel-2-seriestiffs_alfalfa_site1-se2_sr_2023-02-15-10_28_21.tif,SE2_SR_2023-02-15 10_28_21.tif,raster,3887888,local_untracked,False,1,not provided,EPSG:4326,incomplete,not provided
hydra-eo-data-sentinel-2-seriestiffs_alfalfa_site2-se2_sr_2023-02-15-10_28_21.tif,SE2_SR_2023-02-15 10_28_21.tif,raster,3816813,local_untracked,False,1,not provided,EPSG:4326,incomplete,not provided
hydra-eo-data-sentinel-2-series-chaparrillo-se2_sr_2023-02-15-11_20_16.tif,SE2_SR_2023-02-15 11_20_16.tif,raster,3870930,local_untracked,False,1,not provided,EPSG:4326,incomplete,not provided
hydra-eo-data-sentinel-2-seriestiffs_alfalfa_site1-se2_sr_2023-02-17-10_18_26.tif,SE2_SR_2023-02-17 10_18_26.tif,raster,3919052,local_untracked,False,1,not provided,EPSG:4326,incomplete,not provided
hydra-eo-data-sentinel-2-seriestiffs_alfalfa_site2-se2_sr_2023-02-17-10_18_26.tif,SE2_SR_2023-02-17 10_18_26.tif,raster,3868797,local_untracked,False,1,not provided,EPSG:4326,incomplete,not provided
hydra-eo-data-sentinel-2-series-chaparrillo-se2_sr_2023-02-17-11_10_18.tif,SE2_SR_2023-02-17 11_10_18.tif,raster,4144457,local_untracked,False,1,not provided,EPSG:4326,incomplete,not provided
hydra-eo-data-sentinel-2-seriestiffs-lelystad-se2_sr_2023-02-19-10_56_21.tif,SE2_SR_2023-02-19 10_56_21.tif,raster,3231034,local_untracked,False,1,not provided,EPSG:4326,incomplete,not provided
hydra-eo-data-sentinel-2-seriestiffs_alfalfa_site1-se2_sr_2023-02-20-10_28_23.tif,SE2_SR_2023-02-20 10_28_23.tif,raster,3723942,local_untracked,False,1,not provided,EPSG:4326,incomplete,not provided
hydra-eo-data-sentinel-2-seriestiffs_alfalfa_site2-se2_sr_2023-02-20-10_28_23.tif,SE2_SR_2023-02-20 10_28_23.tif,raster,3715136,local_untracked,False,1,not provided,EPSG:4326,incomplete,not provided
hydra-eo-data-sentinel-2-series-chaparrillo-se2_sr_2023-02-20-11_20_14.tif,SE2_SR_2023-02-20 11_20_14.tif,raster,4144524,local_untracked,False,1,not provided,EPSG:4326,incomplete,not provided
hydra-eo-data-sentinel-2-series-chaparrillo-se2_sr_2023-02-22-11_10_21.tif,SE2_SR_2023-02-22 11_10_21.tif,raster,4128390,local_untracked,False,1,not provided,EPSG:4326,incomplete,not provided
hydra-eo-data-sentinel-2-seriestiffs-lelystad-se2_sr_2023-02-24-10_56_20.tif,SE2_SR_2023-02-24 10_56_20.tif,raster,3399498,local_untracked,False,1,not provided,EPSG:4326,incomplete,not provided
hydra-eo-data-sentinel-2-series-chaparrillo-se2_sr_2023-02-25-11_20_17.tif,SE2_SR_2023-02-25 11_20_17.tif,raster,4054392,local_untracked,False,1,not provided,EPSG:4326,incomplete,not provided
hydra-eo-data-sentinel-2-seriestiffs-lelystad-se2_sr_2023-02-26-10_46_26.tif,SE2_SR_2023-02-26 10_46_26.tif,raster,3239133,local_untracked,False,1,not provided,EPSG:4326,incomplete,not provided
hydra-eo-data-sentinel-2-series-chaparrillo-se2_sr_2023-02-27-11_10_19.tif,SE2_SR_2023-02-27 11_10_19.tif,raster,4168210,local_untracked,False,1,not provided,EPSG:4326,incomplete,not provided
hydra-eo-data-sentinel-2-seriestiffs-lelystad-se2_sr_2023-03-01-10_56_23.tif,SE2_SR_2023-03-01 10_56_23.tif,raster,3239082,local_untracked,False,1,not provided,EPSG:4326,incomplete,not provided
hydra-eo-data-sentinel-2-series-chaparrillo-se2_sr_2023-03-02-11_20_13.tif,SE2_SR_2023-03-02 11_20_13.tif,raster,4141870,local_untracked,False,1,not provided,EPSG:4326,incomplete,not provided
hydra-eo-data-sentinel-2-seriestiffs-lelystad-se2_sr_2023-03-03-10_46_22.tif,SE2_SR_2023-03-03 10_46_22.tif,raster,3263416,local_untracked,False,1,not provided,EPSG:4326,incomplete,not provided
hydra-eo-data-sentinel-2-series-chaparrillo-se2_sr_2023-03-04-11_10_23.tif,SE2_SR_2023-03-04 11_10_23.tif,raster,4156483,local_untracked,False,1,not provided,EPSG:4326,incomplete,not provided
hydra-eo-data-sentinel-2-seriestiffs_alfalfa_site1-se2_sr_2023-03-07-10_28_20.tif,SE2_SR_2023-03-07 10_28_20.tif,raster,3895125,local_untracked,False,1,not provided,EPSG:4326,incomplete,not provided
hydra-eo-data-sentinel-2-seriestiffs_alfalfa_site2-se2_sr_2023-03-07-10_28_20.tif,SE2_SR_2023-03-07 10_28_20.tif,raster,3879163,local_untracked,False,1,not provided,EPSG:4326,incomplete,not provided
hydra-eo-data-sentinel-2-series-chaparrillo-se2_sr_2023-03-07-11_20_20.tif,SE2_SR_2023-03-07 11_20_20.tif,raster,4136969,local_untracked,False,1,not provided,EPSG:4326,incomplete,not provided
hydra-eo-data-sentinel-2-seriestiffs_alfalfa_site1-se2_sr_2023-03-09-10_18_32.tif,SE2_SR_2023-03-09 10_18_32.tif,raster,3926266,local_untracked,False,1,not provided,EPSG:4326,incomplete,not provided
hydra-eo-data-sentinel-2-seriestiffs_alfalfa_site2-se2_sr_2023-03-09-10_18_32.tif,SE2_SR_2023-03-09 10_18_32.tif,raster,3726939,local_untracked,False,1,not provided,EPSG:4326,incomplete,not provided
hydra-eo-data-sentinel-2-series-chaparrillo-se2_sr_2023-03-09-11_10_16.tif,SE2_SR_2023-03-09 11_10_16.tif,raster,4076103,local_untracked,False,1,not provided,EPSG:4326,incomplete,not provided
hydra-eo-data-sentinel-2-seriestiffs-lelystad-se2_sr_2023-03-11-10_56_27.tif,SE2_SR_2023-03-11 10_56_27.tif,raster,2745170,local_untracked,False,1,not provided,EPSG:4326,incomplete,not provided
hydra-eo-data-sentinel-2-seriestiffs_alfalfa_site1-se2_sr_2023-03-12-10_28_28.tif,SE2_SR_2023-03-12 10_28_28.tif,raster,3929784,local_untracked,False,1,not provided,EPSG:4326,incomplete,not provided
hydra-eo-data-sentinel-2-seriestiffs_alfalfa_site2-se2_sr_2023-03-12-10_28_28.tif,SE2_SR_2023-03-12 10_28_28.tif,raster,3622319,local_untracked,False,1,not provided,EPSG:4326,incomplete,not provided
hydra-eo-data-sentinel-2-series-chaparrillo-se2_sr_2023-03-12-11_20_12.tif,SE2_SR_2023-03-12 11_20_12.tif,raster,4153790,local_untracked,False,1,not provided,EPSG:4326,incomplete,not provided
hydra-eo-data-sentinel-2-seriestiffs-lelystad-se2_sr_2023-03-13-10_46_22.tif,SE2_SR_2023-03-13 10_46_22.tif,raster,3539112,local_untracked,False,1,not provided,EPSG:4326,incomplete,not provided
hydra-eo-data-sentinel-2-series-chaparrillo-se2_sr_2023-03-14-11_10_25.tif,SE2_SR_2023-03-14 11_10_25.tif,raster,4086191,local_untracked,False,1,not provided,EPSG:4326,incomplete,not provided
hydra-eo-data-sentinel-2-seriestiffs_alfalfa_site1-se2_sr_2023-03-17-10_28_22.tif,SE2_SR_2023-03-17 10_28_22.tif,raster,3910000,local_untracked,False,1,not provided,EPSG:4326,incomplete,not provided
hydra-eo-data-sentinel-2-seriestiffs_alfalfa_site2-se2_sr_2023-03-17-10_28_22.tif,SE2_SR_2023-03-17 10_28_22.tif,raster,3809710,local_untracked,False,1,not provided,EPSG:4326,incomplete,not provided
hydra-eo-data-sentinel-2-series-chaparrillo-se2_sr_2023-03-17-11_20_20.tif,SE2_SR_2023-03-17 11_20_20.tif,raster,4247503,local_untracked,False,1,not provided,EPSG:4326,incomplete,not provided
hydra-eo-data-sentinel-2-seriestiffs-lelystad-se2_sr_2023-03-18-10_46_29.tif,SE2_SR_2023-03-18 10_46_29.tif,raster,3380136,local_untracked,False,1,not provided,EPSG:4326,incomplete,not provided
hydra-eo-data-sentinel-2-series-chaparrillo-se2_sr_2023-03-19-11_10_19.tif,SE2_SR_2023-03-19 11_10_19.tif,raster,4294193,local_untracked,False,1,not provided,EPSG:4326,incomplete,not provided
hydra-eo-data-sentinel-2-seriestiffs_alfalfa_site1-se2_sr_2023-03-22-10_28_27.tif,SE2_SR_2023-03-22 10_28_27.tif,raster,3920358,local_untracked,False,1,not provided,EPSG:4326,incomplete,not provided
hydra-eo-data-sentinel-2-seriestiffs_alfalfa_site2-se2_sr_2023-03-22-10_28_27.tif,SE2_SR_2023-03-22 10_28_27.tif,raster,3932043,local_untracked,False,1,not provided,EPSG:4326,incomplete,not provided
hydra-eo-data-sentinel-2-series-chaparrillo-se2_sr_2023-03-22-11_20_15.tif,SE2_SR_2023-03-22 11_20_15.tif,raster,4161248,local_untracked,False,1,not provided,EPSG:4326,incomplete,not provided
hydra-eo-data-sentinel-2-seriestiffs-lelystad-se2_sr_2023-03-23-10_46_24.tif,SE2_SR_2023-03-23 10_46_24.tif,raster,3206863,local_untracked,False,1,not provided,EPSG:4326,incomplete,not provided
hydra-eo-data-sentinel-2-seriestiffs_alfalfa_site1-se2_sr_2023-03-24-10_18_27.tif,SE2_SR_2023-03-24 10_18_27.tif,raster,3845865,local_untracked,False,1,not provided,EPSG:4326,incomplete,not provided
hydra-eo-data-sentinel-2-seriestiffs_alfalfa_site2-se2_sr_2023-03-24-10_18_27.tif,SE2_SR_2023-03-24 10_18_27.tif,raster,3919640,local_untracked,False,1,not provided,EPSG:4326,incomplete,not provided
hydra-eo-data-sentinel-2-seriestiffs_alfalfa_site1-se2_sr_2023-03-27-10_28_22.tif,SE2_SR_2023-03-27 10_28_22.tif,raster,3905225,local_untracked,False,1,not provided,EPSG:4326,incomplete,not provided
hydra-eo-data-sentinel-2-seriestiffs_alfalfa_site2-se2_sr_2023-03-27-10_28_22.tif,SE2_SR_2023-03-27 10_28_22.tif,raster,3939220,local_untracked,False,1,not provided,EPSG:4326,incomplete,not provided
hydra-eo-data-sentinel-2-series-chaparrillo-se2_sr_2023-03-27-11_20_20.tif,SE2_SR_2023-03-27 11_20_20.tif,raster,4146854,local_untracked,False,1,not provided,EPSG:4326,incomplete,not provided
hydra-eo-data-sentinel-2-seriestiffs_alfalfa_site1-se2_sr_2023-03-29-10_18_31.tif,SE2_SR_2023-03-29 10_18_31.tif,raster,3977677,local_untracked,False,1,not provided,EPSG:4326,incomplete,not provided
hydra-eo-data-sentinel-2-seriestiffs_alfalfa_site2-se2_sr_2023-03-29-10_18_31.tif,SE2_SR_2023-03-29 10_18_31.tif,raster,3607469,local_untracked,False,1,not provided,EPSG:4326,incomplete,not provided
hydra-eo-data-sentinel-2-series-chaparrillo-se2_sr_2023-03-29-11_10_19.tif,SE2_SR_2023-03-29 11_10_19.tif,raster,4168955,local_untracked,False,1,not provided,EPSG:4326,incomplete,not provided
hydra-eo-data-sentinel-2-seriestiffs_alfalfa_site1-se2_sr_2023-04-01-10_28_27.tif,SE2_SR_2023-04-01 10_28_27.tif,raster,3963390,local_untracked,False,1,not provided,EPSG:4326,incomplete,not provided
hydra-eo-data-sentinel-2-seriestiffs_alfalfa_site2-se2_sr_2023-04-01-10_28_27.tif,SE2_SR_2023-04-01 10_28_27.tif,raster,3980858,local_untracked,False,1,not provided,EPSG:4326,incomplete,not provided
hydra-eo-data-sentinel-2-series-chaparrillo-se2_sr_2023-04-01-11_20_15.tif,SE2_SR_2023-04-01 11_20_15.tif,raster,4155482,local_untracked,False,1,not provided,EPSG:4326,incomplete,not provided
hydra-eo-data-sentinel-2-seriestiffs-lelystad-se2_sr_2023-04-02-10_46_24.tif,SE2_SR_2023-04-02 10_46_24.tif,raster,3331000,local_untracked,False,1,not provided,EPSG:4326,incomplete,not provided
hydra-eo-data-sentinel-2-seriestiffs_alfalfa_site1-se2_sr_2023-04-03-10_18_27.tif,SE2_SR_2023-04-03 10_18_27.tif,raster,3987029,local_untracked,False,1,not provided,EPSG:4326,incomplete,not provided
hydra-eo-data-sentinel-2-seriestiffs_alfalfa_site2-se2_sr_2023-04-03-10_18_27.tif,SE2_SR_2023-04-03 10_18_27.tif,raster,4060202,local_untracked,False,1,not provided,EPSG:4326,incomplete,not provided
hydra-eo-data-sentinel-2-series-chaparrillo-se2_sr_2023-04-03-11_10_24.tif,SE2_SR_2023-04-03 11_10_24.tif,raster,4166859,local_untracked,False,1,not provided,EPSG:4326,incomplete,not provided
hydra-eo-data-sentinel-2-seriestiffs-lelystad-se2_sr_2023-04-05-10_56_22.tif,SE2_SR_2023-04-05 10_56_22.tif,raster,3336034,local_untracked,False,1,not provided,EPSG:4326,incomplete,not provided
hydra-eo-data-sentinel-2-seriestiffs_alfalfa_site1-se2_sr_2023-04-06-10_28_24.tif,SE2_SR_2023-04-06 10_28_24.tif,raster,3945438,local_untracked,False,1,not provided,EPSG:4326,incomplete,not provided
hydra-eo-data-sentinel-2-seriestiffs_alfalfa_site2-se2_sr_2023-04-06-10_28_24.tif,SE2_SR_2023-04-06 10_28_24.tif,raster,3962482,local_untracked,False,1,not provided,EPSG:4326,incomplete,not provided
hydra-eo-data-sentinel-2-series-chaparrillo-se2_sr_2023-04-06-11_20_19.tif,SE2_SR_2023-04-06 11_20_19.tif,raster,4100786,local_untracked,False,1,not provided,EPSG:4326,incomplete,not provided
hydra-eo-data-sentinel-2-seriestiffs_alfalfa_site1-se2_sr_2023-04-08-10_18_30.tif,SE2_SR_2023-04-08 10_18_30.tif,raster,4011199,local_untracked,False,1,not provided,EPSG:4326,incomplete,not provided
hydra-eo-data-sentinel-2-seriestiffs_alfalfa_site2-se2_sr_2023-04-08-10_18_30.tif,SE2_SR_2023-04-08 10_18_30.tif,raster,4009693,local_untracked,False,1,not provided,EPSG:4326,incomplete,not provided
hydra-eo-data-sentinel-2-series-chaparrillo-se2_sr_2023-04-08-11_10_21.tif,SE2_SR_2023-04-08 11_10_21.tif,raster,4142449,local_untracked,False,1,not provided,EPSG:4326,incomplete,not provided
hydra-eo-data-sentinel-2-series-chaparrillo-se2_sr_2023-04-11-11_20_16.tif,SE2_SR_2023-04-11 11_20_16.tif,raster,4141277,local_untracked,False,1,not provided,EPSG:4326,incomplete,not provided
hydra-eo-data-sentinel-2-seriestiffs-lelystad-se2_sr_2023-04-12-10_46_25.tif,SE2_SR_2023-04-12 10_46_25.tif,raster,3219168,local_untracked,False,1,not provided,EPSG:4326,incomplete,not provided
hydra-eo-data-sentinel-2-seriestiffs_alfalfa_site1-se2_sr_2023-04-13-10_18_28.tif,SE2_SR_2023-04-13 10_18_28.tif,raster,3712411,local_untracked,False,1,not provided,EPSG:4326,incomplete,not provided
hydra-eo-data-sentinel-2-seriestiffs_alfalfa_site2-se2_sr_2023-04-13-10_18_28.tif,SE2_SR_2023-04-13 10_18_28.tif,raster,3348544,local_untracked,False,1,not provided,EPSG:4326,incomplete,not provided
hydra-eo-data-sentinel-2-series-chaparrillo-se2_sr_2023-04-13-11_10_22.tif,SE2_SR_2023-04-13 11_10_22.tif,raster,4117168,local_untracked,False,1,not provided,EPSG:4326,incomplete,not provided
hydra-eo-data-sentinel-2-seriestiffs-lelystad-se2_sr_2023-04-15-10_56_22.tif,SE2_SR_2023-04-15 10_56_22.tif,raster,3469668,local_untracked,False,1,not provided,EPSG:4326,incomplete,not provided
hydra-eo-data-sentinel-2-seriestiffs_alfalfa_site1-se2_sr_2023-04-16-10_28_24.tif,SE2_SR_2023-04-16 10_28_24.tif,raster,3940978,local_untracked,False,1,not provided,EPSG:4326,incomplete,not provided
hydra-eo-data-sentinel-2-seriestiffs_alfalfa_site2-se2_sr_2023-04-16-10_28_24.tif,SE2_SR_2023-04-16 10_28_24.tif,raster,3995268,local_untracked,False,1,not provided,EPSG:4326,incomplete,not provided
hydra-eo-data-sentinel-2-seriestiffs-lelystad-se2_sr_2023-04-17-10_46_27.tif,SE2_SR_2023-04-17 10_46_27.tif,raster,3452201,local_untracked,False,1,not provided,EPSG:4326,incomplete,not provided
hydra-eo-data-sentinel-2-seriestiffs_alfalfa_site1-se2_sr_2023-04-18-10_18_30.tif,SE2_SR_2023-04-18 10_18_30.tif,raster,4025708,local_untracked,False,1,not provided,EPSG:4326,incomplete,not provided
hydra-eo-data-sentinel-2-seriestiffs_alfalfa_site2-se2_sr_2023-04-18-10_18_30.tif,SE2_SR_2023-04-18 10_18_30.tif,raster,3899793,local_untracked,False,1,not provided,EPSG:4326,incomplete,not provided
hydra-eo-data-sentinel-2-series-chaparrillo-se2_sr_2023-04-18-11_10_20.tif,SE2_SR_2023-04-18 11_10_20.tif,raster,4135634,local_untracked,False,1,not provided,EPSG:4326,incomplete,not provided
hydra-eo-data-sentinel-2-series-chaparrillo-se2_sr_2023-04-21-11_20_15.tif,SE2_SR_2023-04-21 11_20_15.tif,raster,4150080,local_untracked,False,1,not provided,EPSG:4326,incomplete,not provided
hydra-eo-data-sentinel-2-seriestiffs-lelystad-se2_sr_2023-04-22-10_46_24.tif,SE2_SR_2023-04-22 10_46_24.tif,raster,3325818,local_untracked,False,1,not provided,EPSG:4326,incomplete,not provided
hydra-eo-data-sentinel-2-seriestiffs_alfalfa_site1-se2_sr_2023-04-23-10_18_27.tif,SE2_SR_2023-04-23 10_18_27.tif,raster,4042792,local_untracked,False,1,not provided,EPSG:4326,incomplete,not provided
hydra-eo-data-sentinel-2-seriestiffs_alfalfa_site2-se2_sr_2023-04-23-10_18_27.tif,SE2_SR_2023-04-23 10_18_27.tif,raster,3926077,local_untracked,False,1,not provided,EPSG:4326,incomplete,not provided
hydra-eo-data-sentinel-2-series-chaparrillo-se2_sr_2023-04-23-11_10_23.tif,SE2_SR_2023-04-23 11_10_23.tif,raster,4122050,local_untracked,False,1,not provided,EPSG:4326,incomplete,not provided
hydra-eo-data-sentinel-2-seriestiffs-lelystad-se2_sr_2023-04-25-10_56_22.tif,SE2_SR_2023-04-25 10_56_22.tif,raster,3318020,local_untracked,False,1,not provided,EPSG:4326,incomplete,not provided
hydra-eo-data-sentinel-2-seriestiffs_alfalfa_site1-se2_sr_2023-04-26-10_28_24.tif,SE2_SR_2023-04-26 10_28_24.tif,raster,3930151,local_untracked,False,1,not provided,EPSG:4326,incomplete,not provided
hydra-eo-data-sentinel-2-seriestiffs_alfalfa_site2-se2_sr_2023-04-26-10_28_24.tif,SE2_SR_2023-04-26 10_28_24.tif,raster,3957538,local_untracked,False,1,not provided,EPSG:4326,incomplete,not provided
hydra-eo-data-sentinel-2-series-chaparrillo-se2_sr_2023-04-26-11_20_18.tif,SE2_SR_2023-04-26 11_20_18.tif,raster,4113266,local_untracked,False,1,not provided,EPSG:4326,incomplete,not provided
hydra-eo-data-sentinel-2-seriestiffs-lelystad-se2_sr_2023-04-27-10_46_27.tif,SE2_SR_2023-04-27 10_46_27.tif,raster,3348220,local_untracked,False,1,not provided,EPSG:4326,incomplete,not provided
hydra-eo-data-sentinel-2-seriestiffs-lelystad-se2_sr_2023-04-30-10_56_25.tif,SE2_SR_2023-04-30 10_56_25.tif,raster,3369867,local_untracked,False,1,not provided,EPSG:4326,incomplete,not provided
hydra-eo-data-sentinel-2-series-chaparrillo-se2_sr_2023-05-01-11_20_17.tif,SE2_SR_2023-05-01 11_20_17.tif,raster,4119621,local_untracked,False,1,not provided,EPSG:4326,incomplete,not provided
hydra-eo-data-sentinel-2-seriestiffs_alfalfa_site1-se2_sr_2023-05-06-10_28_24.tif,SE2_SR_2023-05-06 10_28_24.tif,raster,3931337,local_untracked,False,1,not provided,EPSG:4326,incomplete,not provided
hydra-eo-data-sentinel-2-seriestiffs_alfalfa_site2-se2_sr_2023-05-06-10_28_24.tif,SE2_SR_2023-05-06 10_28_24.tif,raster,3966403,local_untracked,False,1,not provided,EPSG:4326,incomplete,not provided
hydra-eo-data-sentinel-2-series-chaparrillo-se2_sr_2023-05-06-11_20_19.tif,SE2_SR_2023-05-06 11_20_19.tif,raster,4113970,local_untracked,False,1,not provided,EPSG:4326,incomplete,not provided
hydra-eo-data-sentinel-2-seriestiffs-lelystad-se2_sr_2023-05-07-10_46_28.tif,SE2_SR_2023-05-07 10_46_28.tif,raster,3287114,local_untracked,False,1,not provided,EPSG:4326,incomplete,not provided
hydra-eo-data-sentinel-2-series-chaparrillo-se2_sr_2023-05-08-11_10_21.tif,SE2_SR_2023-05-08 11_10_21.tif,raster,3797527,local_untracked,False,1,not provided,EPSG:4326,incomplete,not provided
hydra-eo-data-sentinel-2-series-chaparrillo-se2_sr_2023-05-11-11_20_16.tif,SE2_SR_2023-05-11 11_20_16.tif,raster,4111608,local_untracked,False,1,not provided,EPSG:4326,incomplete,not provided
hydra-eo-data-sentinel-2-seriestiffs-lelystad-se2_sr_2023-05-12-10_46_25.tif,SE2_SR_2023-05-12 10_46_25.tif,raster,3203448,local_untracked,False,1,not provided,EPSG:4326,incomplete,not provided
hydra-eo-data-sentinel-2-seriestiffs_alfalfa_site1-se2_sr_2023-05-13-10_18_28.tif,SE2_SR_2023-05-13 10_18_28.tif,raster,4167046,local_untracked,False,1,not provided,EPSG:4326,incomplete,not provided
hydra-eo-data-sentinel-2-seriestiffs_alfalfa_site2-se2_sr_2023-05-13-10_18_28.tif,SE2_SR_2023-05-13 10_18_28.tif,raster,4118472,local_untracked,False,1,not provided,EPSG:4326,incomplete,not provided
hydra-eo-data-sentinel-2-series-chaparrillo-se2_sr_2023-05-13-11_10_24.tif,SE2_SR_2023-05-13 11_10_24.tif,raster,4141768,local_untracked,False,1,not provided,EPSG:4326,incomplete,not provided
hydra-eo-data-sentinel-2-seriestiffs-lelystad-se2_sr_2023-05-17-10_46_30.tif,SE2_SR_2023-05-17 10_46_30.tif,raster,3365856,local_untracked,False,1,not provided,EPSG:4326,incomplete,not provided
hydra-eo-data-sentinel-2-series-chaparrillo-se2_sr_2023-05-18-11_10_23.tif,SE2_SR_2023-05-18 11_10_23.tif,raster,4151015,local_untracked,False,1,not provided,EPSG:4326,incomplete,not provided
hydra-eo-data-sentinel-2-seriestiffs-lelystad-se2_sr_2023-05-20-10_56_27.tif,SE2_SR_2023-05-20 10_56_27.tif,raster,3422994,local_untracked,False,1,not provided,EPSG:4326,incomplete,not provided
hydra-eo-data-sentinel-2-seriestiffs_alfalfa_site1-se2_sr_2023-05-21-10_28_29.tif,SE2_SR_2023-05-21 10_28_29.tif,raster,3907639,local_untracked,False,1,not provided,EPSG:4326,incomplete,not provided
hydra-eo-data-sentinel-2-seriestiffs_alfalfa_site2-se2_sr_2023-05-21-10_28_29.tif,SE2_SR_2023-05-21 10_28_29.tif,raster,4046571,local_untracked,False,1,not provided,EPSG:4326,incomplete,not provided
hydra-eo-data-sentinel-2-seriestiffs-lelystad-se2_sr_2023-05-22-10_46_28.tif,SE2_SR_2023-05-22 10_46_28.tif,raster,3474562,local_untracked,False,1,not provided,EPSG:4326,incomplete,not provided
hydra-eo-data-sentinel-2-seriestiffs_alfalfa_site1-se2_sr_2023-05-23-10_18_31.tif,SE2_SR_2023-05-23 10_18_31.tif,raster,3980187,local_untracked,False,1,not provided,EPSG:4326,incomplete,not provided
hydra-eo-data-sentinel-2-seriestiffs_alfalfa_site2-se2_sr_2023-05-23-10_18_31.tif,SE2_SR_2023-05-23 10_18_31.tif,raster,3981434,local_untracked,False,1,not provided,EPSG:4326,incomplete,not provided
hydra-eo-data-sentinel-2-seriestiffs-lelystad-se2_sr_2023-05-25-10_56_26.tif,SE2_SR_2023-05-25 10_56_26.tif,raster,3089968,local_untracked,False,1,not provided,EPSG:4326,incomplete,not provided
hydra-eo-data-sentinel-2-seriestiffs_alfalfa_site1-se2_sr_2023-05-26-10_28_27.tif,SE2_SR_2023-05-26 10_28_27.tif,raster,3946196,local_untracked,False,1,not provided,EPSG:4326,incomplete,not provided
hydra-eo-data-sentinel-2-seriestiffs_alfalfa_site2-se2_sr_2023-05-26-10_28_27.tif,SE2_SR_2023-05-26 10_28_27.tif,raster,3916861,local_untracked,False,1,not provided,EPSG:4326,incomplete,not provided
hydra-eo-data-sentinel-2-seriestiffs-lelystad-se2_sr_2023-05-27-10_46_30.tif,SE2_SR_2023-05-27 10_46_30.tif,raster,3376253,local_untracked,False,1,not provided,EPSG:4326,incomplete,not provided
hydra-eo-data-sentinel-2-seriestiffs_alfalfa_site1-se2_sr_2023-05-28-10_18_32.tif,SE2_SR_2023-05-28 10_18_32.tif,raster,3984342,local_untracked,False,1,not provided,EPSG:4326,incomplete,not provided
hydra-eo-data-sentinel-2-seriestiffs_alfalfa_site2-se2_sr_2023-05-28-10_18_32.tif,SE2_SR_2023-05-28 10_18_32.tif,raster,3914232,local_untracked,False,1,not provided,EPSG:4326,incomplete,not provided
hydra-eo-data-sentinel-2-series-chaparrillo-se2_sr_2023-05-28-11_10_25.tif,SE2_SR_2023-05-28 11_10_25.tif,raster,4145502,local_untracked,False,1,not provided,EPSG:4326,incomplete,not provided
hydra-eo-data-sentinel-2-seriestiffs-lelystad-se2_sr_2023-05-30-10_56_27.tif,SE2_SR_2023-05-30 10_56_27.tif,raster,2723951,local_untracked,False,1,not provided,EPSG:4326,incomplete,not provided
hydra-eo-data-sentinel-2-seriestiffs_alfalfa_site1-se2_sr_2023-05-31-10_28_28.tif,SE2_SR_2023-05-31 10_28_28.tif,raster,4031895,local_untracked,False,1,not provided,EPSG:4326,incomplete,not provided
hydra-eo-data-sentinel-2-seriestiffs_alfalfa_site2-se2_sr_2023-05-31-10_28_28.tif,SE2_SR_2023-05-31 10_28_28.tif,raster,4031961,local_untracked,False,1,not provided,EPSG:4326,incomplete,not provided
hydra-eo-data-sentinel-2-seriestiffs_alfalfa_site1-se2_sr_2023-06-02-10_18_32.tif,SE2_SR_2023-06-02 10_18_32.tif,raster,3991352,local_untracked,False,1,not provided,EPSG:4326,incomplete,not provided
hydra-eo-data-sentinel-2-seriestiffs_alfalfa_site2-se2_sr_2023-06-02-10_18_32.tif,SE2_SR_2023-06-02 10_18_32.tif,raster,3982196,local_untracked,False,1,not provided,EPSG:4326,incomplete,not provided
hydra-eo-data-sentinel-2-series-chaparrillo-se2_sr_2023-06-02-11_10_25.tif,SE2_SR_2023-06-02 11_10_25.tif,raster,3737589,local_untracked,False,1,not provided,EPSG:4326,incomplete,not provided
hydra-eo-data-sentinel-2-seriestiffs-lelystad-se2_sr_2023-06-04-10_56_26.tif,SE2_SR_2023-06-04 10_56_26.tif,raster,3372450,local_untracked,False,1,not provided,EPSG:4326,incomplete,not provided
hydra-eo-data-sentinel-2-series-chaparrillo-se2_sr_2023-06-05-11_20_21.tif,SE2_SR_2023-06-05 11_20_21.tif,raster,4059793,local_untracked,False,1,not provided,EPSG:4326,incomplete,not provided
hydra-eo-data-sentinel-2-seriestiffs-lelystad-se2_sr_2023-06-06-10_46_30.tif,SE2_SR_2023-06-06 10_46_30.tif,raster,3390003,local_untracked,False,1,not provided,EPSG:4326,incomplete,not provided
hydra-eo-data-sentinel-2-seriestiffs_alfalfa_site1-se2_sr_2023-06-07-10_18_33.tif,SE2_SR_2023-06-07 10_18_33.tif,raster,4116111,local_untracked,False,1,not provided,EPSG:4326,incomplete,not provided
hydra-eo-data-sentinel-2-seriestiffs_alfalfa_site2-se2_sr_2023-06-07-10_18_33.tif,SE2_SR_2023-06-07 10_18_33.tif,raster,4033867,local_untracked,False,1,not provided,EPSG:4326,incomplete,not provided
hydra-eo-data-sentinel-2-seriestiffs-lelystad-se2_sr_2023-06-09-10_56_27.tif,SE2_SR_2023-06-09 10_56_27.tif,raster,3380222,local_untracked,False,1,not provided,EPSG:4326,incomplete,not provided
hydra-eo-data-sentinel-2-series-chaparrillo-se2_sr_2023-06-10-11_20_20.tif,SE2_SR_2023-06-10 11_20_20.tif,raster,4211677,local_untracked,False,1,not provided,EPSG:4326,incomplete,not provided
hydra-eo-data-sentinel-2-seriestiffs-lelystad-se2_sr_2023-06-11-10_46_29.tif,SE2_SR_2023-06-11 10_46_29.tif,raster,3404745,local_untracked,False,1,not provided,EPSG:4326,incomplete,not provided
hydra-eo-data-sentinel-2-seriestiffs_alfalfa_site1-se2_sr_2023-06-12-10_18_32.tif,SE2_SR_2023-06-12 10_18_32.tif,raster,4126037,local_untracked,False,1,not provided,EPSG:4326,incomplete,not provided
hydra-eo-data-sentinel-2-seriestiffs_alfalfa_site2-se2_sr_2023-06-12-10_18_32.tif,SE2_SR_2023-06-12 10_18_32.tif,raster,4138306,local_untracked,False,1,not provided,EPSG:4326,incomplete,not provided
hydra-eo-data-sentinel-2-series-chaparrillo-se2_sr_2023-06-12-11_10_28.tif,SE2_SR_2023-06-12 11_10_28.tif,raster,3833030,local_untracked,False,1,not provided,EPSG:4326,incomplete,not provided
hydra-eo-data-sentinel-2-seriestiffs-lelystad-se2_sr_2023-06-14-10_56_27.tif,SE2_SR_2023-06-14 10_56_27.tif,raster,3409422,local_untracked,False,1,not provided,EPSG:4326,incomplete,not provided
hydra-eo-data-sentinel-2-seriestiffs_alfalfa_site1-se2_sr_2023-06-15-10_28_28.tif,SE2_SR_2023-06-15 10_28_28.tif,raster,4037969,local_untracked,False,1,not provided,EPSG:4326,incomplete,not provided
hydra-eo-data-sentinel-2-seriestiffs_alfalfa_site2-se2_sr_2023-06-15-10_28_28.tif,SE2_SR_2023-06-15 10_28_28.tif,raster,3964034,local_untracked,False,1,not provided,EPSG:4326,incomplete,not provided
hydra-eo-data-sentinel-2-series-chaparrillo-se2_sr_2023-06-15-11_20_21.tif,SE2_SR_2023-06-15 11_20_21.tif,raster,4120872,local_untracked,False,1,not provided,EPSG:4326,incomplete,not provided
hydra-eo-data-sentinel-2-seriestiffs-lelystad-se2_sr_2023-06-16-10_46_30.tif,SE2_SR_2023-06-16 10_46_30.tif,raster,3402787,local_untracked,False,1,not provided,EPSG:4326,incomplete,not provided
hydra-eo-data-sentinel-2-seriestiffs_alfalfa_site1-se2_sr_2023-06-17-10_18_33.tif,SE2_SR_2023-06-17 10_18_33.tif,raster,3976595,local_untracked,False,1,not provided,EPSG:4326,incomplete,not provided
hydra-eo-data-sentinel-2-seriestiffs_alfalfa_site2-se2_sr_2023-06-17-10_18_33.tif,SE2_SR_2023-06-17 10_18_33.tif,raster,3955129,local_untracked,False,1,not provided,EPSG:4326,incomplete,not provided
hydra-eo-data-sentinel-2-series-chaparrillo-se2_sr_2023-06-17-11_10_25.tif,SE2_SR_2023-06-17 11_10_25.tif,raster,4106663,local_untracked,False,1,not provided,EPSG:4326,incomplete,not provided
hydra-eo-data-sentinel-2-seriestiffs_alfalfa_site1-se2_sr_2023-06-20-10_28_28.tif,SE2_SR_2023-06-20 10_28_28.tif,raster,3630793,local_untracked,False,1,not provided,EPSG:4326,incomplete,not provided
hydra-eo-data-sentinel-2-seriestiffs_alfalfa_site2-se2_sr_2023-06-20-10_28_28.tif,SE2_SR_2023-06-20 10_28_28.tif,raster,3534056,local_untracked,False,1,not provided,EPSG:4326,incomplete,not provided
hydra-eo-data-sentinel-2-seriestiffs-lelystad-se2_sr_2023-06-21-10_46_29.tif,SE2_SR_2023-06-21 10_46_29.tif,raster,3499243,local_untracked,False,1,not provided,EPSG:4326,incomplete,not provided
hydra-eo-data-sentinel-2-seriestiffs_alfalfa_site1-se2_sr_2023-06-22-10_18_32.tif,SE2_SR_2023-06-22 10_18_32.tif,raster,3940278,local_untracked,False,1,not provided,EPSG:4326,incomplete,not provided
hydra-eo-data-sentinel-2-seriestiffs_alfalfa_site2-se2_sr_2023-06-22-10_18_32.tif,SE2_SR_2023-06-22 10_18_32.tif,raster,3954710,local_untracked,False,1,not provided,EPSG:4326,incomplete,not provided
hydra-eo-data-sentinel-2-series-chaparrillo-se2_sr_2023-06-22-11_10_25.tif,SE2_SR_2023-06-22 11_10_25.tif,raster,4131119,local_untracked,False,1,not provided,EPSG:4326,incomplete,not provided
hydra-eo-data-sentinel-2-seriestiffs-lelystad-se2_sr_2023-06-24-10_56_26.tif,SE2_SR_2023-06-24 10_56_26.tif,raster,3397042,local_untracked,False,1,not provided,EPSG:4326,incomplete,not provided
hydra-eo-data-sentinel-2-seriestiffs_alfalfa_site1-se2_sr_2023-06-25-10_28_27.tif,SE2_SR_2023-06-25 10_28_27.tif,raster,3953965,local_untracked,False,1,not provided,EPSG:4326,incomplete,not provided
hydra-eo-data-sentinel-2-seriestiffs_alfalfa_site2-se2_sr_2023-06-25-10_28_27.tif,SE2_SR_2023-06-25 10_28_27.tif,raster,3943425,local_untracked,False,1,not provided,EPSG:4326,incomplete,not provided
hydra-eo-data-sentinel-2-series-chaparrillo-se2_sr_2023-06-25-11_20_21.tif,SE2_SR_2023-06-25 11_20_21.tif,raster,4069483,local_untracked,False,1,not provided,EPSG:4326,incomplete,not provided
hydra-eo-data-sentinel-2-seriestiffs-lelystad-se2_sr_2023-06-26-10_46_30.tif,SE2_SR_2023-06-26 10_46_30.tif,raster,3434420,local_untracked,False,1,not provided,EPSG:4326,incomplete,not provided
hydra-eo-data-sentinel-2-seriestiffs_alfalfa_site1-se2_sr_2023-06-27-10_18_33.tif,SE2_SR_2023-06-27 10_18_33.tif,raster,3278330,local_untracked,False,1,not provided,EPSG:4326,incomplete,not provided
hydra-eo-data-sentinel-2-seriestiffs_alfalfa_site2-se2_sr_2023-06-27-10_18_33.tif,SE2_SR_2023-06-27 10_18_33.tif,raster,3906388,local_untracked,False,1,not provided,EPSG:4326,incomplete,not provided
hydra-eo-data-sentinel-2-series-chaparrillo-se2_sr_2023-06-27-11_10_25.tif,SE2_SR_2023-06-27 11_10_25.tif,raster,4104029,local_untracked,False,1,not provided,EPSG:4326,incomplete,not provided
hydra-eo-data-sentinel-2-series-chaparrillo-se2_sr_2023-06-30-11_20_21.tif,SE2_SR_2023-06-30 11_20_21.tif,raster,4060857,local_untracked,False,1,not provided,EPSG:4326,incomplete,not provided
hydra-eo-data-sentinel-2-seriestiffs_alfalfa_site1-se2_sr_2023-07-02-10_18_33.tif,SE2_SR_2023-07-02 10_18_33.tif,raster,4027383,local_untracked,False,1,not provided,EPSG:4326,incomplete,not provided
hydra-eo-data-sentinel-2-seriestiffs_alfalfa_site2-se2_sr_2023-07-02-10_18_33.tif,SE2_SR_2023-07-02 10_18_33.tif,raster,4020985,local_untracked,False,1,not provided,EPSG:4326,incomplete,not provided
hydra-eo-data-sentinel-2-series-chaparrillo-se2_sr_2023-07-02-11_10_26.tif,SE2_SR_2023-07-02 11_10_26.tif,raster,4091405,local_untracked,False,1,not provided,EPSG:4326,incomplete,not provided
hydra-eo-data-sentinel-2-seriestiffs-lelystad-se2_sr_2023-07-04-10_56_27.tif,SE2_SR_2023-07-04 10_56_27.tif,raster,3148800,local_untracked,False,1,not provided,EPSG:4326,incomplete,not provided
hydra-eo-data-sentinel-2-seriestiffs_alfalfa_site1-se2_sr_2023-07-05-10_28_29.tif,SE2_SR_2023-07-05 10_28_29.tif,raster,3948345,local_untracked,False,1,not provided,EPSG:4326,incomplete,not provided
hydra-eo-data-sentinel-2-seriestiffs_alfalfa_site2-se2_sr_2023-07-05-10_28_29.tif,SE2_SR_2023-07-05 10_28_29.tif,raster,4014591,local_untracked,False,1,not provided,EPSG:4326,incomplete,not provided
hydra-eo-data-sentinel-2-series-chaparrillo-se2_sr_2023-07-05-11_20_22.tif,SE2_SR_2023-07-05 11_20_22.tif,raster,4111889,local_untracked,False,1,not provided,EPSG:4326,incomplete,not provided
hydra-eo-data-sentinel-2-seriestiffs-lelystad-se2_sr_2023-07-06-10_46_31.tif,SE2_SR_2023-07-06 10_46_31.tif,raster,3378464,local_untracked,False,1,not provided,EPSG:4326,incomplete,not provided
hydra-eo-data-sentinel-2-seriestiffs_alfalfa_site1-se2_sr_2023-07-07-10_18_33.tif,SE2_SR_2023-07-07 10_18_33.tif,raster,3962327,local_untracked,False,1,not provided,EPSG:4326,incomplete,not provided
hydra-eo-data-sentinel-2-seriestiffs_alfalfa_site2-se2_sr_2023-07-07-10_18_33.tif,SE2_SR_2023-07-07 10_18_33.tif,raster,3981299,local_untracked,False,1,not provided,EPSG:4326,incomplete,not provided
hydra-eo-data-sentinel-2-series-chaparrillo-se2_sr_2023-07-07-11_10_26.tif,SE2_SR_2023-07-07 11_10_26.tif,raster,4091040,local_untracked,False,1,not provided,EPSG:4326,incomplete,not provided
hydra-eo-data-sentinel-2-seriestiffs-lelystad-se2_sr_2023-07-09-10_56_28.tif,SE2_SR_2023-07-09 10_56_28.tif,raster,3398598,local_untracked,False,1,not provided,EPSG:4326,incomplete,not provided
hydra-eo-data-sentinel-2-seriestiffs_alfalfa_site1-se2_sr_2023-07-10-10_28_29.tif,SE2_SR_2023-07-10 10_28_29.tif,raster,3893430,local_untracked,False,1,not provided,EPSG:4326,incomplete,not provided
hydra-eo-data-sentinel-2-seriestiffs_alfalfa_site2-se2_sr_2023-07-10-10_28_29.tif,SE2_SR_2023-07-10 10_28_29.tif,raster,3903745,local_untracked,False,1,not provided,EPSG:4326,incomplete,not provided
hydra-eo-data-sentinel-2-series-chaparrillo-se2_sr_2023-07-10-11_20_22.tif,SE2_SR_2023-07-10 11_20_22.tif,raster,4030332,local_untracked,False,1,not provided,EPSG:4326,incomplete,not provided
hydra-eo-data-sentinel-2-seriestiffs-lelystad-se2_sr_2023-07-11-10_46_30.tif,SE2_SR_2023-07-11 10_46_30.tif,raster,3419971,local_untracked,False,1,not provided,EPSG:4326,incomplete,not provided
hydra-eo-data-sentinel-2-seriestiffs_alfalfa_site1-se2_sr_2023-07-12-10_18_33.tif,SE2_SR_2023-07-12 10_18_33.tif,raster,3976101,local_untracked,False,1,not provided,EPSG:4326,incomplete,not provided
hydra-eo-data-sentinel-2-seriestiffs_alfalfa_site2-se2_sr_2023-07-12-10_18_33.tif,SE2_SR_2023-07-12 10_18_33.tif,raster,4078773,local_untracked,False,1,not provided,EPSG:4326,incomplete,not provided
hydra-eo-data-sentinel-2-series-chaparrillo-se2_sr_2023-07-12-11_10_26.tif,SE2_SR_2023-07-12 11_10_26.tif,raster,4116893,local_untracked,False,1,not provided,EPSG:4326,incomplete,not provided
hydra-eo-data-sentinel-2-seriestiffs_alfalfa_site1-se2_sr_2023-07-15-10_28_29.tif,SE2_SR_2023-07-15 10_28_29.tif,raster,3913891,local_untracked,False,1,not provided,EPSG:4326,incomplete,not provided
hydra-eo-data-sentinel-2-seriestiffs_alfalfa_site2-se2_sr_2023-07-15-10_28_29.tif,SE2_SR_2023-07-15 10_28_29.tif,raster,3918559,local_untracked,False,1,not provided,EPSG:4326,incomplete,not provided
hydra-eo-data-sentinel-2-series-chaparrillo-se2_sr_2023-07-15-11_20_21.tif,SE2_SR_2023-07-15 11_20_21.tif,raster,4095393,local_untracked,False,1,not provided,EPSG:4326,incomplete,not provided
hydra-eo-data-sentinel-2-seriestiffs_alfalfa_site1-se2_sr_2023-07-17-10_18_33.tif,SE2_SR_2023-07-17 10_18_33.tif,raster,3941803,local_untracked,False,1,not provided,EPSG:4326,incomplete,not provided
hydra-eo-data-sentinel-2-seriestiffs_alfalfa_site2-se2_sr_2023-07-17-10_18_33.tif,SE2_SR_2023-07-17 10_18_33.tif,raster,3953291,local_untracked,False,1,not provided,EPSG:4326,incomplete,not provided
hydra-eo-data-sentinel-2-series-chaparrillo-se2_sr_2023-07-17-11_10_26.tif,SE2_SR_2023-07-17 11_10_26.tif,raster,4028660,local_untracked,False,1,not provided,EPSG:4326,incomplete,not provided
hydra-eo-data-sentinel-2-seriestiffs-lelystad-se2_sr_2023-07-19-10_56_28.tif,SE2_SR_2023-07-19 10_56_28.tif,raster,3439334,local_untracked,False,1,not provided,EPSG:4326,incomplete,not provided
hydra-eo-data-sentinel-2-seriestiffs_alfalfa_site1-se2_sr_2023-07-20-10_28_30.tif,SE2_SR_2023-07-20 10_28_30.tif,raster,3931032,local_untracked,False,1,not provided,EPSG:4326,incomplete,not provided
hydra-eo-data-sentinel-2-seriestiffs_alfalfa_site2-se2_sr_2023-07-20-10_28_30.tif,SE2_SR_2023-07-20 10_28_30.tif,raster,3923066,local_untracked,False,1,not provided,EPSG:4326,incomplete,not provided
hydra-eo-data-sentinel-2-series-chaparrillo-se2_sr_2023-07-20-11_20_20.tif,SE2_SR_2023-07-20 11_20_20.tif,raster,4058923,local_untracked,False,1,not provided,EPSG:4326,incomplete,not provided
hydra-eo-data-sentinel-2-seriestiffs-lelystad-se2_sr_2023-07-21-10_46_29.tif,SE2_SR_2023-07-21 10_46_29.tif,raster,3326006,local_untracked,False,1,not provided,EPSG:4326,incomplete,not provided
hydra-eo-data-sentinel-2-seriestiffs_alfalfa_site1-se2_sr_2023-07-22-10_18_32.tif,SE2_SR_2023-07-22 10_18_32.tif,raster,4003684,local_untracked,False,1,not provided,EPSG:4326,incomplete,not provided
hydra-eo-data-sentinel-2-seriestiffs_alfalfa_site2-se2_sr_2023-07-22-10_18_32.tif,SE2_SR_2023-07-22 10_18_32.tif,raster,3980952,local_untracked,False,1,not provided,EPSG:4326,incomplete,not provided
hydra-eo-data-sentinel-2-series-chaparrillo-se2_sr_2023-07-22-11_10_27.tif,SE2_SR_2023-07-22 11_10_27.tif,raster,4092933,local_untracked,False,1,not provided,EPSG:4326,incomplete,not provided
hydra-eo-data-sentinel-2-seriestiffs_alfalfa_site1-se2_sr_2023-07-25-10_28_29.tif,SE2_SR_2023-07-25 10_28_29.tif,raster,4086093,local_untracked,False,1,not provided,EPSG:4326,incomplete,not provided
hydra-eo-data-sentinel-2-seriestiffs_alfalfa_site2-se2_sr_2023-07-25-10_28_29.tif,SE2_SR_2023-07-25 10_28_29.tif,raster,3939585,local_untracked,False,1,not provided,EPSG:4326,incomplete,not provided
hydra-eo-data-sentinel-2-series-chaparrillo-se2_sr_2023-07-25-11_20_22.tif,SE2_SR_2023-07-25 11_20_22.tif,raster,4092216,local_untracked,False,1,not provided,EPSG:4326,incomplete,not provided
hydra-eo-data-sentinel-2-seriestiffs-lelystad-se2_sr_2023-07-26-10_46_31.tif,SE2_SR_2023-07-26 10_46_31.tif,raster,3430027,local_untracked,False,1,not provided,EPSG:4326,incomplete,not provided
hydra-eo-data-sentinel-2-seriestiffs_alfalfa_site1-se2_sr_2023-07-27-10_18_29.tif,SE2_SR_2023-07-27 10_18_29.tif,raster,3990178,local_untracked,False,1,not provided,EPSG:4326,incomplete,not provided
hydra-eo-data-sentinel-2-seriestiffs_alfalfa_site2-se2_sr_2023-07-27-10_18_36.tif,SE2_SR_2023-07-27 10_18_36.tif,raster,3954155,local_untracked,False,1,not provided,EPSG:4326,incomplete,not provided
hydra-eo-data-sentinel-2-series-chaparrillo-se2_sr_2023-07-27-11_10_26.tif,SE2_SR_2023-07-27 11_10_26.tif,raster,4119599,local_untracked,False,1,not provided,EPSG:4326,incomplete,not provided
hydra-eo-data-sentinel-2-seriestiffs_alfalfa_site1-se2_sr_2023-07-30-10_28_29.tif,SE2_SR_2023-07-30 10_28_29.tif,raster,3988949,local_untracked,False,1,not provided,EPSG:4326,incomplete,not provided
hydra-eo-data-sentinel-2-seriestiffs_alfalfa_site2-se2_sr_2023-07-30-10_28_29.tif,SE2_SR_2023-07-30 10_28_29.tif,raster,3965197,local_untracked,False,1,not provided,EPSG:4326,incomplete,not provided
hydra-eo-data-sentinel-2-series-chaparrillo-se2_sr_2023-07-30-11_20_22.tif,SE2_SR_2023-07-30 11_20_22.tif,raster,4099315,local_untracked,False,1,not provided,EPSG:4326,incomplete,not provided
hydra-eo-data-sentinel-2-series-chaparrillo-se2_sr_2023-08-01-11_10_26.tif,SE2_SR_2023-08-01 11_10_26.tif,raster,4109979,local_untracked,False,1,not provided,EPSG:4326,incomplete,not provided
hydra-eo-data-sentinel-2-series-chaparrillo-se2_sr_2023-08-04-11_20_21.tif,SE2_SR_2023-08-04 11_20_21.tif,raster,4099449,local_untracked,False,1,not provided,EPSG:4326,incomplete,not provided
hydra-eo-data-sentinel-2-seriestiffs_alfalfa_site1-se2_sr_2023-08-06-10_18_33.tif,SE2_SR_2023-08-06 10_18_33.tif,raster,3979312,local_untracked,False,1,not provided,EPSG:4326,incomplete,not provided
hydra-eo-data-sentinel-2-seriestiffs_alfalfa_site2-se2_sr_2023-08-06-10_18_33.tif,SE2_SR_2023-08-06 10_18_33.tif,raster,4000692,local_untracked,False,1,not provided,EPSG:4326,incomplete,not provided
hydra-eo-data-sentinel-2-series-chaparrillo-se2_sr_2023-08-06-11_10_26.tif,SE2_SR_2023-08-06 11_10_26.tif,raster,4113241,local_untracked,False,1,not provided,EPSG:4326,incomplete,not provided
hydra-eo-data-sentinel-2-seriestiffs-lelystad-se2_sr_2023-08-08-10_56_28.tif,SE2_SR_2023-08-08 10_56_28.tif,raster,3433009,local_untracked,False,1,not provided,EPSG:4326,incomplete,not provided
hydra-eo-data-sentinel-2-seriestiffs_alfalfa_site1-se2_sr_2023-08-09-10_28_29.tif,SE2_SR_2023-08-09 10_28_29.tif,raster,3500631,local_untracked,False,1,not provided,EPSG:4326,incomplete,not provided
hydra-eo-data-sentinel-2-seriestiffs_alfalfa_site2-se2_sr_2023-08-09-10_28_29.tif,SE2_SR_2023-08-09 10_28_29.tif,raster,3777183,local_untracked,False,1,not provided,EPSG:4326,incomplete,not provided
hydra-eo-data-sentinel-2-series-chaparrillo-se2_sr_2023-08-09-11_20_21.tif,SE2_SR_2023-08-09 11_20_21.tif,raster,4096520,local_untracked,False,1,not provided,EPSG:4326,incomplete,not provided
hydra-eo-data-sentinel-2-seriestiffs_alfalfa_site1-se2_sr_2023-08-11-10_18_33.tif,SE2_SR_2023-08-11 10_18_33.tif,raster,3963519,local_untracked,False,1,not provided,EPSG:4326,incomplete,not provided
hydra-eo-data-sentinel-2-seriestiffs_alfalfa_site2-se2_sr_2023-08-11-10_18_33.tif,SE2_SR_2023-08-11 10_18_33.tif,raster,3979000,local_untracked,False,1,not provided,EPSG:4326,incomplete,not provided
hydra-eo-data-sentinel-2-series-chaparrillo-se2_sr_2023-08-11-11_10_27.tif,SE2_SR_2023-08-11 11_10_27.tif,raster,4114816,local_untracked,False,1,not provided,EPSG:4326,incomplete,not provided
hydra-eo-data-sentinel-2-seriestiffs_alfalfa_site1-se2_sr_2023-08-14-10_28_29.tif,SE2_SR_2023-08-14 10_28_29.tif,raster,3952381,local_untracked,False,1,not provided,EPSG:4326,incomplete,not provided
hydra-eo-data-sentinel-2-seriestiffs_alfalfa_site2-se2_sr_2023-08-14-10_28_29.tif,SE2_SR_2023-08-14 10_28_29.tif,raster,3948271,local_untracked,False,1,not provided,EPSG:4326,incomplete,not provided
hydra-eo-data-sentinel-2-series-chaparrillo-se2_sr_2023-08-14-11_20_22.tif,SE2_SR_2023-08-14 11_20_22.tif,raster,4099381,local_untracked,False,1,not provided,EPSG:4326,incomplete,not provided
hydra-eo-data-sentinel-2-seriestiffs-lelystad-se2_sr_2023-08-15-10_46_31.tif,SE2_SR_2023-08-15 10_46_31.tif,raster,3063875,local_untracked,False,1,not provided,EPSG:4326,incomplete,not provided
hydra-eo-data-sentinel-2-seriestiffs_alfalfa_site1-se2_sr_2023-08-16-10_18_33.tif,SE2_SR_2023-08-16 10_18_33.tif,raster,3961017,local_untracked,False,1,not provided,EPSG:4326,incomplete,not provided
hydra-eo-data-sentinel-2-seriestiffs_alfalfa_site2-se2_sr_2023-08-16-10_18_33.tif,SE2_SR_2023-08-16 10_18_33.tif,raster,3959664,local_untracked,False,1,not provided,EPSG:4326,incomplete,not provided
hydra-eo-data-sentinel-2-series-chaparrillo-se2_sr_2023-08-16-11_10_27.tif,SE2_SR_2023-08-16 11_10_27.tif,raster,4118254,local_untracked,False,1,not provided,EPSG:4326,incomplete,not provided
hydra-eo-data-sentinel-2-seriestiffs-lelystad-se2_sr_2023-08-18-10_56_28.tif,SE2_SR_2023-08-18 10_56_28.tif,raster,3466409,local_untracked,False,1,not provided,EPSG:4326,incomplete,not provided
hydra-eo-data-sentinel-2-seriestiffs_alfalfa_site1-se2_sr_2023-08-19-10_28_29.tif,SE2_SR_2023-08-19 10_28_29.tif,raster,3906569,local_untracked,False,1,not provided,EPSG:4326,incomplete,not provided
hydra-eo-data-sentinel-2-seriestiffs_alfalfa_site2-se2_sr_2023-08-19-10_28_29.tif,SE2_SR_2023-08-19 10_28_29.tif,raster,3891163,local_untracked,False,1,not provided,EPSG:4326,incomplete,not provided
hydra-eo-data-sentinel-2-series-chaparrillo-se2_sr_2023-08-19-11_20_22.tif,SE2_SR_2023-08-19 11_20_22.tif,raster,4086368,local_untracked,False,1,not provided,EPSG:4326,incomplete,not provided
hydra-eo-data-sentinel-2-seriestiffs-lelystad-se2_sr_2023-08-20-10_46_31.tif,SE2_SR_2023-08-20 10_46_31.tif,raster,3459101,local_untracked,False,1,not provided,EPSG:4326,incomplete,not provided
hydra-eo-data-sentinel-2-seriestiffs_alfalfa_site1-se2_sr_2023-08-21-10_18_34.tif,SE2_SR_2023-08-21 10_18_34.tif,raster,3945916,local_untracked,False,1,not provided,EPSG:4326,incomplete,not provided
hydra-eo-data-sentinel-2-seriestiffs_alfalfa_site2-se2_sr_2023-08-21-10_18_34.tif,SE2_SR_2023-08-21 10_18_34.tif,raster,3945752,local_untracked,False,1,not provided,EPSG:4326,incomplete,not provided
hydra-eo-data-sentinel-2-series-chaparrillo-se2_sr_2023-08-21-11_10_26.tif,SE2_SR_2023-08-21 11_10_26.tif,raster,4088738,local_untracked,False,1,not provided,EPSG:4326,incomplete,not provided
hydra-eo-data-sentinel-2-seriestiffs-lelystad-se2_sr_2023-08-23-10_56_29.tif,SE2_SR_2023-08-23 10_56_29.tif,raster,3427635,local_untracked,False,1,not provided,EPSG:4326,incomplete,not provided
hydra-eo-data-sentinel-2-seriestiffs_alfalfa_site1-se2_sr_2023-08-24-10_28_30.tif,SE2_SR_2023-08-24 10_28_30.tif,raster,3906838,local_untracked,False,1,not provided,EPSG:4326,incomplete,not provided
hydra-eo-data-sentinel-2-seriestiffs_alfalfa_site2-se2_sr_2023-08-24-10_28_30.tif,SE2_SR_2023-08-24 10_28_30.tif,raster,3901413,local_untracked,False,1,not provided,EPSG:4326,incomplete,not provided
hydra-eo-data-sentinel-2-series-chaparrillo-se2_sr_2023-08-24-11_20_20.tif,SE2_SR_2023-08-24 11_20_20.tif,raster,4073366,local_untracked,False,1,not provided,EPSG:4326,incomplete,not provided
hydra-eo-data-sentinel-2-seriestiffs-lelystad-se2_sr_2023-08-25-10_46_29.tif,SE2_SR_2023-08-25 10_46_29.tif,raster,3370618,local_untracked,False,1,not provided,EPSG:4326,incomplete,not provided
hydra-eo-data-sentinel-2-seriestiffs_alfalfa_site1-se2_sr_2023-08-26-10_18_32.tif,SE2_SR_2023-08-26 10_18_32.tif,raster,3941374,local_untracked,False,1,not provided,EPSG:4326,incomplete,not provided
hydra-eo-data-sentinel-2-seriestiffs_alfalfa_site2-se2_sr_2023-08-26-10_18_32.tif,SE2_SR_2023-08-26 10_18_32.tif,raster,3931158,local_untracked,False,1,not provided,EPSG:4326,incomplete,not provided
hydra-eo-data-sentinel-2-seriestiffs-lelystad-se2_sr_2023-08-28-10_56_27.tif,SE2_SR_2023-08-28 10_56_27.tif,raster,3452580,local_untracked,False,1,not provided,EPSG:4326,incomplete,not provided
hydra-eo-data-sentinel-2-series-chaparrillo-se2_sr_2023-08-29-11_20_22.tif,SE2_SR_2023-08-29 11_20_22.tif,raster,4103468,local_untracked,False,1,not provided,EPSG:4326,incomplete,not provided
hydra-eo-data-sentinel-2-seriestiffs_alfalfa_site1-se2_sr_2023-08-31-10_18_33.tif,SE2_SR_2023-08-31 10_18_33.tif,raster,4003268,local_untracked,False,1,not provided,EPSG:4326,incomplete,not provided
hydra-eo-data-sentinel-2-seriestiffs_alfalfa_site2-se2_sr_2023-08-31-10_18_33.tif,SE2_SR_2023-08-31 10_18_33.tif,raster,3991632,local_untracked,False,1,not provided,EPSG:4326,incomplete,not provided
hydra-eo-data-sentinel-2-series-chaparrillo-se2_sr_2023-08-31-11_10_26.tif,SE2_SR_2023-08-31 11_10_26.tif,raster,4112157,local_untracked,False,1,not provided,EPSG:4326,incomplete,not provided
hydra-eo-data-sentinel-2-seriestiffs-lelystad-se2_sr_2023-09-02-10_56_28.tif,SE2_SR_2023-09-02 10_56_28.tif,raster,3423511,local_untracked,False,1,not provided,EPSG:4326,incomplete,not provided
hydra-eo-data-sentinel-2-seriestiffs_alfalfa_site1-se2_sr_2023-09-03-10_28_29.tif,SE2_SR_2023-09-03 10_28_29.tif,raster,3648151,local_untracked,False,1,not provided,EPSG:4326,incomplete,not provided
hydra-eo-data-sentinel-2-seriestiffs_alfalfa_site2-se2_sr_2023-09-03-10_28_29.tif,SE2_SR_2023-09-03 10_28_29.tif,raster,3830953,local_untracked,False,1,not provided,EPSG:4326,incomplete,not provided
hydra-eo-data-sentinel-2-seriestiffs-lelystad-se2_sr_2023-09-04-10_46_30.tif,SE2_SR_2023-09-04 10_46_30.tif,raster,3174691,local_untracked,False,1,not provided,EPSG:4326,incomplete,not provided
hydra-eo-data-sentinel-2-seriestiffs_alfalfa_site1-se2_sr_2023-09-05-10_18_33.tif,SE2_SR_2023-09-05 10_18_33.tif,raster,3946035,local_untracked,False,1,not provided,EPSG:4326,incomplete,not provided
hydra-eo-data-sentinel-2-seriestiffs_alfalfa_site2-se2_sr_2023-09-05-10_18_33.tif,SE2_SR_2023-09-05 10_18_33.tif,raster,3949337,local_untracked,False,1,not provided,EPSG:4326,incomplete,not provided
hydra-eo-data-sentinel-2-series-chaparrillo-se2_sr_2023-09-05-11_10_27.tif,SE2_SR_2023-09-05 11_10_27.tif,raster,4072149,local_untracked,False,1,not provided,EPSG:4326,incomplete,not provided
hydra-eo-data-sentinel-2-seriestiffs-lelystad-se2_sr_2023-09-07-10_56_27.tif,SE2_SR_2023-09-07 10_56_27.tif,raster,3383256,local_untracked,False,1,not provided,EPSG:4326,incomplete,not provided
hydra-eo-data-sentinel-2-seriestiffs_alfalfa_site1-se2_sr_2023-09-08-10_28_28.tif,SE2_SR_2023-09-08 10_28_28.tif,raster,3883503,local_untracked,False,1,not provided,EPSG:4326,incomplete,not provided
hydra-eo-data-sentinel-2-seriestiffs_alfalfa_site2-se2_sr_2023-09-08-10_28_28.tif,SE2_SR_2023-09-08 10_28_28.tif,raster,3899789,local_untracked,False,1,not provided,EPSG:4326,incomplete,not provided
hydra-eo-data-sentinel-2-series-chaparrillo-se2_sr_2023-09-08-11_20_22.tif,SE2_SR_2023-09-08 11_20_22.tif,raster,4094651,local_untracked,False,1,not provided,EPSG:4326,incomplete,not provided
hydra-eo-data-sentinel-2-seriestiffs-lelystad-se2_sr_2023-09-09-10_46_30.tif,SE2_SR_2023-09-09 10_46_30.tif,raster,3399288,local_untracked,False,1,not provided,EPSG:4326,incomplete,not provided
hydra-eo-data-sentinel-2-seriestiffs_alfalfa_site1-se2_sr_2023-09-10-10_18_33.tif,SE2_SR_2023-09-10 10_18_33.tif,raster,3915613,local_untracked,False,1,not provided,EPSG:4326,incomplete,not provided
hydra-eo-data-sentinel-2-seriestiffs_alfalfa_site2-se2_sr_2023-09-10-10_18_33.tif,SE2_SR_2023-09-10 10_18_33.tif,raster,3931507,local_untracked,False,1,not provided,EPSG:4326,incomplete,not provided
hydra-eo-data-sentinel-2-series-chaparrillo-se2_sr_2023-09-10-11_10_25.tif,SE2_SR_2023-09-10 11_10_25.tif,raster,4142439,local_untracked,False,1,not provided,EPSG:4326,incomplete,not provided
hydra-eo-data-sentinel-2-seriestiffs-lelystad-se2_sr_2023-09-12-10_56_27.tif,SE2_SR_2023-09-12 10_56_27.tif,raster,3380574,local_untracked,False,1,not provided,EPSG:4326,incomplete,not provided
hydra-eo-data-sentinel-2-seriestiffs_alfalfa_site1-se2_sr_2023-09-13-10_28_28.tif,SE2_SR_2023-09-13 10_28_28.tif,raster,3907116,local_untracked,False,1,not provided,EPSG:4326,incomplete,not provided
hydra-eo-data-sentinel-2-seriestiffs_alfalfa_site2-se2_sr_2023-09-13-10_28_28.tif,SE2_SR_2023-09-13 10_28_28.tif,raster,3314001,local_untracked,False,1,not provided,EPSG:4326,incomplete,not provided
hydra-eo-data-sentinel-2-series-chaparrillo-se2_sr_2023-09-13-11_20_19.tif,SE2_SR_2023-09-13 11_20_19.tif,raster,4100794,local_untracked,False,1,not provided,EPSG:4326,incomplete,not provided
hydra-eo-data-sentinel-2-seriestiffs-lelystad-se2_sr_2023-09-14-10_46_28.tif,SE2_SR_2023-09-14 10_46_28.tif,raster,3508621,local_untracked,False,1,not provided,EPSG:4326,incomplete,not provided
hydra-eo-data-sentinel-2-seriestiffs_alfalfa_site1-se2_sr_2023-09-15-10_18_31.tif,SE2_SR_2023-09-15 10_18_31.tif,raster,3636441,local_untracked,False,1,not provided,EPSG:4326,incomplete,not provided
hydra-eo-data-sentinel-2-seriestiffs_alfalfa_site2-se2_sr_2023-09-15-10_18_31.tif,SE2_SR_2023-09-15 10_18_31.tif,raster,3836640,local_untracked,False,1,not provided,EPSG:4326,incomplete,not provided
hydra-eo-data-sentinel-2-series-chaparrillo-se2_sr_2023-09-15-11_10_25.tif,SE2_SR_2023-09-15 11_10_25.tif,raster,4172488,local_untracked,False,1,not provided,EPSG:4326,incomplete,not provided
hydra-eo-data-sentinel-2-series-chaparrillo-se2_sr_2023-09-18-11_20_19.tif,SE2_SR_2023-09-18 11_20_19.tif,raster,3645987,local_untracked,False,1,not provided,EPSG:4326,incomplete,not provided
hydra-eo-data-sentinel-2-series-chaparrillo-se2_sr_2023-09-20-11_10_25.tif,SE2_SR_2023-09-20 11_10_25.tif,raster,4196574,local_untracked,False,1,not provided,EPSG:4326,incomplete,not provided
hydra-eo-data-sentinel-2-seriestiffs-lelystad-se2_sr_2023-09-22-10_56_24.tif,SE2_SR_2023-09-22 10_56_24.tif,raster,3513213,local_untracked,False,1,not provided,EPSG:4326,incomplete,not provided
hydra-eo-data-sentinel-2-seriestiffs_alfalfa_site1-se2_sr_2023-09-23-10_28_26.tif,SE2_SR_2023-09-23 10_28_26.tif,raster,3897666,local_untracked,False,1,not provided,EPSG:4326,incomplete,not provided
hydra-eo-data-sentinel-2-seriestiffs_alfalfa_site2-se2_sr_2023-09-23-10_28_26.tif,SE2_SR_2023-09-23 10_28_26.tif,raster,3913190,local_untracked,False,1,not provided,EPSG:4326,incomplete,not provided
hydra-eo-data-sentinel-2-series-chaparrillo-se2_sr_2023-09-23-11_20_20.tif,SE2_SR_2023-09-23 11_20_20.tif,raster,4138516,local_untracked,False,1,not provided,EPSG:4326,incomplete,not provided
hydra-eo-data-sentinel-2-seriestiffs-lelystad-se2_sr_2023-09-24-10_46_29.tif,SE2_SR_2023-09-24 10_46_29.tif,raster,3334509,local_untracked,False,1,not provided,EPSG:4326,incomplete,not provided
hydra-eo-data-sentinel-2-seriestiffs_alfalfa_site1-se2_sr_2023-09-25-10_18_31.tif,SE2_SR_2023-09-25 10_18_31.tif,raster,3919776,local_untracked,False,1,not provided,EPSG:4326,incomplete,not provided
hydra-eo-data-sentinel-2-seriestiffs_alfalfa_site2-se2_sr_2023-09-25-10_18_31.tif,SE2_SR_2023-09-25 10_18_31.tif,raster,3926783,local_untracked,False,1,not provided,EPSG:4326,incomplete,not provided
hydra-eo-data-sentinel-2-series-chaparrillo-se2_sr_2023-09-25-11_10_23.tif,SE2_SR_2023-09-25 11_10_23.tif,raster,4176246,local_untracked,False,1,not provided,EPSG:4326,incomplete,not provided
hydra-eo-data-sentinel-2-seriestiffs-lelystad-se2_sr_2023-09-27-10_56_25.tif,SE2_SR_2023-09-27 10_56_25.tif,raster,2948904,local_untracked,False,1,not provided,EPSG:4326,incomplete,not provided
hydra-eo-data-sentinel-2-seriestiffs_alfalfa_site1-se2_sr_2023-09-28-10_28_27.tif,SE2_SR_2023-09-28 10_28_27.tif,raster,3895045,local_untracked,False,1,not provided,EPSG:4326,incomplete,not provided
hydra-eo-data-sentinel-2-seriestiffs_alfalfa_site2-se2_sr_2023-09-28-10_28_27.tif,SE2_SR_2023-09-28 10_28_27.tif,raster,3857768,local_untracked,False,1,not provided,EPSG:4326,incomplete,not provided
hydra-eo-data-sentinel-2-series-chaparrillo-se2_sr_2023-09-28-11_20_19.tif,SE2_SR_2023-09-28 11_20_19.tif,raster,4082715,local_untracked,False,1,not provided,EPSG:4326,incomplete,not provided
hydra-eo-data-sentinel-2-seriestiffs_alfalfa_site1-se2_sr_2023-09-30-10_18_30.tif,SE2_SR_2023-09-30 10_18_30.tif,raster,3835566,local_untracked,False,1,not provided,EPSG:4326,incomplete,not provided
hydra-eo-data-sentinel-2-seriestiffs_alfalfa_site2-se2_sr_2023-09-30-10_18_30.tif,SE2_SR_2023-09-30 10_18_30.tif,raster,3896260,local_untracked,False,1,not provided,EPSG:4326,incomplete,not provided
hydra-eo-data-sentinel-2-series-chaparrillo-se2_sr_2023-09-30-11_10_23.tif,SE2_SR_2023-09-30 11_10_23.tif,raster,4163143,local_untracked,False,1,not provided,EPSG:4326,incomplete,not provided
hydra-eo-data-sentinel-2-seriestiffs_alfalfa_site1-se2_sr_2023-10-03-10_28_26.tif,SE2_SR_2023-10-03 10_28_26.tif,raster,3775564,local_untracked,False,1,not provided,EPSG:4326,incomplete,not provided
hydra-eo-data-sentinel-2-seriestiffs_alfalfa_site2-se2_sr_2023-10-03-10_28_26.tif,SE2_SR_2023-10-03 10_28_26.tif,raster,3820030,local_untracked,False,1,not provided,EPSG:4326,incomplete,not provided
hydra-eo-data-sentinel-2-series-chaparrillo-se2_sr_2023-10-03-11_20_17.tif,SE2_SR_2023-10-03 11_20_17.tif,raster,3963268,local_untracked,False,1,not provided,EPSG:4326,incomplete,not provided
hydra-eo-data-sentinel-2-seriestiffs_alfalfa_site1-se2_sr_2023-10-05-10_18_28.tif,SE2_SR_2023-10-05 10_18_28.tif,raster,3892231,local_untracked,False,1,not provided,EPSG:4326,incomplete,not provided
hydra-eo-data-sentinel-2-seriestiffs_alfalfa_site2-se2_sr_2023-10-05-10_18_28.tif,SE2_SR_2023-10-05 10_18_28.tif,raster,3712858,local_untracked,False,1,not provided,EPSG:4326,incomplete,not provided
hydra-eo-data-sentinel-2-series-chaparrillo-se2_sr_2023-10-05-11_10_22.tif,SE2_SR_2023-10-05 11_10_22.tif,raster,4134590,local_untracked,False,1,not provided,EPSG:4326,incomplete,not provided
hydra-eo-data-sentinel-2-seriestiffs-lelystad-se2_sr_2023-10-07-10_56_23.tif,SE2_SR_2023-10-07 10_56_23.tif,raster,3438118,local_untracked,False,1,not provided,EPSG:4326,incomplete,not provided
hydra-eo-data-sentinel-2-seriestiffs_alfalfa_site1-se2_sr_2023-10-08-10_28_25.tif,SE2_SR_2023-10-08 10_28_25.tif,raster,3818733,local_untracked,False,1,not provided,EPSG:4326,incomplete,not provided
hydra-eo-data-sentinel-2-seriestiffs_alfalfa_site2-se2_sr_2023-10-08-10_28_25.tif,SE2_SR_2023-10-08 10_28_25.tif,raster,3842430,local_untracked,False,1,not provided,EPSG:4326,incomplete,not provided
hydra-eo-data-sentinel-2-series-chaparrillo-se2_sr_2023-10-08-11_20_16.tif,SE2_SR_2023-10-08 11_20_16.tif,raster,4100867,local_untracked,False,1,not provided,EPSG:4326,incomplete,not provided
hydra-eo-data-sentinel-2-seriestiffs_alfalfa_site1-se2_sr_2023-10-10-10_18_27.tif,SE2_SR_2023-10-10 10_18_27.tif,raster,3864222,local_untracked,False,1,not provided,EPSG:4326,incomplete,not provided
hydra-eo-data-sentinel-2-seriestiffs_alfalfa_site2-se2_sr_2023-10-10-10_18_27.tif,SE2_SR_2023-10-10 10_18_27.tif,raster,3926587,local_untracked,False,1,not provided,EPSG:4326,incomplete,not provided
hydra-eo-data-sentinel-2-series-chaparrillo-se2_sr_2023-10-10-11_10_23.tif,SE2_SR_2023-10-10 11_10_23.tif,raster,4119622,local_untracked,False,1,not provided,EPSG:4326,incomplete,not provided
hydra-eo-data-sentinel-2-seriestiffs_alfalfa_site1-se2_sr_2023-10-13-10_28_22.tif,SE2_SR_2023-10-13 10_28_22.tif,raster,3897983,local_untracked,False,1,not provided,EPSG:4326,incomplete,not provided
hydra-eo-data-sentinel-2-seriestiffs_alfalfa_site2-se2_sr_2023-10-13-10_28_22.tif,SE2_SR_2023-10-13 10_28_22.tif,raster,3693509,local_untracked,False,1,not provided,EPSG:4326,incomplete,not provided
hydra-eo-data-sentinel-2-seriestiffs-lelystad-se2_sr_2023-10-14-10_46_27.tif,SE2_SR_2023-10-14 10_46_27.tif,raster,3045963,local_untracked,False,1,not provided,EPSG:4326,incomplete,not provided
hydra-eo-data-sentinel-2-series-chaparrillo-se2_sr_2023-10-15-11_10_20.tif,SE2_SR_2023-10-15 11_10_20.tif,raster,4015733,local_untracked,False,1,not provided,EPSG:4326,incomplete,not provided
hydra-eo-data-sentinel-2-seriestiffs-lelystad-se2_sr_2023-10-17-10_56_25.tif,SE2_SR_2023-10-17 10_56_25.tif,raster,3339334,local_untracked,False,1,not provided,EPSG:4326,incomplete,not provided
hydra-eo-data-sentinel-2-series-chaparrillo-se2_sr_2023-10-18-11_20_16.tif,SE2_SR_2023-10-18 11_20_16.tif,raster,3837845,local_untracked,False,1,not provided,EPSG:4326,incomplete,not provided
hydra-eo-data-sentinel-2-series-chaparrillo-se2_sr_2023-10-20-11_10_23.tif,SE2_SR_2023-10-20 11_10_23.tif,raster,4012437,local_untracked,False,1,not provided,EPSG:4326,incomplete,not provided
hydra-eo-data-sentinel-2-seriestiffs-lelystad-se2_sr_2023-10-22-10_56_22.tif,SE2_SR_2023-10-22 10_56_22.tif,raster,3379422,local_untracked,False,1,not provided,EPSG:4326,incomplete,not provided
hydra-eo-data-sentinel-2-seriestiffs_alfalfa_site1-se2_sr_2023-10-23-10_28_24.tif,SE2_SR_2023-10-23 10_28_24.tif,raster,3690561,local_untracked,False,1,not provided,EPSG:4326,incomplete,not provided
hydra-eo-data-sentinel-2-seriestiffs_alfalfa_site2-se2_sr_2023-10-23-10_28_24.tif,SE2_SR_2023-10-23 10_28_24.tif,raster,3877080,local_untracked,False,1,not provided,EPSG:4326,incomplete,not provided
hydra-eo-data-sentinel-2-series-chaparrillo-se2_sr_2023-10-23-11_20_18.tif,SE2_SR_2023-10-23 11_20_18.tif,raster,3979009,local_untracked,False,1,not provided,EPSG:4326,incomplete,not provided
hydra-eo-data-sentinel-2-seriestiffs_alfalfa_site1-se2_sr_2023-10-28-10_28_26.tif,SE2_SR_2023-10-28 10_28_26.tif,raster,3797958,local_untracked,False,1,not provided,EPSG:4326,incomplete,not provided
hydra-eo-data-sentinel-2-seriestiffs_alfalfa_site2-se2_sr_2023-10-28-10_28_26.tif,SE2_SR_2023-10-28 10_28_26.tif,raster,3843640,local_untracked,False,1,not provided,EPSG:4326,incomplete,not provided
hydra-eo-data-sentinel-2-series-chaparrillo-se2_sr_2023-10-28-11_20_16.tif,SE2_SR_2023-10-28 11_20_16.tif,raster,3804590,local_untracked,False,1,not provided,EPSG:4326,incomplete,not provided
hydra-eo-data-sentinel-2-series-chaparrillo-se2_sr_2023-10-30-11_10_23.tif,SE2_SR_2023-10-30 11_10_23.tif,raster,4026269,local_untracked,False,1,not provided,EPSG:4326,incomplete,not provided
hydra-eo-data-sentinel-2-seriestiffs-lelystad-se2_sr_2023-11-03-10_46_28.tif,SE2_SR_2023-11-03 10_46_28.tif,raster,3214057,local_untracked,False,1,not provided,EPSG:4326,incomplete,not provided
hydra-eo-data-sentinel-2-seriestiffs_alfalfa_site1-se2_sr_2023-11-04-10_18_31.tif,SE2_SR_2023-11-04 10_18_31.tif,raster,3620729,local_untracked,False,1,not provided,EPSG:4326,incomplete,not provided
hydra-eo-data-sentinel-2-seriestiffs_alfalfa_site2-se2_sr_2023-11-04-10_18_31.tif,SE2_SR_2023-11-04 10_18_31.tif,raster,3811145,local_untracked,False,1,not provided,EPSG:4326,incomplete,not provided
hydra-eo-data-sentinel-2-seriestiffs_alfalfa_site1-se2_sr_2023-11-07-10_28_26.tif,SE2_SR_2023-11-07 10_28_26.tif,raster,3812495,local_untracked,False,1,not provided,EPSG:4326,incomplete,not provided
hydra-eo-data-sentinel-2-seriestiffs_alfalfa_site2-se2_sr_2023-11-07-10_28_26.tif,SE2_SR_2023-11-07 10_28_26.tif,raster,3841099,local_untracked,False,1,not provided,EPSG:4326,incomplete,not provided
hydra-eo-data-sentinel-2-series-chaparrillo-se2_sr_2023-11-07-11_20_16.tif,SE2_SR_2023-11-07 11_20_16.tif,raster,4149238,local_untracked,False,1,not provided,EPSG:4326,incomplete,not provided
hydra-eo-data-sentinel-2-seriestiffs_alfalfa_site1-se2_sr_2023-11-09-10_18_27.tif,SE2_SR_2023-11-09 10_18_27.tif,raster,3900191,local_untracked,False,1,not provided,EPSG:4326,incomplete,not provided
hydra-eo-data-sentinel-2-seriestiffs_alfalfa_site2-se2_sr_2023-11-09-10_18_27.tif,SE2_SR_2023-11-09 10_18_27.tif,raster,4039574,local_untracked,False,1,not provided,EPSG:4326,incomplete,not provided
hydra-eo-data-sentinel-2-seriestiffs-lelystad-se2_sr_2023-11-11-10_56_22.tif,SE2_SR_2023-11-11 10_56_22.tif,raster,3304260,local_untracked,False,1,not provided,EPSG:4326,incomplete,not provided
hydra-eo-data-sentinel-2-seriestiffs_alfalfa_site1-se2_sr_2023-11-12-10_28_23.tif,SE2_SR_2023-11-12 10_28_23.tif,raster,3767197,local_untracked,False,1,not provided,EPSG:4326,incomplete,not provided
hydra-eo-data-sentinel-2-seriestiffs_alfalfa_site2-se2_sr_2023-11-12-10_28_23.tif,SE2_SR_2023-11-12 10_28_23.tif,raster,3626487,local_untracked,False,1,not provided,EPSG:4326,incomplete,not provided
hydra-eo-data-sentinel-2-series-chaparrillo-se2_sr_2023-11-12-11_20_17.tif,SE2_SR_2023-11-12 11_20_17.tif,raster,4118798,local_untracked,False,1,not provided,EPSG:4326,incomplete,not provided
hydra-eo-data-sentinel-2-seriestiffs_alfalfa_site1-se2_sr_2023-11-14-10_18_28.tif,SE2_SR_2023-11-14 10_18_28.tif,raster,3909449,local_untracked,False,1,not provided,EPSG:4326,incomplete,not provided
hydra-eo-data-sentinel-2-seriestiffs_alfalfa_site2-se2_sr_2023-11-14-10_18_28.tif,SE2_SR_2023-11-14 10_18_28.tif,raster,3686044,local_untracked,False,1,not provided,EPSG:4326,incomplete,not provided
hydra-eo-data-sentinel-2-series-chaparrillo-se2_sr_2023-11-14-11_10_20.tif,SE2_SR_2023-11-14 11_10_20.tif,raster,4164990,local_untracked,False,1,not provided,EPSG:4326,incomplete,not provided
hydra-eo-data-sentinel-2-seriestiffs_alfalfa_site1-se2_sr_2023-11-17-10_28_23.tif,SE2_SR_2023-11-17 10_28_23.tif,raster,3824002,local_untracked,False,1,not provided,EPSG:4326,incomplete,not provided
hydra-eo-data-sentinel-2-seriestiffs_alfalfa_site2-se2_sr_2023-11-17-10_28_23.tif,SE2_SR_2023-11-17 10_28_23.tif,raster,3867462,local_untracked,False,1,not provided,EPSG:4326,incomplete,not provided
hydra-eo-data-sentinel-2-series-chaparrillo-se2_sr_2023-11-17-11_20_14.tif,SE2_SR_2023-11-17 11_20_14.tif,raster,3811173,local_untracked,False,1,not provided,EPSG:4326,incomplete,not provided
hydra-eo-data-sentinel-2-seriestiffs_alfalfa_site1-se2_sr_2023-11-19-10_18_25.tif,SE2_SR_2023-11-19 10_18_25.tif,raster,3839055,local_untracked,False,1,not provided,EPSG:4326,incomplete,not provided
hydra-eo-data-sentinel-2-seriestiffs_alfalfa_site2-se2_sr_2023-11-19-10_18_25.tif,SE2_SR_2023-11-19 10_18_25.tif,raster,3792026,local_untracked,False,1,not provided,EPSG:4326,incomplete,not provided
hydra-eo-data-sentinel-2-series-chaparrillo-se2_sr_2023-11-19-11_10_19.tif,SE2_SR_2023-11-19 11_10_19.tif,raster,4162881,local_untracked,False,1,not provided,EPSG:4326,incomplete,not provided
hydra-eo-data-sentinel-2-seriestiffs-lelystad-se2_sr_2023-11-21-10_56_21.tif,SE2_SR_2023-11-21 10_56_21.tif,raster,3147238,local_untracked,False,1,not provided,EPSG:4326,incomplete,not provided
hydra-eo-data-sentinel-2-seriestiffs_alfalfa_site1-se2_sr_2023-11-22-10_28_20.tif,SE2_SR_2023-11-22 10_28_20.tif,raster,3817728,local_untracked,False,1,not provided,EPSG:4326,incomplete,not provided
hydra-eo-data-sentinel-2-seriestiffs_alfalfa_site2-se2_sr_2023-11-22-10_28_20.tif,SE2_SR_2023-11-22 10_28_20.tif,raster,3813305,local_untracked,False,1,not provided,EPSG:4326,incomplete,not provided
hydra-eo-data-sentinel-2-series-chaparrillo-se2_sr_2023-11-22-11_20_12.tif,SE2_SR_2023-11-22 11_20_12.tif,raster,4204224,local_untracked,False,1,not provided,EPSG:4326,incomplete,not provided
hydra-eo-data-sentinel-2-seriestiffs_alfalfa_site1-se2_sr_2023-11-24-10_18_23.tif,SE2_SR_2023-11-24 10_18_23.tif,raster,3836935,local_untracked,False,1,not provided,EPSG:4326,incomplete,not provided
hydra-eo-data-sentinel-2-seriestiffs_alfalfa_site2-se2_sr_2023-11-24-10_18_23.tif,SE2_SR_2023-11-24 10_18_23.tif,raster,3868438,local_untracked,False,1,not provided,EPSG:4326,incomplete,not provided
hydra-eo-data-sentinel-2-series-chaparrillo-se2_sr_2023-11-24-11_10_16.tif,SE2_SR_2023-11-24 11_10_16.tif,raster,4196078,local_untracked,False,1,not provided,EPSG:4326,incomplete,not provided
hydra-eo-data-sentinel-2-series-chaparrillo-se2_sr_2023-11-27-11_20_10.tif,SE2_SR_2023-11-27 11_20_10.tif,raster,4155186,local_untracked,False,1,not provided,EPSG:4326,incomplete,not provided
hydra-eo-data-sentinel-2-seriestiffs-lelystad-se2_sr_2023-11-28-10_46_18.tif,SE2_SR_2023-11-28 10_46_18.tif,raster,3281087,local_untracked,False,1,not provided,EPSG:4326,incomplete,not provided
hydra-eo-data-sentinel-2-seriestiffs_alfalfa_site1-se2_sr_2023-11-29-10_18_20.tif,SE2_SR_2023-11-29 10_18_20.tif,raster,3792720,local_untracked,False,1,not provided,EPSG:4326,incomplete,not provided
hydra-eo-data-sentinel-2-seriestiffs_alfalfa_site2-se2_sr_2023-11-29-10_18_20.tif,SE2_SR_2023-11-29 10_18_20.tif,raster,3835698,local_untracked,False,1,not provided,EPSG:4326,incomplete,not provided
hydra-eo-data-sentinel-2-seriestiffs-lelystad-se2_sr_2023-12-01-10_56_14.tif,SE2_SR_2023-12-01 10_56_14.tif,raster,3292144,local_untracked,False,1,not provided,EPSG:4326,incomplete,not provided
hydra-eo-data-sentinel-2-seriestiffs_alfalfa_site1-se2_sr_2023-12-02-10_28_16.tif,SE2_SR_2023-12-02 10_28_16.tif,raster,3941683,local_untracked,False,1,not provided,EPSG:4326,incomplete,not provided
hydra-eo-data-sentinel-2-seriestiffs_alfalfa_site2-se2_sr_2023-12-02-10_28_16.tif,SE2_SR_2023-12-02 10_28_16.tif,raster,3595543,local_untracked,False,1,not provided,EPSG:4326,incomplete,not provided
hydra-eo-data-sentinel-2-series-chaparrillo-se2_sr_2023-12-02-11_20_14.tif,SE2_SR_2023-12-02 11_20_14.tif,raster,4075721,local_untracked,False,1,not provided,EPSG:4326,incomplete,not provided
hydra-eo-data-sentinel-2-seriestiffs-lelystad-se2_sr_2023-12-06-10_56_19.tif,SE2_SR_2023-12-06 10_56_19.tif,raster,3130322,local_untracked,False,1,not provided,EPSG:4326,incomplete,not provided
hydra-eo-data-sentinel-2-seriestiffs_alfalfa_site1-se2_sr_2023-12-07-10_28_21.tif,SE2_SR_2023-12-07 10_28_21.tif,raster,3700068,local_untracked,False,1,not provided,EPSG:4326,incomplete,not provided
hydra-eo-data-sentinel-2-seriestiffs_alfalfa_site2-se2_sr_2023-12-07-10_28_21.tif,SE2_SR_2023-12-07 10_28_21.tif,raster,3778223,local_untracked,False,1,not provided,EPSG:4326,incomplete,not provided
hydra-eo-data-sentinel-2-seriestiffs_alfalfa_site1-se2_sr_2023-12-09-10_18_23.tif,SE2_SR_2023-12-09 10_18_23.tif,raster,3359716,local_untracked,False,1,not provided,EPSG:4326,incomplete,not provided
hydra-eo-data-sentinel-2-seriestiffs_alfalfa_site2-se2_sr_2023-12-09-10_18_23.tif,SE2_SR_2023-12-09 10_18_23.tif,raster,3785627,local_untracked,False,1,not provided,EPSG:4326,incomplete,not provided
hydra-eo-data-sentinel-2-seriestiffs-lelystad-se2_sr_2023-12-11-10_56_18.tif,SE2_SR_2023-12-11 10_56_18.tif,raster,3379789,local_untracked,False,1,not provided,EPSG:4326,incomplete,not provided
hydra-eo-data-sentinel-2-series-chaparrillo-se2_sr_2023-12-14-11_10_17.tif,SE2_SR_2023-12-14 11_10_17.tif,raster,4173156,local_untracked,False,1,not provided,EPSG:4326,incomplete,not provided
hydra-eo-data-sentinel-2-seriestiffs_alfalfa_site1-se2_sr_2023-12-17-10_28_24.tif,SE2_SR_2023-12-17 10_28_24.tif,raster,3811655,local_untracked,False,1,not provided,EPSG:4326,incomplete,not provided
hydra-eo-data-sentinel-2-seriestiffs_alfalfa_site2-se2_sr_2023-12-17-10_28_24.tif,SE2_SR_2023-12-17 10_28_24.tif,raster,3751323,local_untracked,False,1,not provided,EPSG:4326,incomplete,not provided
hydra-eo-data-sentinel-2-series-chaparrillo-se2_sr_2023-12-17-11_20_12.tif,SE2_SR_2023-12-17 11_20_12.tif,raster,4159887,local_untracked,False,1,not provided,EPSG:4326,incomplete,not provided
hydra-eo-data-sentinel-2-seriestiffs_alfalfa_site1-se2_sr_2023-12-19-10_18_24.tif,SE2_SR_2023-12-19 10_18_24.tif,raster,3792183,local_untracked,False,1,not provided,EPSG:4326,incomplete,not provided
hydra-eo-data-sentinel-2-seriestiffs_alfalfa_site2-se2_sr_2023-12-19-10_18_24.tif,SE2_SR_2023-12-19 10_18_24.tif,raster,3856689,local_untracked,False,1,not provided,EPSG:4326,incomplete,not provided
hydra-eo-data-sentinel-2-series-chaparrillo-se2_sr_2023-12-19-11_10_21.tif,SE2_SR_2023-12-19 11_10_21.tif,raster,4184114,local_untracked,False,1,not provided,EPSG:4326,incomplete,not provided
hydra-eo-data-sentinel-2-seriestiffs_alfalfa_site1-se2_sr_2023-12-22-10_28_20.tif,SE2_SR_2023-12-22 10_28_20.tif,raster,3804682,local_untracked,False,1,not provided,EPSG:4326,incomplete,not provided
hydra-eo-data-sentinel-2-seriestiffs_alfalfa_site2-se2_sr_2023-12-22-10_28_20.tif,SE2_SR_2023-12-22 10_28_20.tif,raster,3855888,local_untracked,False,1,not provided,EPSG:4326,incomplete,not provided
hydra-eo-data-sentinel-2-series-chaparrillo-se2_sr_2023-12-22-11_20_17.tif,SE2_SR_2023-12-22 11_20_17.tif,raster,4172042,local_untracked,False,1,not provided,EPSG:4326,incomplete,not provided
hydra-eo-data-sentinel-2-seriestiffs_alfalfa_site1-se2_sr_2023-12-24-10_18_29.tif,SE2_SR_2023-12-24 10_18_29.tif,raster,3831973,local_untracked,False,1,not provided,EPSG:4326,incomplete,not provided
hydra-eo-data-sentinel-2-seriestiffs_alfalfa_site2-se2_sr_2023-12-24-10_18_29.tif,SE2_SR_2023-12-24 10_18_29.tif,raster,3867389,local_untracked,False,1,not provided,EPSG:4326,incomplete,not provided
hydra-eo-data-sentinel-2-series-chaparrillo-se2_sr_2023-12-24-11_10_18.tif,SE2_SR_2023-12-24 11_10_18.tif,raster,4214379,local_untracked,False,1,not provided,EPSG:4326,incomplete,not provided
hydra-eo-data-sentinel-2-series-chaparrillo-se2_sr_2023-12-27-11_20_13.tif,SE2_SR_2023-12-27 11_20_13.tif,raster,3868667,local_untracked,False,1,not provided,EPSG:4326,incomplete,not provided
hydra-eo-data-sentinel-2-seriestiffs_alfalfa_site1-se2_sr_2023-12-29-10_18_25.tif,SE2_SR_2023-12-29 10_18_25.tif,raster,3722005,local_untracked,False,1,not provided,EPSG:4326,incomplete,not provided
hydra-eo-data-sentinel-2-seriestiffs_alfalfa_site2-se2_sr_2023-12-29-10_18_25.tif,SE2_SR_2023-12-29 10_18_25.tif,raster,3825869,local_untracked,False,1,not provided,EPSG:4326,incomplete,not provided
hydra-eo-data-sentinel-2-series-chaparrillo-se2_sr_2024-01-01-11_20_17.tif,SE2_SR_2024-01-01 11_20_17.tif,raster,4175541,local_untracked,False,1,not provided,EPSG:4326,incomplete,not provided
hydra-eo-data-sentinel-2-seriestiffs_alfalfa_site1-se2_sr_2024-01-03-10_18_28.tif,SE2_SR_2024-01-03 10_18_28.tif,raster,3823346,local_untracked,False,1,not provided,EPSG:4326,incomplete,not provided
hydra-eo-data-sentinel-2-seriestiffs_alfalfa_site2-se2_sr_2024-01-03-10_18_28.tif,SE2_SR_2024-01-03 10_18_28.tif,raster,3680214,local_untracked,False,1,not provided,EPSG:4326,incomplete,not provided
hydra-eo-data-sentinel-2-series-chaparrillo-se2_sr_2024-01-06-11_20_13.tif,SE2_SR_2024-01-06 11_20_13.tif,raster,4142432,local_untracked,False,1,not provided,EPSG:4326,incomplete,not provided
hydra-eo-data-sentinel-2-series-lelystad-se2_sr_2024-01-07-10_46_21.tif,SE2_SR_2024-01-07 10_46_21.tif,raster,3117621,local_untracked,False,1,not provided,EPSG:4326,incomplete,not provided
hydra-eo-data-sentinel-2-series-chaparrillo-se2_sr_2024-01-08-11_10_20.tif,SE2_SR_2024-01-08 11_10_20.tif,raster,4162618,local_untracked,False,1,not provided,EPSG:4326,incomplete,not provided
hydra-eo-data-sentinel-2-series-lelystad-se2_sr_2024-01-10-10_56_18.tif,SE2_SR_2024-01-10 10_56_18.tif,raster,3326731,local_untracked,False,1,not provided,EPSG:4326,incomplete,not provided
hydra-eo-data-sentinel-2-seriestiffs_alfalfa_site1-se2_sr_2024-01-11-10_28_19.tif,SE2_SR_2024-01-11 10_28_19.tif,raster,3754975,local_untracked,False,1,not provided,EPSG:4326,incomplete,not provided
hydra-eo-data-sentinel-2-seriestiffs_alfalfa_site2-se2_sr_2024-01-11-10_28_19.tif,SE2_SR_2024-01-11 10_28_19.tif,raster,3754414,local_untracked,False,1,not provided,EPSG:4326,incomplete,not provided
hydra-eo-data-sentinel-2-series-chaparrillo-se2_sr_2024-01-11-11_20_14.tif,SE2_SR_2024-01-11 11_20_14.tif,raster,4191135,local_untracked,False,1,not provided,EPSG:4326,incomplete,not provided
hydra-eo-data-sentinel-2-seriestiffs_alfalfa_site1-se2_sr_2024-01-13-10_18_26.tif,SE2_SR_2024-01-13 10_18_26.tif,raster,3625710,local_untracked,False,1,not provided,EPSG:4326,incomplete,not provided
hydra-eo-data-sentinel-2-seriestiffs_alfalfa_site2-se2_sr_2024-01-13-10_18_26.tif,SE2_SR_2024-01-13 10_18_26.tif,raster,3653848,local_untracked,False,1,not provided,EPSG:4326,incomplete,not provided
hydra-eo-data-sentinel-2-seriestiffs_alfalfa_site1-se2_sr_2024-01-16-10_28_23.tif,SE2_SR_2024-01-16 10_28_23.tif,raster,3449538,local_untracked,False,1,not provided,EPSG:4326,incomplete,not provided
hydra-eo-data-sentinel-2-seriestiffs_alfalfa_site2-se2_sr_2024-01-16-10_28_23.tif,SE2_SR_2024-01-16 10_28_23.tif,raster,3625388,local_untracked,False,1,not provided,EPSG:4326,incomplete,not provided
hydra-eo-data-sentinel-2-seriestiffs_alfalfa_site1-se2_sr_2024-01-18-10_18_19.tif,SE2_SR_2024-01-18 10_18_19.tif,raster,3803607,local_untracked,False,1,not provided,EPSG:4326,incomplete,not provided
hydra-eo-data-sentinel-2-seriestiffs_alfalfa_site2-se2_sr_2024-01-18-10_18_19.tif,SE2_SR_2024-01-18 10_18_19.tif,raster,3846822,local_untracked,False,1,not provided,EPSG:4326,incomplete,not provided
hydra-eo-data-sentinel-2-series-chaparrillo-se2_sr_2024-01-18-11_10_20.tif,SE2_SR_2024-01-18 11_10_20.tif,raster,4174735,local_untracked,False,1,not provided,EPSG:4326,incomplete,not provided
hydra-eo-data-sentinel-2-seriestiffs_alfalfa_site1-se2_sr_2024-01-21-10_28_16.tif,SE2_SR_2024-01-21 10_28_16.tif,raster,3752016,local_untracked,False,1,not provided,EPSG:4326,incomplete,not provided
hydra-eo-data-sentinel-2-seriestiffs_alfalfa_site2-se2_sr_2024-01-21-10_28_16.tif,SE2_SR_2024-01-21 10_28_16.tif,raster,3797502,local_untracked,False,1,not provided,EPSG:4326,incomplete,not provided
hydra-eo-data-sentinel-2-series-chaparrillo-se2_sr_2024-01-21-11_20_16.tif,SE2_SR_2024-01-21 11_20_16.tif,raster,4154175,local_untracked,False,1,not provided,EPSG:4326,incomplete,not provided
hydra-eo-data-sentinel-2-series-lelystad-se2_sr_2024-01-22-10_46_24.tif,SE2_SR_2024-01-22 10_46_24.tif,raster,3106911,local_untracked,False,1,not provided,EPSG:4326,incomplete,not provided
hydra-eo-data-sentinel-2-seriestiffs_alfalfa_site1-se2_sr_2024-01-23-10_18_27.tif,SE2_SR_2024-01-23 10_18_27.tif,raster,3737905,local_untracked,False,1,not provided,EPSG:4326,incomplete,not provided
hydra-eo-data-sentinel-2-seriestiffs_alfalfa_site2-se2_sr_2024-01-23-10_18_27.tif,SE2_SR_2024-01-23 10_18_27.tif,raster,3773844,local_untracked,False,1,not provided,EPSG:4326,incomplete,not provided
hydra-eo-data-sentinel-2-series-chaparrillo-se2_sr_2024-01-23-11_10_14.tif,SE2_SR_2024-01-23 11_10_14.tif,raster,4051249,local_untracked,False,1,not provided,EPSG:4326,incomplete,not provided
hydra-eo-data-sentinel-2-series-chaparrillo-se2_sr_2024-01-26-11_20_11.tif,SE2_SR_2024-01-26 11_20_11.tif,raster,3910111,local_untracked,False,1,not provided,EPSG:4326,incomplete,not provided
hydra-eo-data-sentinel-2-series-lelystad-se2_sr_2024-01-27-10_46_20.tif,SE2_SR_2024-01-27 10_46_20.tif,raster,3161925,local_untracked,False,1,not provided,EPSG:4326,incomplete,not provided
hydra-eo-data-sentinel-2-seriestiffs_alfalfa_site1-se2_sr_2024-01-28-10_18_23.tif,SE2_SR_2024-01-28 10_18_23.tif,raster,3835188,local_untracked,False,1,not provided,EPSG:4326,incomplete,not provided
hydra-eo-data-sentinel-2-seriestiffs_alfalfa_site2-se2_sr_2024-01-28-10_18_23.tif,SE2_SR_2024-01-28 10_18_23.tif,raster,3699397,local_untracked,False,1,not provided,EPSG:4326,incomplete,not provided
hydra-eo-data-sentinel-2-series-chaparrillo-se2_sr_2024-01-28-11_10_19.tif,SE2_SR_2024-01-28 11_10_19.tif,raster,4014472,local_untracked,False,1,not provided,EPSG:4326,incomplete,not provided
hydra-eo-data-sentinel-2-seriestiffs_alfalfa_site1-se2_sr_2024-01-31-10_28_19.tif,SE2_SR_2024-01-31 10_28_19.tif,raster,3713170,local_untracked,False,1,not provided,EPSG:4326,incomplete,not provided
hydra-eo-data-sentinel-2-seriestiffs_alfalfa_site2-se2_sr_2024-01-31-10_28_19.tif,SE2_SR_2024-01-31 10_28_19.tif,raster,3782566,local_untracked,False,1,not provided,EPSG:4326,incomplete,not provided
hydra-eo-data-sentinel-2-series-chaparrillo-se2_sr_2024-01-31-11_20_14.tif,SE2_SR_2024-01-31 11_20_14.tif,raster,4181291,local_untracked,False,1,not provided,EPSG:4326,incomplete,not provided
hydra-eo-data-sentinel-2-series-lelystad-se2_sr_2024-02-01-10_46_22.tif,SE2_SR_2024-02-01 10_46_22.tif,raster,3135615,local_untracked,False,1,not provided,EPSG:4326,incomplete,not provided
hydra-eo-data-sentinel-2-seriestiffs_alfalfa_site1-se2_sr_2024-02-02-10_18_25.tif,SE2_SR_2024-02-02 10_18_25.tif,raster,3733865,local_untracked,False,1,not provided,EPSG:4326,incomplete,not provided
hydra-eo-data-sentinel-2-seriestiffs_alfalfa_site2-se2_sr_2024-02-02-10_18_25.tif,SE2_SR_2024-02-02 10_18_25.tif,raster,3807125,local_untracked,False,1,not provided,EPSG:4326,incomplete,not provided
hydra-eo-data-sentinel-2-series-chaparrillo-se2_sr_2024-02-02-11_10_17.tif,SE2_SR_2024-02-02 11_10_17.tif,raster,4214776,local_untracked,False,1,not provided,EPSG:4326,incomplete,not provided
hydra-eo-data-sentinel-2-seriestiffs_alfalfa_site1-se2_sr_2024-02-05-10_28_23.tif,SE2_SR_2024-02-05 10_28_23.tif,raster,3543893,local_untracked,False,1,not provided,EPSG:4326,incomplete,not provided
hydra-eo-data-sentinel-2-seriestiffs_alfalfa_site2-se2_sr_2024-02-05-10_28_23.tif,SE2_SR_2024-02-05 10_28_23.tif,raster,3712667,local_untracked,False,1,not provided,EPSG:4326,incomplete,not provided
hydra-eo-data-sentinel-2-series-chaparrillo-se2_sr_2024-02-10-11_20_17.tif,SE2_SR_2024-02-10 11_20_17.tif,raster,4084570,local_untracked,False,1,not provided,EPSG:4326,incomplete,not provided
hydra-eo-data-sentinel-2-seriestiffs_alfalfa_site1-se2_sr_2024-02-12-10_18_29.tif,SE2_SR_2024-02-12 10_18_29.tif,raster,3881698,local_untracked,False,1,not provided,EPSG:4326,incomplete,not provided
hydra-eo-data-sentinel-2-seriestiffs_alfalfa_site2-se2_sr_2024-02-12-10_18_29.tif,SE2_SR_2024-02-12 10_18_29.tif,raster,3777405,local_untracked,False,1,not provided,EPSG:4326,incomplete,not provided
hydra-eo-data-sentinel-2-series-chaparrillo-se2_sr_2024-02-12-11_10_18.tif,SE2_SR_2024-02-12 11_10_18.tif,raster,4140270,local_untracked,False,1,not provided,EPSG:4326,incomplete,not provided
hydra-eo-data-sentinel-2-seriestiffs_alfalfa_site1-se2_sr_2024-02-15-10_28_25.tif,SE2_SR_2024-02-15 10_28_25.tif,raster,3784193,local_untracked,False,1,not provided,EPSG:4326,incomplete,not provided
hydra-eo-data-sentinel-2-seriestiffs_alfalfa_site2-se2_sr_2024-02-15-10_28_25.tif,SE2_SR_2024-02-15 10_28_25.tif,raster,3792345,local_untracked,False,1,not provided,EPSG:4326,incomplete,not provided
hydra-eo-data-sentinel-2-seriestiffs_alfalfa_site1-se2_sr_2024-02-17-10_18_26.tif,SE2_SR_2024-02-17 10_18_26.tif,raster,3475794,local_untracked,False,1,not provided,EPSG:4326,incomplete,not provided
hydra-eo-data-sentinel-2-seriestiffs_alfalfa_site2-se2_sr_2024-02-17-10_18_26.tif,SE2_SR_2024-02-17 10_18_26.tif,raster,3625279,local_untracked,False,1,not provided,EPSG:4326,incomplete,not provided
hydra-eo-data-sentinel-2-series-chaparrillo-se2_sr_2024-02-17-11_10_22.tif,SE2_SR_2024-02-17 11_10_22.tif,raster,4206132,local_untracked,False,1,not provided,EPSG:4326,incomplete,not provided
hydra-eo-data-sentinel-2-seriestiffs_alfalfa_site1-se2_sr_2024-02-20-10_28_22.tif,SE2_SR_2024-02-20 10_28_22.tif,raster,3742638,local_untracked,False,1,not provided,EPSG:4326,incomplete,not provided
hydra-eo-data-sentinel-2-seriestiffs_alfalfa_site2-se2_sr_2024-02-20-10_28_22.tif,SE2_SR_2024-02-20 10_28_22.tif,raster,3819210,local_untracked,False,1,not provided,EPSG:4326,incomplete,not provided
hydra-eo-data-sentinel-2-series-chaparrillo-se2_sr_2024-02-20-11_20_17.tif,SE2_SR_2024-02-20 11_20_17.tif,raster,4212923,local_untracked,False,1,not provided,EPSG:4326,incomplete,not provided
hydra-eo-data-sentinel-2-seriestiffs_alfalfa_site1-se2_sr_2024-02-25-10_28_24.tif,SE2_SR_2024-02-25 10_28_24.tif,raster,3925336,local_untracked,False,1,not provided,EPSG:4326,incomplete,not provided
hydra-eo-data-sentinel-2-seriestiffs_alfalfa_site2-se2_sr_2024-02-25-10_28_24.tif,SE2_SR_2024-02-25 10_28_24.tif,raster,3832568,local_untracked,False,1,not provided,EPSG:4326,incomplete,not provided
hydra-eo-data-sentinel-2-series-chaparrillo-se2_sr_2024-02-27-11_10_20.tif,SE2_SR_2024-02-27 11_10_20.tif,raster,4219529,local_untracked,False,1,not provided,EPSG:4326,incomplete,not provided
hydra-eo-data-sentinel-2-series-chaparrillo-se2_sr_2024-03-01-11_20_14.tif,SE2_SR_2024-03-01 11_20_14.tif,raster,4216853,local_untracked,False,1,not provided,EPSG:4326,incomplete,not provided
hydra-eo-data-sentinel-2-series-lelystad-se2_sr_2024-03-02-10_46_22.tif,SE2_SR_2024-03-02 10_46_22.tif,raster,3209610,local_untracked,False,1,not provided,EPSG:4326,incomplete,not provided
hydra-eo-data-sentinel-2-series-chaparrillo-se2_sr_2024-03-03-11_10_22.tif,SE2_SR_2024-03-03 11_10_22.tif,raster,4315127,local_untracked,False,1,not provided,EPSG:4326,incomplete,not provided
hydra-eo-data-sentinel-2-seriestiffs_alfalfa_site1-se2_sr_2024-03-06-10_28_19.tif,SE2_SR_2024-03-06 10_28_19.tif,raster,4036521,local_untracked,False,1,not provided,EPSG:4326,incomplete,not provided
hydra-eo-data-sentinel-2-seriestiffs_alfalfa_site2-se2_sr_2024-03-06-10_28_19.tif,SE2_SR_2024-03-06 10_28_19.tif,raster,3685377,local_untracked,False,1,not provided,EPSG:4326,incomplete,not provided
hydra-eo-data-sentinel-2-series-chaparrillo-se2_sr_2024-03-06-11_20_17.tif,SE2_SR_2024-03-06 11_20_17.tif,raster,4209744,local_untracked,False,1,not provided,EPSG:4326,incomplete,not provided
hydra-eo-data-sentinel-2-series-lelystad-se2_sr_2024-03-07-10_46_26.tif,SE2_SR_2024-03-07 10_46_26.tif,raster,3328411,local_untracked,False,1,not provided,EPSG:4326,incomplete,not provided
hydra-eo-data-sentinel-2-seriestiffs_alfalfa_site1-se2_sr_2024-03-08-10_18_29.tif,SE2_SR_2024-03-08 10_18_29.tif,raster,3815648,local_untracked,False,1,not provided,EPSG:4326,incomplete,not provided
hydra-eo-data-sentinel-2-seriestiffs_alfalfa_site2-se2_sr_2024-03-08-10_18_29.tif,SE2_SR_2024-03-08 10_18_29.tif,raster,3792874,local_untracked,False,1,not provided,EPSG:4326,incomplete,not provided
hydra-eo-data-sentinel-2-seriestiffs_alfalfa_site1-se2_sr_2024-03-11-10_28_24.tif,SE2_SR_2024-03-11 10_28_24.tif,raster,3897808,local_untracked,False,1,not provided,EPSG:4326,incomplete,not provided
hydra-eo-data-sentinel-2-seriestiffs_alfalfa_site2-se2_sr_2024-03-11-10_28_24.tif,SE2_SR_2024-03-11 10_28_24.tif,raster,3898111,local_untracked,False,1,not provided,EPSG:4326,incomplete,not provided
hydra-eo-data-sentinel-2-series-chaparrillo-se2_sr_2024-03-11-11_20_13.tif,SE2_SR_2024-03-11 11_20_13.tif,raster,4208748,local_untracked,False,1,not provided,EPSG:4326,incomplete,not provided
hydra-eo-data-sentinel-2-series-chaparrillo-se2_sr_2024-03-13-11_10_21.tif,SE2_SR_2024-03-13 11_10_21.tif,raster,4186212,local_untracked,False,1,not provided,EPSG:4326,incomplete,not provided
hydra-eo-data-sentinel-2-seriestiffs_alfalfa_site1-se2_sr_2024-03-16-10_28_23.tif,SE2_SR_2024-03-16 10_28_23.tif,raster,3679647,local_untracked,False,1,not provided,EPSG:4326,incomplete,not provided
hydra-eo-data-sentinel-2-seriestiffs_alfalfa_site2-se2_sr_2024-03-16-10_28_23.tif,SE2_SR_2024-03-16 10_28_23.tif,raster,3946528,local_untracked,False,1,not provided,EPSG:4326,incomplete,not provided
hydra-eo-data-sentinel-2-series-chaparrillo-se2_sr_2024-03-16-11_20_17.tif,SE2_SR_2024-03-16 11_20_17.tif,raster,4183781,local_untracked,False,1,not provided,EPSG:4326,incomplete,not provided
hydra-eo-data-sentinel-2-seriestiffs_alfalfa_site1-se2_sr_2024-03-21-10_28_25.tif,SE2_SR_2024-03-21 10_28_25.tif,raster,3684049,local_untracked,False,1,not provided,EPSG:4326,incomplete,not provided
hydra-eo-data-sentinel-2-seriestiffs_alfalfa_site2-se2_sr_2024-03-21-10_28_25.tif,SE2_SR_2024-03-21 10_28_25.tif,raster,3952957,local_untracked,False,1,not provided,EPSG:4326,incomplete,not provided
hydra-eo-data-sentinel-2-seriestiffs_alfalfa_site1-se2_sr_2024-03-23-10_18_28.tif,SE2_SR_2024-03-23 10_18_28.tif,raster,3961954,local_untracked,False,1,not provided,EPSG:4326,incomplete,not provided
hydra-eo-data-sentinel-2-seriestiffs_alfalfa_site2-se2_sr_2024-03-23-10_18_28.tif,SE2_SR_2024-03-23 10_18_28.tif,raster,3999692,local_untracked,False,1,not provided,EPSG:4326,incomplete,not provided
hydra-eo-data-sentinel-2-series-chaparrillo-se2_sr_2024-03-26-11_20_17.tif,SE2_SR_2024-03-26 11_20_17.tif,raster,4233375,local_untracked,False,1,not provided,EPSG:4326,incomplete,not provided
hydra-eo-data-sentinel-2-seriestiffs_alfalfa_site1-se2_sr_2024-03-31-10_28_23.tif,SE2_SR_2024-03-31 10_28_23.tif,raster,3664535,local_untracked,False,1,not provided,EPSG:4326,incomplete,not provided
hydra-eo-data-sentinel-2-seriestiffs_alfalfa_site2-se2_sr_2024-03-31-10_28_23.tif,SE2_SR_2024-03-31 10_28_23.tif,raster,3971328,local_untracked,False,1,not provided,EPSG:4326,incomplete,not provided
hydra-eo-data-sentinel-2-seriestiffs_alfalfa_site1-se2_sr_2024-04-02-10_18_27.tif,SE2_SR_2024-04-02 10_18_27.tif,raster,3945395,local_untracked,False,1,not provided,EPSG:4326,incomplete,not provided
hydra-eo-data-sentinel-2-seriestiffs_alfalfa_site2-se2_sr_2024-04-02-10_18_27.tif,SE2_SR_2024-04-02 10_18_27.tif,raster,3990552,local_untracked,False,1,not provided,EPSG:4326,incomplete,not provided
hydra-eo-data-sentinel-2-seriestiffs_alfalfa_site1-se2_sr_2024-04-07-10_18_27.tif,SE2_SR_2024-04-07 10_18_27.tif,raster,3895671,local_untracked,False,1,not provided,EPSG:4326,incomplete,not provided
hydra-eo-data-sentinel-2-seriestiffs_alfalfa_site2-se2_sr_2024-04-07-10_18_27.tif,SE2_SR_2024-04-07 10_18_27.tif,raster,3844747,local_untracked,False,1,not provided,EPSG:4326,incomplete,not provided
hydra-eo-data-sentinel-2-series-chaparrillo-se2_sr_2024-04-07-11_10_20.tif,SE2_SR_2024-04-07 11_10_20.tif,raster,4072285,local_untracked,False,1,not provided,EPSG:4326,incomplete,not provided
hydra-eo-data-sentinel-2-seriestiffs_alfalfa_site1-se2_sr_2024-04-12-10_18_28.tif,SE2_SR_2024-04-12 10_18_28.tif,raster,3945746,local_untracked,False,1,not provided,EPSG:4326,incomplete,not provided
hydra-eo-data-sentinel-2-seriestiffs_alfalfa_site2-se2_sr_2024-04-12-10_18_28.tif,SE2_SR_2024-04-12 10_18_28.tif,raster,4001231,local_untracked,False,1,not provided,EPSG:4326,incomplete,not provided
hydra-eo-data-sentinel-2-series-chaparrillo-se2_sr_2024-04-12-11_10_22.tif,SE2_SR_2024-04-12 11_10_22.tif,raster,4248347,local_untracked,False,1,not provided,EPSG:4326,incomplete,not provided
hydra-eo-data-sentinel-2-series-lelystad-se2_sr_2024-04-14-10_56_23.tif,SE2_SR_2024-04-14 10_56_23.tif,raster,3115010,local_untracked,False,1,not provided,EPSG:4326,incomplete,not provided
hydra-eo-data-sentinel-2-seriestiffs_alfalfa_site1-se2_sr_2024-04-15-10_28_25.tif,SE2_SR_2024-04-15 10_28_25.tif,raster,3816743,local_untracked,False,1,not provided,EPSG:4326,incomplete,not provided
hydra-eo-data-sentinel-2-seriestiffs_alfalfa_site2-se2_sr_2024-04-15-10_28_25.tif,SE2_SR_2024-04-15 10_28_25.tif,raster,3933063,local_untracked,False,1,not provided,EPSG:4326,incomplete,not provided
hydra-eo-data-sentinel-2-series-chaparrillo-se2_sr_2024-04-15-11_20_19.tif,SE2_SR_2024-04-15 11_20_19.tif,raster,4224416,local_untracked,False,1,not provided,EPSG:4326,incomplete,not provided
hydra-eo-data-sentinel-2-seriestiffs_alfalfa_site1-se2_sr_2024-04-17-10_18_31.tif,SE2_SR_2024-04-17 10_18_31.tif,raster,4103797,local_untracked,False,1,not provided,EPSG:4326,incomplete,not provided
hydra-eo-data-sentinel-2-seriestiffs_alfalfa_site2-se2_sr_2024-04-17-10_18_31.tif,SE2_SR_2024-04-17 10_18_31.tif,raster,4032181,local_untracked,False,1,not provided,EPSG:4326,incomplete,not provided
hydra-eo-data-sentinel-2-series-chaparrillo-se2_sr_2024-04-17-11_10_22.tif,SE2_SR_2024-04-17 11_10_22.tif,raster,4106031,local_untracked,False,1,not provided,EPSG:4326,incomplete,not provided
hydra-eo-data-sentinel-2-seriestiffs_alfalfa_site1-se2_sr_2024-04-20-10_28_27.tif,SE2_SR_2024-04-20 10_28_27.tif,raster,4027831,local_untracked,False,1,not provided,EPSG:4326,incomplete,not provided
hydra-eo-data-sentinel-2-seriestiffs_alfalfa_site2-se2_sr_2024-04-20-10_28_27.tif,SE2_SR_2024-04-20 10_28_27.tif,raster,3738861,local_untracked,False,1,not provided,EPSG:4326,incomplete,not provided
hydra-eo-data-sentinel-2-series-chaparrillo-se2_sr_2024-04-20-11_20_17.tif,SE2_SR_2024-04-20 11_20_17.tif,raster,4241577,local_untracked,False,1,not provided,EPSG:4326,incomplete,not provided
hydra-eo-data-sentinel-2-series-lelystad-se2_sr_2024-04-21-10_46_26.tif,SE2_SR_2024-04-21 10_46_26.tif,raster,3511319,local_untracked,False,1,not provided,EPSG:4326,incomplete,not provided
hydra-eo-data-sentinel-2-series-chaparrillo-se2_sr_2024-04-22-11_10_24.tif,SE2_SR_2024-04-22 11_10_24.tif,raster,4258625,local_untracked,False,1,not provided,EPSG:4326,incomplete,not provided
hydra-eo-data-sentinel-2-series-lelystad-se2_sr_2024-04-24-10_56_21.tif,SE2_SR_2024-04-24 10_56_21.tif,raster,3416939,local_untracked,False,1,not provided,EPSG:4326,incomplete,not provided
hydra-eo-data-sentinel-2-seriestiffs_alfalfa_site1-se2_sr_2024-04-25-10_28_22.tif,SE2_SR_2024-04-25 10_28_22.tif,raster,4128802,local_untracked,False,1,not provided,EPSG:4326,incomplete,not provided
hydra-eo-data-sentinel-2-seriestiffs_alfalfa_site2-se2_sr_2024-04-25-10_28_22.tif,SE2_SR_2024-04-25 10_28_22.tif,raster,4091702,local_untracked,False,1,not provided,EPSG:4326,incomplete,not provided
hydra-eo-data-sentinel-2-series-chaparrillo-se2_sr_2024-04-25-11_20_18.tif,SE2_SR_2024-04-25 11_20_18.tif,raster,3866351,local_untracked,False,1,not provided,EPSG:4326,incomplete,not provided
hydra-eo-data-sentinel-2-series-lelystad-se2_sr_2024-04-26-10_46_27.tif,SE2_SR_2024-04-26 10_46_27.tif,raster,3406228,local_untracked,False,1,not provided,EPSG:4326,incomplete,not provided
hydra-eo-data-sentinel-2-series-chaparrillo-se2_sr_2024-04-27-11_10_20.tif,SE2_SR_2024-04-27 11_10_20.tif,raster,4203810,local_untracked,False,1,not provided,EPSG:4326,incomplete,not provided
hydra-eo-data-sentinel-2-series-lelystad-se2_sr_2024-04-29-10_56_25.tif,SE2_SR_2024-04-29 10_56_25.tif,raster,3435935,local_untracked,False,1,not provided,EPSG:4326,incomplete,not provided
hydra-eo-data-sentinel-2-seriestiffs_alfalfa_site1-se2_sr_2024-04-30-10_28_27.tif,SE2_SR_2024-04-30 10_28_27.tif,raster,3938194,local_untracked,False,1,not provided,EPSG:4326,incomplete,not provided
hydra-eo-data-sentinel-2-seriestiffs_alfalfa_site2-se2_sr_2024-04-30-10_28_27.tif,SE2_SR_2024-04-30 10_28_27.tif,raster,3985662,local_untracked,False,1,not provided,EPSG:4326,incomplete,not provided
hydra-eo-data-sentinel-2-series-chaparrillo-se2_sr_2024-04-30-11_20_16.tif,SE2_SR_2024-04-30 11_20_16.tif,raster,4246874,local_untracked,False,1,not provided,EPSG:4326,incomplete,not provided
hydra-eo-data-sentinel-2-series-lelystad-se2_sr_2024-05-01-10_46_25.tif,SE2_SR_2024-05-01 10_46_25.tif,raster,3376684,local_untracked,False,1,not provided,EPSG:4326,incomplete,not provided
hydra-eo-data-sentinel-2-series-chaparrillo-se2_sr_2024-05-02-11_10_24.tif,SE2_SR_2024-05-02 11_10_24.tif,raster,4232327,local_untracked,False,1,not provided,EPSG:4326,incomplete,not provided
hydra-eo-data-sentinel-2-series-lelystad-se2_sr_2024-05-04-10_56_23.tif,SE2_SR_2024-05-04 10_56_23.tif,raster,3157290,local_untracked,False,1,not provided,EPSG:4326,incomplete,not provided
hydra-eo-data-sentinel-2-seriestiffs_alfalfa_site1-se2_sr_2024-05-05-10_28_25.tif,SE2_SR_2024-05-05 10_28_25.tif,raster,3950394,local_untracked,False,1,not provided,EPSG:4326,incomplete,not provided
hydra-eo-data-sentinel-2-seriestiffs_alfalfa_site2-se2_sr_2024-05-05-10_28_25.tif,SE2_SR_2024-05-05 10_28_25.tif,raster,3961320,local_untracked,False,1,not provided,EPSG:4326,incomplete,not provided
hydra-eo-data-sentinel-2-series-chaparrillo-se2_sr_2024-05-07-11_10_22.tif,SE2_SR_2024-05-07 11_10_22.tif,raster,4228713,local_untracked,False,1,not provided,EPSG:4326,incomplete,not provided
hydra-eo-data-sentinel-2-seriestiffs_alfalfa_site1-se2_sr_2024-05-10-10_28_27.tif,SE2_SR_2024-05-10 10_28_27.tif,raster,3965593,local_untracked,False,1,not provided,EPSG:4326,incomplete,not provided
hydra-eo-data-sentinel-2-seriestiffs_alfalfa_site2-se2_sr_2024-05-10-10_28_27.tif,SE2_SR_2024-05-10 10_28_27.tif,raster,3950317,local_untracked,False,1,not provided,EPSG:4326,incomplete,not provided
hydra-eo-data-sentinel-2-series-chaparrillo-se2_sr_2024-05-10-11_20_17.tif,SE2_SR_2024-05-10 11_20_17.tif,raster,4197405,local_untracked,False,1,not provided,EPSG:4326,incomplete,not provided
hydra-eo-data-sentinel-2-series-lelystad-se2_sr_2024-05-11-10_46_26.tif,SE2_SR_2024-05-11 10_46_26.tif,raster,3396533,local_untracked,False,1,not provided,EPSG:4326,incomplete,not provided
hydra-eo-data-sentinel-2-seriestiffs_alfalfa_site1-se2_sr_2024-05-12-10_18_28.tif,SE2_SR_2024-05-12 10_18_28.tif,raster,4009641,local_untracked,False,1,not provided,EPSG:4326,incomplete,not provided
hydra-eo-data-sentinel-2-seriestiffs_alfalfa_site2-se2_sr_2024-05-12-10_18_28.tif,SE2_SR_2024-05-12 10_18_28.tif,raster,4012375,local_untracked,False,1,not provided,EPSG:4326,incomplete,not provided
hydra-eo-data-sentinel-2-series-chaparrillo-se2_sr_2024-05-12-11_10_24.tif,SE2_SR_2024-05-12 11_10_24.tif,raster,4153139,local_untracked,False,1,not provided,EPSG:4326,incomplete,not provided
hydra-eo-data-sentinel-2-series-lelystad-se2_sr_2024-05-14-10_56_21.tif,SE2_SR_2024-05-14 10_56_21.tif,raster,3389031,local_untracked,False,1,not provided,EPSG:4326,incomplete,not provided
hydra-eo-data-sentinel-2-series-chaparrillo-se2_sr_2024-05-15-11_20_19.tif,SE2_SR_2024-05-15 11_20_19.tif,raster,4225522,local_untracked,False,1,not provided,EPSG:4326,incomplete,not provided
hydra-eo-data-sentinel-2-series-lelystad-se2_sr_2024-05-16-10_46_28.tif,SE2_SR_2024-05-16 10_46_28.tif,raster,3064031,local_untracked,False,1,not provided,EPSG:4326,incomplete,not provided
hydra-eo-data-sentinel-2-seriestiffs_alfalfa_site1-se2_sr_2024-05-17-10_18_30.tif,SE2_SR_2024-05-17 10_18_30.tif,raster,4132582,local_untracked,False,1,not provided,EPSG:4326,incomplete,not provided
hydra-eo-data-sentinel-2-seriestiffs_alfalfa_site2-se2_sr_2024-05-17-10_18_30.tif,SE2_SR_2024-05-17 10_18_30.tif,raster,4047801,local_untracked,False,1,not provided,EPSG:4326,incomplete,not provided
hydra-eo-data-sentinel-2-series-chaparrillo-se2_sr_2024-05-17-11_10_19.tif,SE2_SR_2024-05-17 11_10_19.tif,raster,4151890,local_untracked,False,1,not provided,EPSG:4326,incomplete,not provided
hydra-eo-data-sentinel-2-series-lelystad-se2_sr_2024-05-19-10_56_24.tif,SE2_SR_2024-05-19 10_56_24.tif,raster,3424147,local_untracked,False,1,not provided,EPSG:4326,incomplete,not provided
hydra-eo-data-sentinel-2-series-chaparrillo-se2_sr_2024-05-20-11_20_16.tif,SE2_SR_2024-05-20 11_20_16.tif,raster,4290024,local_untracked,False,1,not provided,EPSG:4326,incomplete,not provided
hydra-eo-data-sentinel-2-series-lelystad-se2_sr_2024-05-21-10_46_25.tif,SE2_SR_2024-05-21 10_46_25.tif,raster,3054269,local_untracked,False,1,not provided,EPSG:4326,incomplete,not provided
hydra-eo-data-sentinel-2-seriestiffs_alfalfa_site1-se2_sr_2024-05-22-10_18_28.tif,SE2_SR_2024-05-22 10_18_28.tif,raster,4068968,local_untracked,False,1,not provided,EPSG:4326,incomplete,not provided
hydra-eo-data-sentinel-2-seriestiffs_alfalfa_site2-se2_sr_2024-05-22-10_18_28.tif,SE2_SR_2024-05-22 10_18_28.tif,raster,3787531,local_untracked,False,1,not provided,EPSG:4326,incomplete,not provided
hydra-eo-data-sentinel-2-series-chaparrillo-se2_sr_2024-05-22-11_10_21.tif,SE2_SR_2024-05-22 11_10_21.tif,raster,4168886,local_untracked,False,1,not provided,EPSG:4326,incomplete,not provided
hydra-eo-data-sentinel-2-series-chaparrillo-se2_sr_2024-05-25-11_20_16.tif,SE2_SR_2024-05-25 11_20_16.tif,raster,4156262,local_untracked,False,1,not provided,EPSG:4326,incomplete,not provided
hydra-eo-data-sentinel-2-seriestiffs_alfalfa_site1-se2_sr_2024-05-27-10_18_29.tif,SE2_SR_2024-05-27 10_18_29.tif,raster,4055390,local_untracked,False,1,not provided,EPSG:4326,incomplete,not provided
hydra-eo-data-sentinel-2-seriestiffs_alfalfa_site2-se2_sr_2024-05-27-10_18_29.tif,SE2_SR_2024-05-27 10_18_29.tif,raster,4034282,local_untracked,False,1,not provided,EPSG:4326,incomplete,not provided
hydra-eo-data-sentinel-2-series-chaparrillo-se2_sr_2024-05-27-11_10_21.tif,SE2_SR_2024-05-27 11_10_21.tif,raster,4141569,local_untracked,False,1,not provided,EPSG:4326,incomplete,not provided
hydra-eo-data-sentinel-2-seriestiffs_alfalfa_site1-se2_sr_2024-05-30-10_28_27.tif,SE2_SR_2024-05-30 10_28_27.tif,raster,3952180,local_untracked,False,1,not provided,EPSG:4326,incomplete,not provided
hydra-eo-data-sentinel-2-seriestiffs_alfalfa_site2-se2_sr_2024-05-30-10_28_27.tif,SE2_SR_2024-05-30 10_28_27.tif,raster,3857246,local_untracked,False,1,not provided,EPSG:4326,incomplete,not provided
hydra-eo-data-sentinel-2-series-chaparrillo-se2_sr_2024-05-30-11_20_17.tif,SE2_SR_2024-05-30 11_20_17.tif,raster,4126637,local_untracked,False,1,not provided,EPSG:4326,incomplete,not provided
hydra-eo-data-sentinel-2-series-lelystad-se2_sr_2024-05-31-10_46_26.tif,SE2_SR_2024-05-31 10_46_26.tif,raster,3556531,local_untracked,False,1,not provided,EPSG:4326,incomplete,not provided
hydra-eo-data-sentinel-2-seriestiffs_alfalfa_site1-se2_sr_2024-06-01-10_18_29.tif,SE2_SR_2024-06-01 10_18_29.tif,raster,4025823,local_untracked,False,1,not provided,EPSG:4326,incomplete,not provided
hydra-eo-data-sentinel-2-seriestiffs_alfalfa_site2-se2_sr_2024-06-01-10_18_29.tif,SE2_SR_2024-06-01 10_18_29.tif,raster,4026505,local_untracked,False,1,not provided,EPSG:4326,incomplete,not provided
hydra-eo-data-sentinel-2-series-chaparrillo-se2_sr_2024-06-01-11_10_25.tif,SE2_SR_2024-06-01 11_10_25.tif,raster,4117596,local_untracked,False,1,not provided,EPSG:4326,incomplete,not provided
hydra-eo-data-sentinel-2-seriestiffs_alfalfa_site1-se2_sr_2024-06-04-10_28_26.tif,SE2_SR_2024-06-04 10_28_26.tif,raster,4062782,local_untracked,False,1,not provided,EPSG:4326,incomplete,not provided
hydra-eo-data-sentinel-2-seriestiffs_alfalfa_site2-se2_sr_2024-06-04-10_28_26.tif,SE2_SR_2024-06-04 10_28_26.tif,raster,3989256,local_untracked,False,1,not provided,EPSG:4326,incomplete,not provided
hydra-eo-data-sentinel-2-series-chaparrillo-se2_sr_2024-06-04-11_20_21.tif,SE2_SR_2024-06-04 11_20_21.tif,raster,4140820,local_untracked,False,1,not provided,EPSG:4326,incomplete,not provided
hydra-eo-data-sentinel-2-series-lelystad-se2_sr_2024-06-05-10_46_30.tif,SE2_SR_2024-06-05 10_46_30.tif,raster,3390666,local_untracked,False,1,not provided,EPSG:4326,incomplete,not provided
hydra-eo-data-sentinel-2-seriestiffs_alfalfa_site1-se2_sr_2024-06-06-10_18_33.tif,SE2_SR_2024-06-06 10_18_33.tif,raster,4015848,local_untracked,False,1,not provided,EPSG:4326,incomplete,not provided
hydra-eo-data-sentinel-2-seriestiffs_alfalfa_site2-se2_sr_2024-06-06-10_18_33.tif,SE2_SR_2024-06-06 10_18_33.tif,raster,4034480,local_untracked,False,1,not provided,EPSG:4326,incomplete,not provided
hydra-eo-data-sentinel-2-series-chaparrillo-se2_sr_2024-06-06-11_10_24.tif,SE2_SR_2024-06-06 11_10_24.tif,raster,4099268,local_untracked,False,1,not provided,EPSG:4326,incomplete,not provided
hydra-eo-data-sentinel-2-series-lelystad-se2_sr_2024-06-08-10_56_28.tif,SE2_SR_2024-06-08 10_56_28.tif,raster,3431311,local_untracked,False,1,not provided,EPSG:4326,incomplete,not provided
hydra-eo-data-sentinel-2-series-chaparrillo-se2_sr_2024-06-09-11_20_19.tif,SE2_SR_2024-06-09 11_20_19.tif,raster,4168167,local_untracked,False,1,not provided,EPSG:4326,incomplete,not provided
hydra-eo-data-sentinel-2-seriestiffs_alfalfa_site1-se2_sr_2024-06-11-10_18_31.tif,SE2_SR_2024-06-11 10_18_31.tif,raster,3807163,local_untracked,False,1,not provided,EPSG:4326,incomplete,not provided
hydra-eo-data-sentinel-2-seriestiffs_alfalfa_site2-se2_sr_2024-06-11-10_18_31.tif,SE2_SR_2024-06-11 10_18_31.tif,raster,3999886,local_untracked,False,1,not provided,EPSG:4326,incomplete,not provided
hydra-eo-data-sentinel-2-series-chaparrillo-se2_sr_2024-06-11-11_10_27.tif,SE2_SR_2024-06-11 11_10_27.tif,raster,4331001,local_untracked,False,1,not provided,EPSG:4326,incomplete,not provided
hydra-eo-data-sentinel-2-series-lelystad-se2_sr_2024-06-13-10_56_26.tif,SE2_SR_2024-06-13 10_56_26.tif,raster,3303097,local_untracked,False,1,not provided,EPSG:4326,incomplete,not provided
hydra-eo-data-sentinel-2-seriestiffs_alfalfa_site1-se2_sr_2024-06-14-10_28_27.tif,SE2_SR_2024-06-14 10_28_27.tif,raster,3802722,local_untracked,False,1,not provided,EPSG:4326,incomplete,not provided
hydra-eo-data-sentinel-2-seriestiffs_alfalfa_site2-se2_sr_2024-06-14-10_28_27.tif,SE2_SR_2024-06-14 10_28_27.tif,raster,3858986,local_untracked,False,1,not provided,EPSG:4326,incomplete,not provided
hydra-eo-data-sentinel-2-series-chaparrillo-se2_sr_2024-06-14-11_20_22.tif,SE2_SR_2024-06-14 11_20_22.tif,raster,4144748,local_untracked,False,1,not provided,EPSG:4326,incomplete,not provided
hydra-eo-data-sentinel-2-series-lelystad-se2_sr_2024-06-15-10_46_31.tif,SE2_SR_2024-06-15 10_46_31.tif,raster,3476268,local_untracked,False,1,not provided,EPSG:4326,incomplete,not provided
hydra-eo-data-sentinel-2-seriestiffs_alfalfa_site1-se2_sr_2024-06-16-10_18_34.tif,SE2_SR_2024-06-16 10_18_34.tif,raster,4006319,local_untracked,False,1,not provided,EPSG:4326,incomplete,not provided
hydra-eo-data-sentinel-2-seriestiffs_alfalfa_site2-se2_sr_2024-06-16-10_18_34.tif,SE2_SR_2024-06-16 10_18_34.tif,raster,4022923,local_untracked,False,1,not provided,EPSG:4326,incomplete,not provided
hydra-eo-data-sentinel-2-series-chaparrillo-se2_sr_2024-06-16-11_10_24.tif,SE2_SR_2024-06-16 11_10_24.tif,raster,4147891,local_untracked,False,1,not provided,EPSG:4326,incomplete,not provided
hydra-eo-data-sentinel-2-seriestiffs_alfalfa_site1-se2_sr_2024-06-19-10_28_29.tif,SE2_SR_2024-06-19 10_28_29.tif,raster,3587716,local_untracked,False,1,not provided,EPSG:4326,incomplete,not provided
hydra-eo-data-sentinel-2-seriestiffs_alfalfa_site2-se2_sr_2024-06-19-10_28_29.tif,SE2_SR_2024-06-19 10_28_29.tif,raster,3023779,local_untracked,False,1,not provided,EPSG:4326,incomplete,not provided
hydra-eo-data-sentinel-2-series-chaparrillo-se2_sr_2024-06-19-11_20_19.tif,SE2_SR_2024-06-19 11_20_19.tif,raster,4246653,local_untracked,False,1,not provided,EPSG:4326,incomplete,not provided
hydra-eo-data-sentinel-2-series-chaparrillo-se2_sr_2024-06-21-11_10_26.tif,SE2_SR_2024-06-21 11_10_26.tif,raster,4280256,local_untracked,False,1,not provided,EPSG:4326,incomplete,not provided
hydra-eo-data-sentinel-2-series-lelystad-se2_sr_2024-06-23-10_56_25.tif,SE2_SR_2024-06-23 10_56_25.tif,raster,3436990,local_untracked,False,1,not provided,EPSG:4326,incomplete,not provided
hydra-eo-data-sentinel-2-series-chaparrillo-se2_sr_2024-06-24-11_20_20.tif,SE2_SR_2024-06-24 11_20_20.tif,raster,4247920,local_untracked,False,1,not provided,EPSG:4326,incomplete,not provided
hydra-eo-data-sentinel-2-series-lelystad-se2_sr_2024-06-25-10_46_29.tif,SE2_SR_2024-06-25 10_46_29.tif,raster,3419624,local_untracked,False,1,not provided,EPSG:4326,incomplete,not provided
hydra-eo-data-sentinel-2-seriestiffs_alfalfa_site1-se2_sr_2024-06-26-10_18_31.tif,SE2_SR_2024-06-26 10_18_31.tif,raster,3991340,local_untracked,False,1,not provided,EPSG:4326,incomplete,not provided
hydra-eo-data-sentinel-2-seriestiffs_alfalfa_site2-se2_sr_2024-06-26-10_18_31.tif,SE2_SR_2024-06-26 10_18_31.tif,raster,4019086,local_untracked,False,1,not provided,EPSG:4326,incomplete,not provided
hydra-eo-data-sentinel-2-series-chaparrillo-se2_sr_2024-06-26-11_10_25.tif,SE2_SR_2024-06-26 11_10_25.tif,raster,3707959,local_untracked,False,1,not provided,EPSG:4326,incomplete,not provided
hydra-eo-data-sentinel-2-series-lelystad-se2_sr_2024-06-28-10_56_25.tif,SE2_SR_2024-06-28 10_56_25.tif,raster,3524939,local_untracked,False,1,not provided,EPSG:4326,incomplete,not provided
hydra-eo-data-sentinel-2-series-lelystad-se2_sr_2024-06-30-10_46_29.tif,SE2_SR_2024-06-30 10_46_29.tif,raster,3296004,local_untracked,False,1,not provided,EPSG:4326,incomplete,not provided
hydra-eo-data-sentinel-2-series-chaparrillo-se2_sr_2024-07-01-11_10_24.tif,SE2_SR_2024-07-01 11_10_24.tif,raster,4220741,local_untracked,False,1,not provided,EPSG:4326,incomplete,not provided
hydra-eo-data-sentinel-2-seriestiffs_alfalfa_site1-se2_sr_2024-07-04-10_28_28.tif,SE2_SR_2024-07-04 10_28_28.tif,raster,3989871,local_untracked,False,1,not provided,EPSG:4326,incomplete,not provided
hydra-eo-data-sentinel-2-seriestiffs_alfalfa_site2-se2_sr_2024-07-04-10_28_28.tif,SE2_SR_2024-07-04 10_28_28.tif,raster,4026498,local_untracked,False,1,not provided,EPSG:4326,incomplete,not provided
hydra-eo-data-sentinel-2-series-chaparrillo-se2_sr_2024-07-04-11_20_20.tif,SE2_SR_2024-07-04 11_20_20.tif,raster,4160545,local_untracked,False,1,not provided,EPSG:4326,incomplete,not provided
hydra-eo-data-sentinel-2-seriestiffs_alfalfa_site1-se2_sr_2024-07-06-10_18_32.tif,SE2_SR_2024-07-06 10_18_32.tif,raster,4129595,local_untracked,False,1,not provided,EPSG:4326,incomplete,not provided
hydra-eo-data-sentinel-2-seriestiffs_alfalfa_site2-se2_sr_2024-07-06-10_18_32.tif,SE2_SR_2024-07-06 10_18_32.tif,raster,4016513,local_untracked,False,1,not provided,EPSG:4326,incomplete,not provided
hydra-eo-data-sentinel-2-series-chaparrillo-se2_sr_2024-07-06-11_10_24.tif,SE2_SR_2024-07-06 11_10_24.tif,raster,4144856,local_untracked,False,1,not provided,EPSG:4326,incomplete,not provided
hydra-eo-data-sentinel-2-series-lelystad-se2_sr_2024-07-08-10_56_26.tif,SE2_SR_2024-07-08 10_56_26.tif,raster,3464733,local_untracked,False,1,not provided,EPSG:4326,incomplete,not provided
hydra-eo-data-sentinel-2-seriestiffs_alfalfa_site1-se2_sr_2024-07-09-10_28_27.tif,SE2_SR_2024-07-09 10_28_27.tif,raster,3988295,local_untracked,False,1,not provided,EPSG:4326,incomplete,not provided
hydra-eo-data-sentinel-2-seriestiffs_alfalfa_site2-se2_sr_2024-07-09-10_28_27.tif,SE2_SR_2024-07-09 10_28_27.tif,raster,3974130,local_untracked,False,1,not provided,EPSG:4326,incomplete,not provided
hydra-eo-data-sentinel-2-series-chaparrillo-se2_sr_2024-07-09-11_20_19.tif,SE2_SR_2024-07-09 11_20_19.tif,raster,4160647,local_untracked,False,1,not provided,EPSG:4326,incomplete,not provided
hydra-eo-data-sentinel-2-seriestiffs_alfalfa_site1-se2_sr_2024-07-11-10_18_25.tif,SE2_SR_2024-07-11 10_18_25.tif,raster,4004187,local_untracked,False,1,not provided,EPSG:4326,incomplete,not provided
hydra-eo-data-sentinel-2-seriestiffs_alfalfa_site2-se2_sr_2024-07-11-10_18_32.tif,SE2_SR_2024-07-11 10_18_32.tif,raster,3966127,local_untracked,False,1,not provided,EPSG:4326,incomplete,not provided
hydra-eo-data-sentinel-2-series-chaparrillo-se2_sr_2024-07-11-11_10_24.tif,SE2_SR_2024-07-11 11_10_24.tif,raster,4170897,local_untracked,False,1,not provided,EPSG:4326,incomplete,not provided
hydra-eo-data-sentinel-2-seriestiffs_alfalfa_site1-se2_sr_2024-07-14-10_28_27.tif,SE2_SR_2024-07-14 10_28_27.tif,raster,3924020,local_untracked,False,1,not provided,EPSG:4326,incomplete,not provided
hydra-eo-data-sentinel-2-seriestiffs_alfalfa_site2-se2_sr_2024-07-14-10_28_27.tif,SE2_SR_2024-07-14 10_28_27.tif,raster,3881715,local_untracked,False,1,not provided,EPSG:4326,incomplete,not provided
hydra-eo-data-sentinel-2-series-chaparrillo-se2_sr_2024-07-14-11_20_19.tif,SE2_SR_2024-07-14 11_20_19.tif,raster,4171456,local_untracked,False,1,not provided,EPSG:4326,incomplete,not provided
hydra-eo-data-sentinel-2-series-lelystad-se2_sr_2024-07-15-10_46_27.tif,SE2_SR_2024-07-15 10_46_27.tif,raster,3441208,local_untracked,False,1,not provided,EPSG:4326,incomplete,not provided
hydra-eo-data-sentinel-2-seriestiffs_alfalfa_site1-se2_sr_2024-07-16-10_18_29.tif,SE2_SR_2024-07-16 10_18_29.tif,raster,3957272,local_untracked,False,1,not provided,EPSG:4326,incomplete,not provided
hydra-eo-data-sentinel-2-seriestiffs_alfalfa_site2-se2_sr_2024-07-16-10_18_29.tif,SE2_SR_2024-07-16 10_18_29.tif,raster,3985739,local_untracked,False,1,not provided,EPSG:4326,incomplete,not provided
hydra-eo-data-sentinel-2-series-chaparrillo-se2_sr_2024-07-16-11_10_24.tif,SE2_SR_2024-07-16 11_10_24.tif,raster,4167236,local_untracked,False,1,not provided,EPSG:4326,incomplete,not provided
hydra-eo-data-sentinel-2-series-lelystad-se2_sr_2024-07-18-10_56_23.tif,SE2_SR_2024-07-18 10_56_23.tif,raster,3434454,local_untracked,False,1,not provided,EPSG:4326,incomplete,not provided
hydra-eo-data-sentinel-2-seriestiffs_alfalfa_site1-se2_sr_2024-07-19-10_28_25.tif,SE2_SR_2024-07-19 10_28_25.tif,raster,3933967,local_untracked,False,1,not provided,EPSG:4326,incomplete,not provided
hydra-eo-data-sentinel-2-seriestiffs_alfalfa_site2-se2_sr_2024-07-19-10_28_25.tif,SE2_SR_2024-07-19 10_28_25.tif,raster,3934436,local_untracked,False,1,not provided,EPSG:4326,incomplete,not provided
hydra-eo-data-sentinel-2-series-chaparrillo-se2_sr_2024-07-19-11_20_20.tif,SE2_SR_2024-07-19 11_20_20.tif,raster,4102996,local_untracked,False,1,not provided,EPSG:4326,incomplete,not provided
hydra-eo-data-sentinel-2-series-lelystad-se2_sr_2024-07-20-10_46_29.tif,SE2_SR_2024-07-20 10_46_29.tif,raster,3408084,local_untracked,False,1,not provided,EPSG:4326,incomplete,not provided
hydra-eo-data-sentinel-2-seriestiffs_alfalfa_site1-se2_sr_2024-07-21-10_18_31.tif,SE2_SR_2024-07-21 10_18_31.tif,raster,4024536,local_untracked,False,1,not provided,EPSG:4326,incomplete,not provided
hydra-eo-data-sentinel-2-seriestiffs_alfalfa_site2-se2_sr_2024-07-21-10_18_31.tif,SE2_SR_2024-07-21 10_18_31.tif,raster,3683821,local_untracked,False,1,not provided,EPSG:4326,incomplete,not provided
hydra-eo-data-sentinel-2-series-chaparrillo-se2_sr_2024-07-21-11_10_23.tif,SE2_SR_2024-07-21 11_10_23.tif,raster,4170462,local_untracked,False,1,not provided,EPSG:4326,incomplete,not provided
hydra-eo-data-sentinel-2-series-lelystad-se2_sr_2024-07-23-10_56_26.tif,SE2_SR_2024-07-23 10_56_26.tif,raster,3562131,local_untracked,False,1,not provided,EPSG:4326,incomplete,not provided
hydra-eo-data-sentinel-2-seriestiffs_alfalfa_site1-se2_sr_2024-07-24-10_28_27.tif,SE2_SR_2024-07-24 10_28_27.tif,raster,3632657,local_untracked,False,1,not provided,EPSG:4326,incomplete,not provided
hydra-eo-data-sentinel-2-seriestiffs_alfalfa_site2-se2_sr_2024-07-24-10_28_27.tif,SE2_SR_2024-07-24 10_28_27.tif,raster,3955335,local_untracked,False,1,not provided,EPSG:4326,incomplete,not provided
hydra-eo-data-sentinel-2-series-chaparrillo-se2_sr_2024-07-24-11_20_19.tif,SE2_SR_2024-07-24 11_20_19.tif,raster,4156675,local_untracked,False,1,not provided,EPSG:4326,incomplete,not provided
hydra-eo-data-sentinel-2-seriestiffs_alfalfa_site1-se2_sr_2024-07-26-10_18_30.tif,SE2_SR_2024-07-26 10_18_30.tif,raster,3990367,local_untracked,False,1,not provided,EPSG:4326,incomplete,not provided
hydra-eo-data-sentinel-2-seriestiffs_alfalfa_site2-se2_sr_2024-07-26-10_18_30.tif,SE2_SR_2024-07-26 10_18_30.tif,raster,3978483,local_untracked,False,1,not provided,EPSG:4326,incomplete,not provided
hydra-eo-data-sentinel-2-series-chaparrillo-se2_sr_2024-07-26-11_10_24.tif,SE2_SR_2024-07-26 11_10_24.tif,raster,4154962,local_untracked,False,1,not provided,EPSG:4326,incomplete,not provided
hydra-eo-data-sentinel-2-series-lelystad-se2_sr_2024-07-28-10_56_25.tif,SE2_SR_2024-07-28 10_56_25.tif,raster,3413324,local_untracked,False,1,not provided,EPSG:4326,incomplete,not provided
hydra-eo-data-sentinel-2-seriestiffs_alfalfa_site1-se2_sr_2024-07-29-10_28_27.tif,SE2_SR_2024-07-29 10_28_27.tif,raster,3991999,local_untracked,False,1,not provided,EPSG:4326,incomplete,not provided
hydra-eo-data-sentinel-2-seriestiffs_alfalfa_site2-se2_sr_2024-07-29-10_28_27.tif,SE2_SR_2024-07-29 10_28_27.tif,raster,3937844,local_untracked,False,1,not provided,EPSG:4326,incomplete,not provided
hydra-eo-data-sentinel-2-series-chaparrillo-se2_sr_2024-07-29-11_20_18.tif,SE2_SR_2024-07-29 11_20_18.tif,raster,3874345,local_untracked,False,1,not provided,EPSG:4326,incomplete,not provided
hydra-eo-data-sentinel-2-series-lelystad-se2_sr_2024-07-30-10_46_26.tif,SE2_SR_2024-07-30 10_46_26.tif,raster,3280754,local_untracked,False,1,not provided,EPSG:4326,incomplete,not provided
hydra-eo-data-sentinel-2-seriestiffs_alfalfa_site1-se2_sr_2024-07-31-10_18_29.tif,SE2_SR_2024-07-31 10_18_29.tif,raster,3989101,local_untracked,False,1,not provided,EPSG:4326,incomplete,not provided
hydra-eo-data-sentinel-2-seriestiffs_alfalfa_site2-se2_sr_2024-07-31-10_18_29.tif,SE2_SR_2024-07-31 10_18_29.tif,raster,3977492,local_untracked,False,1,not provided,EPSG:4326,incomplete,not provided
hydra-eo-data-sentinel-2-series-chaparrillo-se2_sr_2024-07-31-11_10_24.tif,SE2_SR_2024-07-31 11_10_24.tif,raster,4168053,local_untracked,False,1,not provided,EPSG:4326,incomplete,not provided
hydra-eo-data-sentinel-2-series-lelystad-se2_sr_2024-08-02-10_56_23.tif,SE2_SR_2024-08-02 10_56_23.tif,raster,3455472,local_untracked,False,1,not provided,EPSG:4326,incomplete,not provided
hydra-eo-data-sentinel-2-seriestiffs_alfalfa_site1-se2_sr_2024-08-03-10_28_25.tif,SE2_SR_2024-08-03 10_28_25.tif,raster,3915803,local_untracked,False,1,not provided,EPSG:4326,incomplete,not provided
hydra-eo-data-sentinel-2-seriestiffs_alfalfa_site2-se2_sr_2024-08-03-10_28_25.tif,SE2_SR_2024-08-03 10_28_25.tif,raster,3894018,local_untracked,False,1,not provided,EPSG:4326,incomplete,not provided
hydra-eo-data-sentinel-2-series-chaparrillo-se2_sr_2024-08-03-11_20_17.tif,SE2_SR_2024-08-03 11_20_17.tif,raster,102569,local_untracked,False,1,not provided,EPSG:4326,incomplete,not provided
hydra-eo-data-sentinel-2-series-chaparrillo-se2_sr_2024-08-03-11_20_24.tif,SE2_SR_2024-08-03 11_20_24.tif,raster,4152419,local_untracked,False,1,not provided,EPSG:4326,incomplete,not provided
hydra-eo-data-sentinel-2-seriestiffs_alfalfa_site1-se2_sr_2024-08-05-10_18_30.tif,SE2_SR_2024-08-05 10_18_30.tif,raster,3903239,local_untracked,False,1,not provided,EPSG:4326,incomplete,not provided
hydra-eo-data-sentinel-2-seriestiffs_alfalfa_site2-se2_sr_2024-08-05-10_18_30.tif,SE2_SR_2024-08-05 10_18_30.tif,raster,4001072,local_untracked,False,1,not provided,EPSG:4326,incomplete,not provided
hydra-eo-data-sentinel-2-series-chaparrillo-se2_sr_2024-08-05-11_10_24.tif,SE2_SR_2024-08-05 11_10_24.tif,raster,4151892,local_untracked,False,1,not provided,EPSG:4326,incomplete,not provided
hydra-eo-data-sentinel-2-series-lelystad-se2_sr_2024-08-07-10_56_24.tif,SE2_SR_2024-08-07 10_56_24.tif,raster,3471605,local_untracked,False,1,not provided,EPSG:4326,incomplete,not provided
hydra-eo-data-sentinel-2-seriestiffs_alfalfa_site1-se2_sr_2024-08-08-10_28_25.tif,SE2_SR_2024-08-08 10_28_25.tif,raster,3951935,local_untracked,False,1,not provided,EPSG:4326,incomplete,not provided
hydra-eo-data-sentinel-2-seriestiffs_alfalfa_site2-se2_sr_2024-08-08-10_28_25.tif,SE2_SR_2024-08-08 10_28_25.tif,raster,3936728,local_untracked,False,1,not provided,EPSG:4326,incomplete,not provided
hydra-eo-data-sentinel-2-series-chaparrillo-se2_sr_2024-08-08-11_20_20.tif,SE2_SR_2024-08-08 11_20_20.tif,raster,4132954,local_untracked,False,1,not provided,EPSG:4326,incomplete,not provided
hydra-eo-data-sentinel-2-seriestiffs_alfalfa_site1-se2_sr_2024-08-10-10_18_32.tif,SE2_SR_2024-08-10 10_18_32.tif,raster,3930452,local_untracked,False,1,not provided,EPSG:4326,incomplete,not provided
hydra-eo-data-sentinel-2-seriestiffs_alfalfa_site2-se2_sr_2024-08-10-10_18_32.tif,SE2_SR_2024-08-10 10_18_32.tif,raster,3945296,local_untracked,False,1,not provided,EPSG:4326,incomplete,not provided
hydra-eo-data-sentinel-2-series-chaparrillo-se2_sr_2024-08-10-11_10_22.tif,SE2_SR_2024-08-10 11_10_22.tif,raster,4155141,local_untracked,False,1,not provided,EPSG:4326,incomplete,not provided
hydra-eo-data-sentinel-2-series-lelystad-se2_sr_2024-08-12-10_56_27.tif,SE2_SR_2024-08-12 10_56_27.tif,raster,3412063,local_untracked,False,1,not provided,EPSG:4326,incomplete,not provided
hydra-eo-data-sentinel-2-seriestiffs_alfalfa_site1-se2_sr_2024-08-13-10_28_28.tif,SE2_SR_2024-08-13 10_28_28.tif,raster,3923577,local_untracked,False,1,not provided,EPSG:4326,incomplete,not provided
hydra-eo-data-sentinel-2-seriestiffs_alfalfa_site2-se2_sr_2024-08-13-10_28_28.tif,SE2_SR_2024-08-13 10_28_28.tif,raster,3917607,local_untracked,False,1,not provided,EPSG:4326,incomplete,not provided
hydra-eo-data-sentinel-2-series-chaparrillo-se2_sr_2024-08-13-11_20_18.tif,SE2_SR_2024-08-13 11_20_18.tif,raster,4138319,local_untracked,False,1,not provided,EPSG:4326,incomplete,not provided
hydra-eo-data-sentinel-2-seriestiffs_alfalfa_site1-se2_sr_2024-08-15-10_18_29.tif,SE2_SR_2024-08-15 10_18_29.tif,raster,3029627,local_untracked,False,1,not provided,EPSG:4326,incomplete,not provided
hydra-eo-data-sentinel-2-seriestiffs_alfalfa_site2-se2_sr_2024-08-15-10_18_29.tif,SE2_SR_2024-08-15 10_18_29.tif,raster,2985816,local_untracked,False,1,not provided,EPSG:4326,incomplete,not provided
hydra-eo-data-sentinel-2-series-chaparrillo-se2_sr_2024-08-15-11_10_25.tif,SE2_SR_2024-08-15 11_10_25.tif,raster,4174406,local_untracked,False,1,not provided,EPSG:4326,incomplete,not provided
hydra-eo-data-sentinel-2-series-lelystad-se2_sr_2024-08-17-10_56_23.tif,SE2_SR_2024-08-17 10_56_23.tif,raster,3421178,local_untracked,False,1,not provided,EPSG:4326,incomplete,not provided
hydra-eo-data-sentinel-2-series-chaparrillo-se2_sr_2024-08-18-11_20_19.tif,SE2_SR_2024-08-18 11_20_19.tif,raster,4168972,local_untracked,False,1,not provided,EPSG:4326,incomplete,not provided
hydra-eo-data-sentinel-2-series-lelystad-se2_sr_2024-08-19-10_46_27.tif,SE2_SR_2024-08-19 10_46_27.tif,raster,3447915,local_untracked,False,1,not provided,EPSG:4326,incomplete,not provided
hydra-eo-data-sentinel-2-series-chaparrillo-se2_sr_2024-08-20-11_10_20.tif,SE2_SR_2024-08-20 11_10_20.tif,raster,4172425,local_untracked,False,1,not provided,EPSG:4326,incomplete,not provided
hydra-eo-data-sentinel-2-seriestiffs_alfalfa_site1-se2_sr_2024-08-23-10_28_24.tif,SE2_SR_2024-08-23 10_28_24.tif,raster,3898645,local_untracked,False,1,not provided,EPSG:4326,incomplete,not provided
hydra-eo-data-sentinel-2-seriestiffs_alfalfa_site2-se2_sr_2024-08-23-10_28_24.tif,SE2_SR_2024-08-23 10_28_24.tif,raster,3860672,local_untracked,False,1,not provided,EPSG:4326,incomplete,not provided
hydra-eo-data-sentinel-2-series-chaparrillo-se2_sr_2024-08-23-11_20_14.tif,SE2_SR_2024-08-23 11_20_14.tif,raster,4137896,local_untracked,False,1,not provided,EPSG:4326,incomplete,not provided
hydra-eo-data-sentinel-2-series-lelystad-se2_sr_2024-08-24-10_46_23.tif,SE2_SR_2024-08-24 10_46_23.tif,raster,3380720,local_untracked,False,1,not provided,EPSG:4326,incomplete,not provided
hydra-eo-data-sentinel-2-seriestiffs_alfalfa_site1-se2_sr_2024-08-25-10_18_26.tif,SE2_SR_2024-08-25 10_18_26.tif,raster,3941504,local_untracked,False,1,not provided,EPSG:4326,incomplete,not provided
hydra-eo-data-sentinel-2-seriestiffs_alfalfa_site2-se2_sr_2024-08-25-10_18_26.tif,SE2_SR_2024-08-25 10_18_26.tif,raster,3924074,local_untracked,False,1,not provided,EPSG:4326,incomplete,not provided
hydra-eo-data-sentinel-2-series-chaparrillo-se2_sr_2024-08-25-11_10_22.tif,SE2_SR_2024-08-25 11_10_22.tif,raster,4153030,local_untracked,False,1,not provided,EPSG:4326,incomplete,not provided
hydra-eo-data-sentinel-2-series-lelystad-se2_sr_2024-08-27-10_56_21.tif,SE2_SR_2024-08-27 10_56_21.tif,raster,3265007,local_untracked,False,1,not provided,EPSG:4326,incomplete,not provided
hydra-eo-data-sentinel-2-seriestiffs_alfalfa_site1-se2_sr_2024-08-28-10_28_22.tif,SE2_SR_2024-08-28 10_28_22.tif,raster,3939196,local_untracked,False,1,not provided,EPSG:4326,incomplete,not provided
hydra-eo-data-sentinel-2-seriestiffs_alfalfa_site2-se2_sr_2024-08-28-10_28_22.tif,SE2_SR_2024-08-28 10_28_22.tif,raster,3733122,local_untracked,False,1,not provided,EPSG:4326,incomplete,not provided
hydra-eo-data-sentinel-2-series-chaparrillo-se2_sr_2024-08-28-11_20_18.tif,SE2_SR_2024-08-28 11_20_18.tif,raster,4133491,local_untracked,False,1,not provided,EPSG:4326,incomplete,not provided
hydra-eo-data-sentinel-2-series-lelystad-se2_sr_2024-08-29-10_46_27.tif,SE2_SR_2024-08-29 10_46_27.tif,raster,3118612,local_untracked,False,1,not provided,EPSG:4326,incomplete,not provided
hydra-eo-data-sentinel-2-seriestiffs_alfalfa_site1-se2_sr_2024-08-30-10_18_31.tif,SE2_SR_2024-08-30 10_18_31.tif,raster,3921472,local_untracked,False,1,not provided,EPSG:4326,incomplete,not provided
hydra-eo-data-sentinel-2-seriestiffs_alfalfa_site2-se2_sr_2024-08-30-10_18_31.tif,SE2_SR_2024-08-30 10_18_31.tif,raster,3904814,local_untracked,False,1,not provided,EPSG:4326,incomplete,not provided
hydra-eo-data-sentinel-2-series-chaparrillo-se2_sr_2024-08-30-11_10_20.tif,SE2_SR_2024-08-30 11_10_20.tif,raster,4184555,local_untracked,False,1,not provided,EPSG:4326,incomplete,not provided
hydra-eo-data-sentinel-2-series-lelystad-se2_sr_2024-09-01-10_56_25.tif,SE2_SR_2024-09-01 10_56_25.tif,raster,3271448,local_untracked,False,1,not provided,EPSG:4326,incomplete,not provided
hydra-eo-data-sentinel-2-seriestiffs_alfalfa_site1-se2_sr_2024-09-02-10_28_27.tif,SE2_SR_2024-09-02 10_28_27.tif,raster,3920729,local_untracked,False,1,not provided,EPSG:4326,incomplete,not provided
hydra-eo-data-sentinel-2-seriestiffs_alfalfa_site2-se2_sr_2024-09-02-10_28_27.tif,SE2_SR_2024-09-02 10_28_27.tif,raster,3840264,local_untracked,False,1,not provided,EPSG:4326,incomplete,not provided
hydra-eo-data-sentinel-2-series-chaparrillo-se2_sr_2024-09-02-11_20_16.tif,SE2_SR_2024-09-02 11_20_16.tif,raster,4095021,local_untracked,False,1,not provided,EPSG:4326,incomplete,not provided
hydra-eo-data-sentinel-2-seriestiffs_alfalfa_site1-se2_sr_2024-09-04-10_18_28.tif,SE2_SR_2024-09-04 10_18_28.tif,raster,3927654,local_untracked,False,1,not provided,EPSG:4326,incomplete,not provided
hydra-eo-data-sentinel-2-seriestiffs_alfalfa_site2-se2_sr_2024-09-04-10_18_28.tif,SE2_SR_2024-09-04 10_18_28.tif,raster,3694071,local_untracked,False,1,not provided,EPSG:4326,incomplete,not provided
hydra-eo-data-sentinel-2-series-chaparrillo-se2_sr_2024-09-04-11_10_24.tif,SE2_SR_2024-09-04 11_10_24.tif,raster,4140864,local_untracked,False,1,not provided,EPSG:4326,incomplete,not provided
hydra-eo-data-sentinel-2-series-lelystad-se2_sr_2024-09-06-10_56_22.tif,SE2_SR_2024-09-06 10_56_22.tif,raster,3296073,local_untracked,False,1,not provided,EPSG:4326,incomplete,not provided
hydra-eo-data-sentinel-2-seriestiffs_alfalfa_site1-se2_sr_2024-09-07-10_28_24.tif,SE2_SR_2024-09-07 10_28_24.tif,raster,4079230,local_untracked,False,1,not provided,EPSG:4326,incomplete,not provided
hydra-eo-data-sentinel-2-seriestiffs_alfalfa_site2-se2_sr_2024-09-07-10_28_24.tif,SE2_SR_2024-09-07 10_28_24.tif,raster,3980274,local_untracked,False,1,not provided,EPSG:4326,incomplete,not provided
hydra-eo-data-sentinel-2-series-chaparrillo-se2_sr_2024-09-07-11_20_19.tif,SE2_SR_2024-09-07 11_20_19.tif,raster,4150441,local_untracked,False,1,not provided,EPSG:4326,incomplete,not provided
hydra-eo-data-sentinel-2-series-lelystad-se2_sr_2024-09-08-10_46_28.tif,SE2_SR_2024-09-08 10_46_28.tif,raster,3406134,local_untracked,False,1,not provided,EPSG:4326,incomplete,not provided
hydra-eo-data-sentinel-2-seriestiffs_alfalfa_site1-se2_sr_2024-09-09-10_18_30.tif,SE2_SR_2024-09-09 10_18_30.tif,raster,4016913,local_untracked,False,1,not provided,EPSG:4326,incomplete,not provided
hydra-eo-data-sentinel-2-seriestiffs_alfalfa_site2-se2_sr_2024-09-09-10_18_30.tif,SE2_SR_2024-09-09 10_18_30.tif,raster,3911394,local_untracked,False,1,not provided,EPSG:4326,incomplete,not provided
hydra-eo-data-sentinel-2-series-chaparrillo-se2_sr_2024-09-09-11_10_20.tif,SE2_SR_2024-09-09 11_10_20.tif,raster,4166312,local_untracked,False,1,not provided,EPSG:4326,incomplete,not provided
hydra-eo-data-sentinel-2-series-lelystad-se2_sr_2024-09-11-10_56_24.tif,SE2_SR_2024-09-11 10_56_24.tif,raster,3245565,local_untracked,False,1,not provided,EPSG:4326,incomplete,not provided
hydra-eo-data-sentinel-2-series-chaparrillo-se2_sr_2024-09-12-11_20_14.tif,SE2_SR_2024-09-12 11_20_14.tif,raster,4033928,local_untracked,False,1,not provided,EPSG:4326,incomplete,not provided
hydra-eo-data-sentinel-2-series-lelystad-se2_sr_2024-09-13-10_46_23.tif,SE2_SR_2024-09-13 10_46_23.tif,raster,3394516,local_untracked,False,1,not provided,EPSG:4326,incomplete,not provided
hydra-eo-data-sentinel-2-series-chaparrillo-se2_sr_2024-09-14-11_10_21.tif,SE2_SR_2024-09-14 11_10_21.tif,raster,4140889,local_untracked,False,1,not provided,EPSG:4326,incomplete,not provided
hydra-eo-data-sentinel-2-series-lelystad-se2_sr_2024-09-16-10_56_22.tif,SE2_SR_2024-09-16 10_56_22.tif,raster,3308090,local_untracked,False,1,not provided,EPSG:4326,incomplete,not provided
hydra-eo-data-sentinel-2-series-chaparrillo-se2_sr_2024-09-17-11_20_14.tif,SE2_SR_2024-09-17 11_20_14.tif,raster,4119456,local_untracked,False,1,not provided,EPSG:4326,incomplete,not provided
hydra-eo-data-sentinel-2-series-lelystad-se2_sr_2024-09-18-10_46_21.tif,SE2_SR_2024-09-18 10_46_21.tif,raster,3388139,local_untracked,False,1,not provided,EPSG:4326,incomplete,not provided
hydra-eo-data-sentinel-2-series-lelystad-se2_sr_2024-09-21-10_56_19.tif,SE2_SR_2024-09-21 10_56_19.tif,raster,3395793,local_untracked,False,1,not provided,EPSG:4326,incomplete,not provided
hydra-eo-data-sentinel-2-seriestiffs_alfalfa_site1-se2_sr_2024-09-22-10_28_21.tif,SE2_SR_2024-09-22 10_28_21.tif,raster,3542030,local_untracked,False,1,not provided,EPSG:4326,incomplete,not provided
hydra-eo-data-sentinel-2-seriestiffs_alfalfa_site2-se2_sr_2024-09-22-10_28_21.tif,SE2_SR_2024-09-22 10_28_21.tif,raster,3682938,local_untracked,False,1,not provided,EPSG:4326,incomplete,not provided
hydra-eo-data-sentinel-2-series-chaparrillo-se2_sr_2024-09-22-11_20_18.tif,SE2_SR_2024-09-22 11_20_18.tif,raster,4172978,local_untracked,False,1,not provided,EPSG:4326,incomplete,not provided
hydra-eo-data-sentinel-2-series-lelystad-se2_sr_2024-09-23-10_46_27.tif,SE2_SR_2024-09-23 10_46_27.tif,raster,3476764,local_untracked,False,1,not provided,EPSG:4326,incomplete,not provided
hydra-eo-data-sentinel-2-seriestiffs_alfalfa_site1-se2_sr_2024-09-27-10_28_26.tif,SE2_SR_2024-09-27 10_28_26.tif,raster,3919515,local_untracked,False,1,not provided,EPSG:4326,incomplete,not provided
hydra-eo-data-sentinel-2-seriestiffs_alfalfa_site2-se2_sr_2024-09-27-10_28_26.tif,SE2_SR_2024-09-27 10_28_26.tif,raster,3647136,local_untracked,False,1,not provided,EPSG:4326,incomplete,not provided
hydra-eo-data-sentinel-2-series-chaparrillo-se2_sr_2024-09-27-11_20_16.tif,SE2_SR_2024-09-27 11_20_16.tif,raster,4166332,local_untracked,False,1,not provided,EPSG:4326,incomplete,not provided
hydra-eo-data-sentinel-2-series-lelystad-se2_sr_2024-09-28-10_46_25.tif,SE2_SR_2024-09-28 10_46_25.tif,raster,3504498,local_untracked,False,1,not provided,EPSG:4326,incomplete,not provided
hydra-eo-data-sentinel-2-seriestiffs_alfalfa_site1-se2_sr_2024-09-29-10_18_29.tif,SE2_SR_2024-09-29 10_18_29.tif,raster,3964265,local_untracked,False,1,not provided,EPSG:4326,incomplete,not provided
hydra-eo-data-sentinel-2-seriestiffs_alfalfa_site2-se2_sr_2024-09-29-10_18_29.tif,SE2_SR_2024-09-29 10_18_29.tif,raster,3945199,local_untracked,False,1,not provided,EPSG:4326,incomplete,not provided
hydra-eo-data-sentinel-2-series-chaparrillo-se2_sr_2024-09-29-11_10_23.tif,SE2_SR_2024-09-29 11_10_23.tif,raster,4125185,local_untracked,False,1,not provided,EPSG:4326,incomplete,not provided
hydra-eo-data-sentinel-2-series-lelystad-se2_sr_2024-10-03-10_46_27.tif,SE2_SR_2024-10-03 10_46_27.tif,raster,3463410,local_untracked,False,1,not provided,EPSG:4326,incomplete,not provided
hydra-eo-data-sentinel-2-series-chaparrillo-se2_sr_2024-10-04-11_10_22.tif,SE2_SR_2024-10-04 11_10_22.tif,raster,3887389,local_untracked,False,1,not provided,EPSG:4326,incomplete,not provided
hydra-eo-data-sentinel-2-series-lelystad-se2_sr_2024-10-11-10_56_20.tif,SE2_SR_2024-10-11 10_56_20.tif,raster,3379363,local_untracked,False,1,not provided,EPSG:4326,incomplete,not provided
hydra-eo-data-sentinel-2-seriestiffs_alfalfa_site1-se2_sr_2024-10-12-10_28_22.tif,SE2_SR_2024-10-12 10_28_22.tif,raster,3903231,local_untracked,False,1,not provided,EPSG:4326,incomplete,not provided
hydra-eo-data-sentinel-2-seriestiffs_alfalfa_site2-se2_sr_2024-10-12-10_28_22.tif,SE2_SR_2024-10-12 10_28_22.tif,raster,3671742,local_untracked,False,1,not provided,EPSG:4326,incomplete,not provided
hydra-eo-data-sentinel-2-series-lelystad-se2_sr_2024-10-13-10_46_24.tif,SE2_SR_2024-10-13 10_46_24.tif,raster,3290922,local_untracked,False,1,not provided,EPSG:4326,incomplete,not provided
hydra-eo-data-sentinel-2-series-lelystad-se2_sr_2024-10-16-10_56_22.tif,SE2_SR_2024-10-16 10_56_22.tif,raster,3372040,local_untracked,False,1,not provided,EPSG:4326,incomplete,not provided
hydra-eo-data-sentinel-2-series-chaparrillo-se2_sr_2024-10-17-11_20_17.tif,SE2_SR_2024-10-17 11_20_17.tif,raster,4073638,local_untracked,False,1,not provided,EPSG:4326,incomplete,not provided
hydra-eo-data-sentinel-2-series-chaparrillo-se2_sr_2024-10-19-11_10_21.tif,SE2_SR_2024-10-19 11_10_21.tif,raster,3890024,local_untracked,False,1,not provided,EPSG:4326,incomplete,not provided
hydra-eo-data-sentinel-2-seriestiffs_alfalfa_site1-se2_sr_2024-10-22-10_28_25.tif,SE2_SR_2024-10-22 10_28_25.tif,raster,3896517,local_untracked,False,1,not provided,EPSG:4326,incomplete,not provided
hydra-eo-data-sentinel-2-seriestiffs_alfalfa_site2-se2_sr_2024-10-22-10_28_25.tif,SE2_SR_2024-10-22 10_28_25.tif,raster,3720852,local_untracked,False,1,not provided,EPSG:4326,incomplete,not provided
hydra-eo-data-sentinel-2-series-chaparrillo-se2_sr_2024-10-22-11_20_16.tif,SE2_SR_2024-10-22 11_20_16.tif,raster,4037850,local_untracked,False,1,not provided,EPSG:4326,incomplete,not provided
hydra-eo-data-sentinel-2-series-chaparrillo-se2_sr_2024-10-24-11_10_22.tif,SE2_SR_2024-10-24 11_10_22.tif,raster,4102942,local_untracked,False,1,not provided,EPSG:4326,incomplete,not provided
hydra-eo-data-sentinel-2-series-lelystad-se2_sr_2024-10-26-10_56_23.tif,SE2_SR_2024-10-26 10_56_23.tif,raster,3180676,local_untracked,False,1,not provided,EPSG:4326,incomplete,not provided
hydra-eo-data-sentinel-2-series-chaparrillo-se2_sr_2024-10-27-11_20_17.tif,SE2_SR_2024-10-27 11_20_17.tif,raster,4196920,local_untracked,False,1,not provided,EPSG:4326,incomplete,not provided
hydra-eo-data-sentinel-2-seriestiffs_alfalfa_site1-se2_sr_2024-10-29-10_18_24.tif,SE2_SR_2024-10-29 10_18_24.tif,raster,4075879,local_untracked,False,1,not provided,EPSG:4326,incomplete,not provided
hydra-eo-data-sentinel-2-seriestiffs_alfalfa_site2-se2_sr_2024-10-29-10_18_30.tif,SE2_SR_2024-10-29 10_18_30.tif,raster,3903411,local_untracked,False,1,not provided,EPSG:4326,incomplete,not provided
hydra-eo-data-sentinel-2-seriestiffs_alfalfa_site1-se2_sr_2024-11-01-10_28_23.tif,SE2_SR_2024-11-01 10_28_23.tif,raster,3930270,local_untracked,False,1,not provided,EPSG:4326,incomplete,not provided
hydra-eo-data-sentinel-2-seriestiffs_alfalfa_site2-se2_sr_2024-11-01-10_28_23.tif,SE2_SR_2024-11-01 10_28_23.tif,raster,3779284,local_untracked,False,1,not provided,EPSG:4326,incomplete,not provided
hydra-eo-data-sentinel-2-series-chaparrillo-se2_sr_2024-11-01-11_20_16.tif,SE2_SR_2024-11-01 11_20_16.tif,raster,3988947,local_untracked,False,1,not provided,EPSG:4326,incomplete,not provided
hydra-eo-data-sentinel-2-series-lelystad-se2_sr_2024-11-02-10_46_24.tif,SE2_SR_2024-11-02 10_46_24.tif,raster,3083418,local_untracked,False,1,not provided,EPSG:4326,incomplete,not provided
hydra-eo-data-sentinel-2-seriestiffs_alfalfa_site1-se2_sr_2024-11-03-10_18_27.tif,SE2_SR_2024-11-03 10_18_27.tif,raster,3916920,local_untracked,False,1,not provided,EPSG:4326,incomplete,not provided
hydra-eo-data-sentinel-2-seriestiffs_alfalfa_site2-se2_sr_2024-11-03-10_18_27.tif,SE2_SR_2024-11-03 10_18_27.tif,raster,3834293,local_untracked,False,1,not provided,EPSG:4326,incomplete,not provided
hydra-eo-data-sentinel-2-series-chaparrillo-se2_sr_2024-11-03-11_10_20.tif,SE2_SR_2024-11-03 11_10_20.tif,raster,4065134,local_untracked,False,1,not provided,EPSG:4326,incomplete,not provided
hydra-eo-data-sentinel-2-series-lelystad-se2_sr_2024-11-05-10_56_19.tif,SE2_SR_2024-11-05 10_56_19.tif,raster,3308398,local_untracked,False,1,not provided,EPSG:4326,incomplete,not provided
hydra-eo-data-sentinel-2-seriestiffs_alfalfa_site1-se2_sr_2024-11-06-10_28_20.tif,SE2_SR_2024-11-06 10_28_20.tif,raster,3748262,local_untracked,False,1,not provided,EPSG:4326,incomplete,not provided
hydra-eo-data-sentinel-2-seriestiffs_alfalfa_site2-se2_sr_2024-11-06-10_28_20.tif,SE2_SR_2024-11-06 10_28_20.tif,raster,3672706,local_untracked,False,1,not provided,EPSG:4326,incomplete,not provided
hydra-eo-data-sentinel-2-series-chaparrillo-se2_sr_2024-11-06-11_20_11.tif,SE2_SR_2024-11-06 11_20_11.tif,raster,4087765,local_untracked,False,1,not provided,EPSG:4326,incomplete,not provided
hydra-eo-data-sentinel-2-seriestiffs_alfalfa_site1-se2_sr_2024-11-11-10_28_19.tif,SE2_SR_2024-11-11 10_28_19.tif,raster,3837577,local_untracked,False,1,not provided,EPSG:4326,incomplete,not provided
hydra-eo-data-sentinel-2-seriestiffs_alfalfa_site2-se2_sr_2024-11-11-10_28_19.tif,SE2_SR_2024-11-11 10_28_19.tif,raster,3823151,local_untracked,False,1,not provided,EPSG:4326,incomplete,not provided
hydra-eo-data-sentinel-2-series-chaparrillo-se2_sr_2024-11-11-11_20_15.tif,SE2_SR_2024-11-11 11_20_15.tif,raster,4200574,local_untracked,False,1,not provided,EPSG:4326,incomplete,not provided
hydra-eo-data-sentinel-2-series-lelystad-se2_sr_2024-11-12-10_46_24.tif,SE2_SR_2024-11-12 10_46_24.tif,raster,3273980,local_untracked,False,1,not provided,EPSG:4326,incomplete,not provided
hydra-eo-data-sentinel-2-seriestiffs_alfalfa_site1-se2_sr_2024-11-13-10_18_27.tif,SE2_SR_2024-11-13 10_18_27.tif,raster,3869481,local_untracked,False,1,not provided,EPSG:4326,incomplete,not provided
hydra-eo-data-sentinel-2-seriestiffs_alfalfa_site2-se2_sr_2024-11-13-10_18_27.tif,SE2_SR_2024-11-13 10_18_27.tif,raster,3875418,local_untracked,False,1,not provided,EPSG:4326,incomplete,not provided
hydra-eo-data-sentinel-2-seriestiffs_alfalfa_site1-se2_sr_2024-11-16-10_28_24.tif,SE2_SR_2024-11-16 10_28_24.tif,raster,3716015,local_untracked,False,1,not provided,EPSG:4326,incomplete,not provided
hydra-eo-data-sentinel-2-seriestiffs_alfalfa_site2-se2_sr_2024-11-16-10_28_24.tif,SE2_SR_2024-11-16 10_28_24.tif,raster,3657598,local_untracked,False,1,not provided,EPSG:4326,incomplete,not provided
hydra-eo-data-sentinel-2-series-lelystad-se2_sr_2024-11-17-10_46_23.tif,SE2_SR_2024-11-17 10_46_23.tif,raster,3176011,local_untracked,False,1,not provided,EPSG:4326,incomplete,not provided
hydra-eo-data-sentinel-2-seriestiffs_alfalfa_site1-se2_sr_2024-11-18-10_18_26.tif,SE2_SR_2024-11-18 10_18_26.tif,raster,3471114,local_untracked,False,1,not provided,EPSG:4326,incomplete,not provided
hydra-eo-data-sentinel-2-seriestiffs_alfalfa_site2-se2_sr_2024-11-18-10_18_26.tif,SE2_SR_2024-11-18 10_18_26.tif,raster,3645934,local_untracked,False,1,not provided,EPSG:4326,incomplete,not provided
hydra-eo-data-sentinel-2-series-chaparrillo-se2_sr_2024-11-18-11_10_21.tif,SE2_SR_2024-11-18 11_10_21.tif,raster,4050047,local_untracked,False,1,not provided,EPSG:4326,incomplete,not provided
hydra-eo-data-sentinel-2-seriestiffs_alfalfa_site1-se2_sr_2024-11-21-10_28_24.tif,SE2_SR_2024-11-21 10_28_24.tif,raster,3793552,local_untracked,False,1,not provided,EPSG:4326,incomplete,not provided
hydra-eo-data-sentinel-2-seriestiffs_alfalfa_site2-se2_sr_2024-11-21-10_28_24.tif,SE2_SR_2024-11-21 10_28_24.tif,raster,3649766,local_untracked,False,1,not provided,EPSG:4326,incomplete,not provided
hydra-eo-data-sentinel-2-seriestiffs_alfalfa_site1-se2_sr_2024-11-23-10_18_27.tif,SE2_SR_2024-11-23 10_18_27.tif,raster,3900407,local_untracked,False,1,not provided,EPSG:4326,incomplete,not provided
hydra-eo-data-sentinel-2-seriestiffs_alfalfa_site2-se2_sr_2024-11-23-10_18_27.tif,SE2_SR_2024-11-23 10_18_27.tif,raster,3902281,local_untracked,False,1,not provided,EPSG:4326,incomplete,not provided
hydra-eo-data-sentinel-2-series-chaparrillo-se2_sr_2024-11-23-11_10_22.tif,SE2_SR_2024-11-23 11_10_22.tif,raster,4108526,local_untracked,False,1,not provided,EPSG:4326,incomplete,not provided
hydra-eo-data-sentinel-2-seriestiffs_alfalfa_site1-se2_sr_2024-11-28-10_18_30.tif,SE2_SR_2024-11-28 10_18_30.tif,raster,3922721,local_untracked,False,1,not provided,EPSG:4326,incomplete,not provided
hydra-eo-data-sentinel-2-seriestiffs_alfalfa_site2-se2_sr_2024-11-28-10_18_30.tif,SE2_SR_2024-11-28 10_18_30.tif,raster,3722256,local_untracked,False,1,not provided,EPSG:4326,incomplete,not provided
hydra-eo-data-sentinel-2-series-chaparrillo-se2_sr_2024-11-28-11_10_19.tif,SE2_SR_2024-11-28 11_10_19.tif,raster,4096345,local_untracked,False,1,not provided,EPSG:4326,incomplete,not provided
hydra-eo-data-sentinel-2-series-lelystad-se2_sr_2024-11-30-10_56_24.tif,SE2_SR_2024-11-30 10_56_24.tif,raster,3213508,local_untracked,False,1,not provided,EPSG:4326,incomplete,not provided
hydra-eo-data-sentinel-2-seriestiffs_alfalfa_site1-se2_sr_2024-12-01-10_28_25.tif,SE2_SR_2024-12-01 10_28_25.tif,raster,4023385,local_untracked,False,1,not provided,EPSG:4326,incomplete,not provided
hydra-eo-data-sentinel-2-seriestiffs_alfalfa_site2-se2_sr_2024-12-01-10_28_25.tif,SE2_SR_2024-12-01 10_28_25.tif,raster,3741215,local_untracked,False,1,not provided,EPSG:4326,incomplete,not provided
hydra-eo-data-sentinel-2-series-chaparrillo-se2_sr_2024-12-01-11_20_16.tif,SE2_SR_2024-12-01 11_20_16.tif,raster,3882661,local_untracked,False,1,not provided,EPSG:4326,incomplete,not provided
hydra-eo-data-sentinel-2-series-lelystad-se2_sr_2024-12-02-10_46_25.tif,SE2_SR_2024-12-02 10_46_25.tif,raster,3162405,local_untracked,False,1,not provided,EPSG:4326,incomplete,not provided
hydra-eo-data-sentinel-2-series-chaparrillo-se2_sr_2024-12-03-11_10_22.tif,SE2_SR_2024-12-03 11_10_22.tif,raster,3934401,local_untracked,False,1,not provided,EPSG:4326,incomplete,not provided
hydra-eo-data-sentinel-2-series-chaparrillo-se2_sr_2024-12-06-11_20_17.tif,SE2_SR_2024-12-06 11_20_17.tif,raster,4044637,local_untracked,False,1,not provided,EPSG:4326,incomplete,not provided
hydra-eo-data-sentinel-2-series-lelystad-se2_sr_2024-12-07-10_46_26.tif,SE2_SR_2024-12-07 10_46_26.tif,raster,3358318,local_untracked,False,1,not provided,EPSG:4326,incomplete,not provided
hydra-eo-data-sentinel-2-series-chaparrillo-se2_sr_2024-12-08-11_10_22.tif,SE2_SR_2024-12-08 11_10_22.tif,raster,4148382,local_untracked,False,1,not provided,EPSG:4326,incomplete,not provided
hydra-eo-data-sentinel-2-seriestiffs_alfalfa_site1-se2_sr_2024-12-11-10_28_25.tif,SE2_SR_2024-12-11 10_28_25.tif,raster,3748218,local_untracked,False,1,not provided,EPSG:4326,incomplete,not provided
hydra-eo-data-sentinel-2-seriestiffs_alfalfa_site2-se2_sr_2024-12-11-10_28_25.tif,SE2_SR_2024-12-11 10_28_25.tif,raster,3751385,local_untracked,False,1,not provided,EPSG:4326,incomplete,not provided
hydra-eo-data-sentinel-2-series-chaparrillo-se2_sr_2024-12-11-11_20_17.tif,SE2_SR_2024-12-11 11_20_17.tif,raster,4132683,local_untracked,False,1,not provided,EPSG:4326,incomplete,not provided
hydra-eo-data-sentinel-2-series-chaparrillo-se2_sr_2024-12-11-11_20_45.tif,SE2_SR_2024-12-11 11_20_45.tif,raster,4143537,local_untracked,False,1,not provided,EPSG:4326,incomplete,not provided
hydra-eo-data-sentinel-2-series-chaparrillo-se2_sr_2024-12-13-11_10_22.tif,SE2_SR_2024-12-13 11_10_22.tif,raster,4019835,local_untracked,False,1,not provided,EPSG:4326,incomplete,not provided
hydra-eo-data-sentinel-2-seriestiffs_alfalfa_site1-se2_sr_2024-12-16-10_28_24.tif,SE2_SR_2024-12-16 10_28_24.tif,raster,3929725,local_untracked,False,1,not provided,EPSG:4326,incomplete,not provided
hydra-eo-data-sentinel-2-seriestiffs_alfalfa_site2-se2_sr_2024-12-16-10_28_24.tif,SE2_SR_2024-12-16 10_28_24.tif,raster,3813017,local_untracked,False,1,not provided,EPSG:4326,incomplete,not provided
hydra-eo-data-sentinel-2-seriestiffs_alfalfa_site1-se2_sr_2024-12-16-10_28_51.tif,SE2_SR_2024-12-16 10_28_51.tif,raster,3934546,local_untracked,False,1,not provided,EPSG:4326,incomplete,not provided
hydra-eo-data-sentinel-2-seriestiffs_alfalfa_site2-se2_sr_2024-12-16-10_28_51.tif,SE2_SR_2024-12-16 10_28_51.tif,raster,3817018,local_untracked,False,1,not provided,EPSG:4326,incomplete,not provided
hydra-eo-data-sentinel-2-series-chaparrillo-se2_sr_2024-12-16-11_20_18.tif,SE2_SR_2024-12-16 11_20_18.tif,raster,4117421,local_untracked,False,1,not provided,EPSG:4326,incomplete,not provided
hydra-eo-data-sentinel-2-seriestiffs_alfalfa_site1-se2_sr_2024-12-21-10_28_25.tif,SE2_SR_2024-12-21 10_28_25.tif,raster,3750546,local_untracked,False,1,not provided,EPSG:4326,incomplete,not provided
hydra-eo-data-sentinel-2-seriestiffs_alfalfa_site2-se2_sr_2024-12-21-10_28_25.tif,SE2_SR_2024-12-21 10_28_25.tif,raster,3778431,local_untracked,False,1,not provided,EPSG:4326,incomplete,not provided
hydra-eo-data-sentinel-2-series-chaparrillo-se2_sr_2024-12-21-11_20_16.tif,SE2_SR_2024-12-21 11_20_16.tif,raster,4134842,local_untracked,False,1,not provided,EPSG:4326,incomplete,not provided
hydra-eo-data-sentinel-2-series-lelystad-se2_sr_2024-12-22-10_46_25.tif,SE2_SR_2024-12-22 10_46_25.tif,raster,3094964,local_untracked,False,1,not provided,EPSG:4326,incomplete,not provided
hydra-eo-data-sentinel-2-seriestiffs_alfalfa_site1-se2_sr_2024-12-23-10_18_28.tif,SE2_SR_2024-12-23 10_18_28.tif,raster,3808559,local_untracked,False,1,not provided,EPSG:4326,incomplete,not provided
hydra-eo-data-sentinel-2-seriestiffs_alfalfa_site2-se2_sr_2024-12-23-10_18_28.tif,SE2_SR_2024-12-23 10_18_28.tif,raster,3841478,local_untracked,False,1,not provided,EPSG:4326,incomplete,not provided
hydra-eo-data-sentinel-2-series-chaparrillo-se2_sr_2024-12-23-11_10_23.tif,SE2_SR_2024-12-23 11_10_23.tif,raster,4156272,local_untracked,False,1,not provided,EPSG:4326,incomplete,not provided
hydra-eo-data-sentinel-2-seriestiffs_alfalfa_site1-se2_sr_2024-12-26-10_28_25.tif,SE2_SR_2024-12-26 10_28_25.tif,raster,3759186,local_untracked,False,1,not provided,EPSG:4326,incomplete,not provided
hydra-eo-data-sentinel-2-seriestiffs_alfalfa_site2-se2_sr_2024-12-26-10_28_25.tif,SE2_SR_2024-12-26 10_28_25.tif,raster,3808757,local_untracked,False,1,not provided,EPSG:4326,incomplete,not provided
hydra-eo-data-sentinel-2-series-chaparrillo-se2_sr_2024-12-26-11_20_18.tif,SE2_SR_2024-12-26 11_20_18.tif,raster,3773043,local_untracked,False,1,not provided,EPSG:4326,incomplete,not provided
hydra-eo-data-sentinel-2-seriestiffs_alfalfa_site1-se2_sr_2024-12-28-10_18_30.tif,SE2_SR_2024-12-28 10_18_30.tif,raster,3778476,local_untracked,False,1,not provided,EPSG:4326,incomplete,not provided
hydra-eo-data-sentinel-2-seriestiffs_alfalfa_site2-se2_sr_2024-12-28-10_18_30.tif,SE2_SR_2024-12-28 10_18_30.tif,raster,3825829,local_untracked,False,1,not provided,EPSG:4326,incomplete,not provided
hydra-eo-data-sentinel-2-series-chaparrillo-se2_sr_2024-12-28-11_10_22.tif,SE2_SR_2024-12-28 11_10_22.tif,raster,4155107,local_untracked,False,1,not provided,EPSG:4326,incomplete,not provided
hydra-eo-data-sentinel-2-seriestiffs_alfalfa_site1-se2_sr_2025-01-02-10_18_28.tif,SE2_SR_2025-01-02 10_18_28.tif,raster,3783977,local_untracked,False,1,not provided,EPSG:4326,incomplete,not provided
hydra-eo-data-sentinel-2-seriestiffs_alfalfa_site2-se2_sr_2025-01-02-10_18_28.tif,SE2_SR_2025-01-02 10_18_28.tif,raster,3759221,local_untracked,False,1,not provided,EPSG:4326,incomplete,not provided
hydra-eo-data-sentinel-2-series-lelystad-se2_sr_2025-01-09-10_56_22.tif,SE2_SR_2025-01-09 10_56_22.tif,raster,3154726,local_untracked,False,1,not provided,EPSG:4326,incomplete,not provided
hydra-eo-data-sentinel-2-series-nl-loobos-se2_sr_2025-01-09-10_56_37.tif,SE2_SR_2025-01-09 10_56_37.tif,raster,4740164,local_untracked,False,1,not provided,EPSG:4326,incomplete,visualization-data/thumbnails/imported/se2_sr_2025-01-09-10_56_37-0c07f17e-quicklook.png
hydra-eo-data-sentinel-2-seriestiffs_alfalfa_site1-se2_sr_2025-01-10-10_28_24.tif,SE2_SR_2025-01-10 10_28_24.tif,raster,4057732,local_untracked,False,1,not provided,EPSG:4326,incomplete,not provided
hydra-eo-data-sentinel-2-seriestiffs_alfalfa_site2-se2_sr_2025-01-10-10_28_24.tif,SE2_SR_2025-01-10 10_28_24.tif,raster,3758023,local_untracked,False,1,not provided,EPSG:4326,incomplete,not provided
hydra-eo-data-sentinel-2-series-lelystad-se2_sr_2025-01-11-10_46_22.tif,SE2_SR_2025-01-11 10_46_22.tif,raster,3249828,local_untracked,False,1,not provided,EPSG:4326,incomplete,not provided
hydra-eo-data-sentinel-2-series-nl-loobos-se2_sr_2025-01-11-10_46_37.tif,SE2_SR_2025-01-11 10_46_37.tif,raster,4354513,local_untracked,False,1,not provided,EPSG:4326,incomplete,not provided
hydra-eo-data-sentinel-2-seriestiffs_alfalfa_site1-se2_sr_2025-01-12-10_18_25.tif,SE2_SR_2025-01-12 10_18_25.tif,raster,3805687,local_untracked,False,1,not provided,EPSG:4326,incomplete,not provided
hydra-eo-data-sentinel-2-seriestiffs_alfalfa_site2-se2_sr_2025-01-12-10_18_25.tif,SE2_SR_2025-01-12 10_18_25.tif,raster,3843346,local_untracked,False,1,not provided,EPSG:4326,incomplete,not provided
hydra-eo-data-sentinel-2-series-nl-loobos-se2_sr_2025-01-14-10_56_35.tif,SE2_SR_2025-01-14 10_56_35.tif,raster,4811269,local_untracked,False,1,not provided,EPSG:4326,incomplete,not provided
hydra-eo-data-sentinel-2-seriestiffs_alfalfa_site1-se2_sr_2025-01-15-10_28_22.tif,SE2_SR_2025-01-15 10_28_22.tif,raster,3971752,local_untracked,False,1,not provided,EPSG:4326,incomplete,not provided
hydra-eo-data-sentinel-2-seriestiffs_alfalfa_site2-se2_sr_2025-01-15-10_28_22.tif,SE2_SR_2025-01-15 10_28_22.tif,raster,3805122,local_untracked,False,1,not provided,EPSG:4326,incomplete,not provided
hydra-eo-data-sentinel-2-seriestiffs_alfalfa_site1-se2_sr_2025-01-17-10_18_27.tif,SE2_SR_2025-01-17 10_18_27.tif,raster,3878376,local_untracked,False,1,not provided,EPSG:4326,incomplete,not provided
hydra-eo-data-sentinel-2-seriestiffs_alfalfa_site2-se2_sr_2025-01-17-10_18_27.tif,SE2_SR_2025-01-17 10_18_27.tif,raster,3951367,local_untracked,False,1,not provided,EPSG:4326,incomplete,not provided
hydra-eo-data-sentinel-2-series-lelystad-se2_sr_2025-01-26-10_46_27.tif,SE2_SR_2025-01-26 10_46_27.tif,raster,3173909,local_untracked,False,1,not provided,EPSG:4326,incomplete,not provided
hydra-eo-data-sentinel-2-series-nl-loobos-se2_sr_2025-01-26-10_46_42.tif,SE2_SR_2025-01-26 10_46_42.tif,raster,4417594,local_untracked,False,1,not provided,EPSG:4326,incomplete,not provided
hydra-eo-data-sentinel-2-series-lelystad-se2_sr_2025-01-29-10_56_25.tif,SE2_SR_2025-01-29 10_56_25.tif,raster,3238616,local_untracked,False,1,not provided,EPSG:4326,incomplete,not provided
hydra-eo-data-sentinel-2-series-lelystad-se2_sr_2025-01-31-10_46_52.tif,SE2_SR_2025-01-31 10_46_52.tif,raster,3111932,local_untracked,False,1,not provided,EPSG:4326,incomplete,not provided
hydra-eo-data-sentinel-2-series-lelystad-se2_sr_2025-02-03-10_56_50.tif,SE2_SR_2025-02-03 10_56_50.tif,raster,3177268,local_untracked,False,1,not provided,EPSG:4326,incomplete,not provided
hydra-eo-data-sentinel-2-series-nl-loobos-se2_sr_2025-02-03-10_57_04.tif,SE2_SR_2025-02-03 10_57_04.tif,raster,4295977,local_untracked,False,1,not provided,EPSG:4326,incomplete,not provided
hydra-eo-data-sentinel-2-seriestiffs_alfalfa_site1-se2_sr_2025-02-04-10_28_51.tif,SE2_SR_2025-02-04 10_28_51.tif,raster,3807207,local_untracked,False,1,not provided,EPSG:4326,incomplete,not provided
hydra-eo-data-sentinel-2-seriestiffs_alfalfa_site2-se2_sr_2025-02-04-10_28_51.tif,SE2_SR_2025-02-04 10_28_51.tif,raster,3797173,local_untracked,False,1,not provided,EPSG:4326,incomplete,not provided
hydra-eo-data-sentinel-2-series-lelystad-se2_sr_2025-02-05-10_46_27.tif,SE2_SR_2025-02-05 10_46_27.tif,raster,3253235,local_untracked,False,1,not provided,EPSG:4326,incomplete,not provided
hydra-eo-data-sentinel-2-seriestiffs_alfalfa_site1-se2_sr_2025-02-06-10_18_29.tif,SE2_SR_2025-02-06 10_18_29.tif,raster,3912999,local_untracked,False,1,not provided,EPSG:4326,incomplete,not provided
hydra-eo-data-sentinel-2-seriestiffs_alfalfa_site2-se2_sr_2025-02-06-10_18_29.tif,SE2_SR_2025-02-06 10_18_29.tif,raster,3760270,local_untracked,False,1,not provided,EPSG:4326,incomplete,not provided
hydra-eo-data-sentinel-2-seriestiffs_alfalfa_site1-se2_sr_2025-02-16-10_18_33.tif,SE2_SR_2025-02-16 10_18_33.tif,raster,3819611,local_untracked,False,1,not provided,EPSG:4326,incomplete,not provided
hydra-eo-data-sentinel-2-seriestiffs_alfalfa_site2-se2_sr_2025-02-16-10_18_33.tif,SE2_SR_2025-02-16 10_18_33.tif,raster,3797944,local_untracked,False,1,not provided,EPSG:4326,incomplete,not provided
hydra-eo-data-sentinel-2-series-lelystad-se2_sr_2025-02-18-10_56_27.tif,SE2_SR_2025-02-18 10_56_27.tif,raster,3184633,local_untracked,False,1,not provided,EPSG:4326,incomplete,not provided
hydra-eo-data-sentinel-2-series-nl-loobos-se2_sr_2025-02-18-10_56_42.tif,SE2_SR_2025-02-18 10_56_42.tif,raster,4333462,local_untracked,False,1,not provided,EPSG:4326,incomplete,not provided
hydra-eo-data-sentinel-2-seriestiffs_alfalfa_site1-se2_sr_2025-02-21-10_18_50.tif,SE2_SR_2025-02-21 10_18_50.tif,raster,3653238,local_untracked,False,1,not provided,EPSG:4326,incomplete,not provided
hydra-eo-data-sentinel-2-seriestiffs_alfalfa_site2-se2_sr_2025-02-21-10_18_50.tif,SE2_SR_2025-02-21 10_18_50.tif,raster,3669591,local_untracked,False,1,not provided,EPSG:4326,incomplete,not provided
hydra-eo-data-sentinel-2-series-lelystad-se2_sr_2025-02-23-10_56_46.tif,SE2_SR_2025-02-23 10_56_46.tif,raster,3347192,local_untracked,False,1,not provided,EPSG:4326,incomplete,not provided
hydra-eo-data-sentinel-2-series-nl-loobos-se2_sr_2025-02-23-10_57_00.tif,SE2_SR_2025-02-23 10_57_00.tif,raster,4616943,local_untracked,False,1,not provided,EPSG:4326,incomplete,not provided
hydra-eo-data-sentinel-2-series-lelystad-se2_sr_2025-02-28-10_56_25.tif,SE2_SR_2025-02-28 10_56_25.tif,raster,3397171,local_untracked,False,1,not provided,EPSG:4326,incomplete,not provided
hydra-eo-data-sentinel-2-series-nl-loobos-se2_sr_2025-02-28-10_56_40.tif,SE2_SR_2025-02-28 10_56_40.tif,raster,4885678,local_untracked,False,1,not provided,EPSG:4326,incomplete,not provided
hydra-eo-data-sentinel-2-series-lelystad-se2_sr_2025-03-02-10_46_50.tif,SE2_SR_2025-03-02 10_46_50.tif,raster,3482378,local_untracked,False,1,not provided,EPSG:4326,incomplete,not provided
hydra-eo-data-sentinel-2-series-nl-loobos-se2_sr_2025-03-02-10_47_04.tif,SE2_SR_2025-03-02 10_47_04.tif,raster,4377769,local_untracked,False,1,not provided,EPSG:4326,incomplete,not provided
hydra-eo-data-sentinel-2-seriestiffs_alfalfa_site1-se2_sr_2025-03-03-10_18_52.tif,SE2_SR_2025-03-03 10_18_52.tif,raster,3912063,local_untracked,False,1,not provided,EPSG:4326,incomplete,not provided
hydra-eo-data-sentinel-2-seriestiffs_alfalfa_site2-se2_sr_2025-03-03-10_18_52.tif,SE2_SR_2025-03-03 10_18_52.tif,raster,3903852,local_untracked,False,1,not provided,EPSG:4326,incomplete,not provided
hydra-eo-data-sentinel-2-series-nl-loobos-se2_sr_2025-03-05-10_57_01.tif,SE2_SR_2025-03-05 10_57_01.tif,raster,4366904,local_untracked,False,1,not provided,EPSG:4326,incomplete,not provided
hydra-eo-data-sentinel-2-seriestiffs_alfalfa_site1-se2_sr_2025-03-06-10_28_48.tif,SE2_SR_2025-03-06 10_28_48.tif,raster,3905892,local_untracked,False,1,not provided,EPSG:4326,incomplete,not provided
hydra-eo-data-sentinel-2-seriestiffs_alfalfa_site2-se2_sr_2025-03-06-10_28_48.tif,SE2_SR_2025-03-06 10_28_48.tif,raster,3867889,local_untracked,False,1,not provided,EPSG:4326,incomplete,not provided
hydra-eo-data-sentinel-2-series-lelystad-se2_sr_2025-03-07-10_46_28.tif,SE2_SR_2025-03-07 10_46_28.tif,raster,3230156,local_untracked,False,1,not provided,EPSG:4326,incomplete,not provided
hydra-eo-data-sentinel-2-series-nl-loobos-se2_sr_2025-03-07-10_46_43.tif,SE2_SR_2025-03-07 10_46_43.tif,raster,4317036,local_untracked,False,1,not provided,EPSG:4326,incomplete,not provided
hydra-eo-data-sentinel-2-seriestiffs_alfalfa_site1-se2_sr_2025-03-08-10_18_31.tif,SE2_SR_2025-03-08 10_18_31.tif,raster,3933205,local_untracked,False,1,not provided,EPSG:4326,incomplete,not provided
hydra-eo-data-sentinel-2-seriestiffs_alfalfa_site2-se2_sr_2025-03-08-10_18_31.tif,SE2_SR_2025-03-08 10_18_31.tif,raster,3893577,local_untracked,False,1,not provided,EPSG:4326,incomplete,not provided
hydra-eo-data-sentinel-2-series-lelystad-se2_sr_2025-03-10-10_56_25.tif,SE2_SR_2025-03-10 10_56_25.tif,raster,3235714,local_untracked,False,1,not provided,EPSG:4326,incomplete,not provided
hydra-eo-data-sentinel-2-series-nl-loobos-se2_sr_2025-03-10-10_56_39.tif,SE2_SR_2025-03-10 10_56_39.tif,raster,4346098,local_untracked,False,1,not provided,EPSG:4326,incomplete,not provided
hydra-eo-data-sentinel-2-seriestiffs_alfalfa_site1-se2_sr_2025-03-11-10_28_26.tif,SE2_SR_2025-03-11 10_28_26.tif,raster,3869109,local_untracked,False,1,not provided,EPSG:4326,incomplete,not provided
hydra-eo-data-sentinel-2-seriestiffs_alfalfa_site2-se2_sr_2025-03-11-10_28_26.tif,SE2_SR_2025-03-11 10_28_26.tif,raster,3584968,local_untracked,False,1,not provided,EPSG:4326,incomplete,not provided
hydra-eo-data-sentinel-2-series-lelystad-se2_sr_2025-03-12-10_46_48.tif,SE2_SR_2025-03-12 10_46_48.tif,raster,3290136,local_untracked,False,1,not provided,EPSG:4326,incomplete,not provided
hydra-eo-data-sentinel-2-series-nl-loobos-se2_sr_2025-03-12-10_47_03.tif,SE2_SR_2025-03-12 10_47_03.tif,raster,4671003,local_untracked,False,1,not provided,EPSG:4326,incomplete,not provided
hydra-eo-data-sentinel-2-seriestiffs_alfalfa_site1-se2_sr_2025-03-13-10_18_51.tif,SE2_SR_2025-03-13 10_18_51.tif,raster,3860786,local_untracked,False,1,not provided,EPSG:4326,incomplete,not provided
hydra-eo-data-sentinel-2-seriestiffs_alfalfa_site2-se2_sr_2025-03-13-10_18_51.tif,SE2_SR_2025-03-13 10_18_51.tif,raster,3708259,local_untracked,False,1,not provided,EPSG:4326,incomplete,not provided
hydra-eo-data-sentinel-2-series-lelystad-se2_sr_2025-03-14-10_46_38.tif,SE2_SR_2025-03-14 10_46_38.tif,raster,3403752,local_untracked,False,1,not provided,EPSG:4326,incomplete,not provided
hydra-eo-data-sentinel-2-series-nl-loobos-se2_sr_2025-03-14-10_46_52.tif,SE2_SR_2025-03-14 10_46_52.tif,raster,4588464,local_untracked,False,1,not provided,EPSG:4326,incomplete,not provided
hydra-eo-data-sentinel-2-series-lelystad-se2_sr_2025-03-15-10_56_46.tif,SE2_SR_2025-03-15 10_56_46.tif,raster,3386775,local_untracked,False,1,not provided,EPSG:4326,incomplete,not provided
hydra-eo-data-sentinel-2-series-nl-loobos-se2_sr_2025-03-15-10_57_00.tif,SE2_SR_2025-03-15 10_57_00.tif,raster,4637463,local_untracked,False,1,not provided,EPSG:4326,incomplete,not provided
hydra-eo-data-sentinel-2-seriestiffs_alfalfa_site1-se2_sr_2025-03-16-10_28_48.tif,SE2_SR_2025-03-16 10_28_48.tif,raster,3904282,local_untracked,False,1,not provided,EPSG:4326,incomplete,not provided
hydra-eo-data-sentinel-2-seriestiffs_alfalfa_site2-se2_sr_2025-03-16-10_28_48.tif,SE2_SR_2025-03-16 10_28_48.tif,raster,3907524,local_untracked,False,1,not provided,EPSG:4326,incomplete,not provided
hydra-eo-data-sentinel-2-series-lelystad-se2_sr_2025-03-17-10_46_27.tif,SE2_SR_2025-03-17 10_46_27.tif,raster,3290792,local_untracked,False,1,not provided,EPSG:4326,incomplete,not provided
hydra-eo-data-sentinel-2-series-nl-loobos-se2_sr_2025-03-17-10_46_42.tif,SE2_SR_2025-03-17 10_46_42.tif,raster,4506128,local_untracked,False,1,not provided,EPSG:4326,incomplete,not provided
hydra-eo-data-sentinel-2-series-lelystad-se2_sr_2025-03-17-10_56_35.tif,SE2_SR_2025-03-17 10_56_35.tif,raster,3303563,local_untracked,False,1,not provided,EPSG:4326,incomplete,not provided
hydra-eo-data-sentinel-2-series-nl-loobos-se2_sr_2025-03-17-10_56_50.tif,SE2_SR_2025-03-17 10_56_50.tif,raster,4425896,local_untracked,False,1,not provided,EPSG:4326,incomplete,not provided
hydra-eo-data-sentinel-2-seriestiffs_alfalfa_site1-se2_sr_2025-03-18-10_18_30.tif,SE2_SR_2025-03-18 10_18_30.tif,raster,3743068,local_untracked,False,1,not provided,EPSG:4326,incomplete,not provided
hydra-eo-data-sentinel-2-seriestiffs_alfalfa_site2-se2_sr_2025-03-18-10_18_30.tif,SE2_SR_2025-03-18 10_18_30.tif,raster,3943611,local_untracked,False,1,not provided,EPSG:4326,incomplete,not provided
hydra-eo-data-sentinel-2-seriestiffs_alfalfa_site1-se2_sr_2025-03-18-10_28_36.tif,SE2_SR_2025-03-18 10_28_36.tif,raster,74307,local_untracked,False,1,not provided,EPSG:4326,incomplete,not provided
hydra-eo-data-sentinel-2-seriestiffs_alfalfa_site2-se2_sr_2025-03-18-10_28_36.tif,SE2_SR_2025-03-18 10_28_36.tif,raster,3914175,local_untracked,False,1,not provided,EPSG:4326,incomplete,not provided
hydra-eo-data-sentinel-2-series-lelystad-se2_sr_2025-03-20-10_56_25.tif,SE2_SR_2025-03-20 10_56_25.tif,raster,3251936,local_untracked,False,1,not provided,EPSG:4326,incomplete,not provided
hydra-eo-data-sentinel-2-series-nl-loobos-se2_sr_2025-03-20-10_56_40.tif,SE2_SR_2025-03-20 10_56_40.tif,raster,4318651,local_untracked,False,1,not provided,EPSG:4326,incomplete,not provided
hydra-eo-data-sentinel-2-series-lelystad-se2_sr_2025-03-22-10_46_48.tif,SE2_SR_2025-03-22 10_46_48.tif,raster,3242103,local_untracked,False,1,not provided,EPSG:4326,incomplete,not provided
hydra-eo-data-sentinel-2-series-nl-loobos-se2_sr_2025-03-22-10_47_03.tif,SE2_SR_2025-03-22 10_47_03.tif,raster,3878514,local_untracked,False,1,not provided,EPSG:4326,incomplete,not provided
hydra-eo-data-sentinel-2-seriestiffs_alfalfa_site1-se2_sr_2025-03-23-10_18_51.tif,SE2_SR_2025-03-23 10_18_51.tif,raster,3558431,local_untracked,False,1,not provided,EPSG:4326,incomplete,not provided
hydra-eo-data-sentinel-2-seriestiffs_alfalfa_site2-se2_sr_2025-03-23-10_18_51.tif,SE2_SR_2025-03-23 10_18_51.tif,raster,3798742,local_untracked,False,1,not provided,EPSG:4326,incomplete,not provided
hydra-eo-data-sentinel-2-series-lelystad-se2_sr_2025-03-24-10_46_35.tif,SE2_SR_2025-03-24 10_46_35.tif,raster,3311083,local_untracked,False,1,not provided,EPSG:4326,incomplete,not provided
hydra-eo-data-sentinel-2-series-nl-loobos-se2_sr_2025-03-24-10_46_50.tif,SE2_SR_2025-03-24 10_46_50.tif,raster,4356807,local_untracked,False,1,not provided,EPSG:4326,incomplete,not provided
hydra-eo-data-sentinel-2-seriestiffs_alfalfa_site1-se2_sr_2025-03-25-10_18_37.tif,SE2_SR_2025-03-25 10_18_37.tif,raster,4012606,local_untracked,False,1,not provided,EPSG:4326,incomplete,not provided
hydra-eo-data-sentinel-2-seriestiffs_alfalfa_site2-se2_sr_2025-03-25-10_18_37.tif,SE2_SR_2025-03-25 10_18_37.tif,raster,3808456,local_untracked,False,1,not provided,EPSG:4326,incomplete,not provided
hydra-eo-data-sentinel-2-series-lelystad-se2_sr_2025-03-25-10_56_44.tif,SE2_SR_2025-03-25 10_56_44.tif,raster,3413814,local_untracked,False,1,not provided,EPSG:4326,incomplete,not provided
hydra-eo-data-sentinel-2-series-nl-loobos-se2_sr_2025-03-25-10_56_59.tif,SE2_SR_2025-03-25 10_56_59.tif,raster,4771476,local_untracked,False,1,not provided,EPSG:4326,incomplete,not provided
hydra-eo-data-sentinel-2-seriestiffs_alfalfa_site1-se2_sr_2025-03-26-10_28_45.tif,SE2_SR_2025-03-26 10_28_45.tif,raster,3658042,local_untracked,False,1,not provided,EPSG:4326,incomplete,not provided
hydra-eo-data-sentinel-2-seriestiffs_alfalfa_site2-se2_sr_2025-03-26-10_28_45.tif,SE2_SR_2025-03-26 10_28_45.tif,raster,3775054,local_untracked,False,1,not provided,EPSG:4326,incomplete,not provided
hydra-eo-data-sentinel-2-series-lelystad-se2_sr_2025-03-27-10_46_27.tif,SE2_SR_2025-03-27 10_46_27.tif,raster,3161256,local_untracked,False,1,not provided,EPSG:4326,incomplete,not provided
hydra-eo-data-sentinel-2-series-nl-loobos-se2_sr_2025-03-27-10_46_42.tif,SE2_SR_2025-03-27 10_46_42.tif,raster,4289157,local_untracked,False,1,not provided,EPSG:4326,incomplete,not provided
hydra-eo-data-sentinel-2-series-lelystad-se2_sr_2025-03-27-10_56_30.tif,SE2_SR_2025-03-27 10_56_30.tif,raster,3154505,local_untracked,False,1,not provided,EPSG:4326,incomplete,not provided
hydra-eo-data-sentinel-2-series-nl-loobos-se2_sr_2025-03-27-10_56_45.tif,SE2_SR_2025-03-27 10_56_45.tif,raster,4325523,local_untracked,False,1,not provided,EPSG:4326,incomplete,not provided
hydra-eo-data-sentinel-2-seriestiffs_alfalfa_site1-se2_sr_2025-03-28-10_28_32.tif,SE2_SR_2025-03-28 10_28_32.tif,raster,3776412,local_untracked,False,1,not provided,EPSG:4326,incomplete,not provided
hydra-eo-data-sentinel-2-seriestiffs_alfalfa_site2-se2_sr_2025-03-28-10_28_32.tif,SE2_SR_2025-03-28 10_28_32.tif,raster,3623155,local_untracked,False,1,not provided,EPSG:4326,incomplete,not provided
hydra-eo-data-sentinel-2-series-lelystad-se2_sr_2025-03-30-10_56_23.tif,SE2_SR_2025-03-30 10_56_23.tif,raster,3240537,local_untracked,False,1,not provided,EPSG:4326,incomplete,not provided
hydra-eo-data-sentinel-2-series-nl-loobos-se2_sr_2025-03-30-10_56_38.tif,SE2_SR_2025-03-30 10_56_38.tif,raster,4670639,local_untracked,False,1,not provided,EPSG:4326,incomplete,not provided
hydra-eo-data-sentinel-2-seriestiffs_alfalfa_site1-se2_sr_2025-03-31-10_28_24.tif,SE2_SR_2025-03-31 10_28_24.tif,raster,3969486,local_untracked,False,1,not provided,EPSG:4326,incomplete,not provided
hydra-eo-data-sentinel-2-seriestiffs_alfalfa_site2-se2_sr_2025-03-31-10_28_24.tif,SE2_SR_2025-03-31 10_28_24.tif,raster,3925107,local_untracked,False,1,not provided,EPSG:4326,incomplete,not provided
hydra-eo-data-sentinel-2-series-lelystad-se2_sr_2025-04-01-10_46_48.tif,SE2_SR_2025-04-01 10_46_48.tif,raster,3323255,local_untracked,False,1,not provided,EPSG:4326,incomplete,not provided
hydra-eo-data-sentinel-2-series-nl-loobos-se2_sr_2025-04-01-10_47_03.tif,SE2_SR_2025-04-01 10_47_03.tif,raster,4371721,local_untracked,False,1,not provided,EPSG:4326,incomplete,not provided
hydra-eo-data-sentinel-2-seriestiffs_alfalfa_site1-se2_sr_2025-04-02-10_18_51.tif,SE2_SR_2025-04-02 10_18_51.tif,raster,4005182,local_untracked,False,1,not provided,EPSG:4326,incomplete,not provided
hydra-eo-data-sentinel-2-seriestiffs_alfalfa_site2-se2_sr_2025-04-02-10_18_51.tif,SE2_SR_2025-04-02 10_18_51.tif,raster,4005051,local_untracked,False,1,not provided,EPSG:4326,incomplete,not provided
hydra-eo-data-sentinel-2-series-lelystad-se2_sr_2025-04-03-10_46_37.tif,SE2_SR_2025-04-03 10_46_37.tif,raster,3318519,local_untracked,False,1,not provided,EPSG:4326,incomplete,not provided
hydra-eo-data-sentinel-2-series-nl-loobos-se2_sr_2025-04-03-10_46_51.tif,SE2_SR_2025-04-03 10_46_51.tif,raster,4364477,local_untracked,False,1,not provided,EPSG:4326,incomplete,not provided
hydra-eo-data-sentinel-2-seriestiffs_alfalfa_site1-se2_sr_2025-04-04-10_18_40.tif,SE2_SR_2025-04-04 10_18_40.tif,raster,3988619,local_untracked,False,1,not provided,EPSG:4326,incomplete,not provided
hydra-eo-data-sentinel-2-seriestiffs_alfalfa_site2-se2_sr_2025-04-04-10_18_40.tif,SE2_SR_2025-04-04 10_18_40.tif,raster,3981744,local_untracked,False,1,not provided,EPSG:4326,incomplete,not provided
hydra-eo-data-sentinel-2-series-lelystad-se2_sr_2025-04-04-10_56_46.tif,SE2_SR_2025-04-04 10_56_46.tif,raster,3318911,local_untracked,False,1,not provided,EPSG:4326,incomplete,not provided
hydra-eo-data-sentinel-2-series-nl-loobos-se2_sr_2025-04-04-10_57_00.tif,SE2_SR_2025-04-04 10_57_00.tif,raster,4369713,local_untracked,False,1,not provided,EPSG:4326,incomplete,not provided
hydra-eo-data-sentinel-2-seriestiffs_alfalfa_site1-se2_sr_2025-04-05-10_28_47.tif,SE2_SR_2025-04-05 10_28_47.tif,raster,3943807,local_untracked,False,1,not provided,EPSG:4326,incomplete,not provided
hydra-eo-data-sentinel-2-seriestiffs_alfalfa_site2-se2_sr_2025-04-05-10_28_47.tif,SE2_SR_2025-04-05 10_28_47.tif,raster,3959221,local_untracked,False,1,not provided,EPSG:4326,incomplete,not provided
hydra-eo-data-sentinel-2-series-lelystad-se2_sr_2025-04-06-10_46_26.tif,SE2_SR_2025-04-06 10_46_26.tif,raster,3324541,local_untracked,False,1,not provided,EPSG:4326,incomplete,not provided
hydra-eo-data-sentinel-2-series-nl-loobos-se2_sr_2025-04-06-10_46_41.tif,SE2_SR_2025-04-06 10_46_41.tif,raster,4355875,local_untracked,False,1,not provided,EPSG:4326,incomplete,not provided
hydra-eo-data-sentinel-2-series-lelystad-se2_sr_2025-04-06-10_56_35.tif,SE2_SR_2025-04-06 10_56_35.tif,raster,3325066,local_untracked,False,1,not provided,EPSG:4326,incomplete,not provided
hydra-eo-data-sentinel-2-series-nl-loobos-se2_sr_2025-04-06-10_56_49.tif,SE2_SR_2025-04-06 10_56_49.tif,raster,4371894,local_untracked,False,1,not provided,EPSG:4326,incomplete,not provided
hydra-eo-data-sentinel-2-seriestiffs_alfalfa_site1-se2_sr_2025-04-07-10_18_29.tif,SE2_SR_2025-04-07 10_18_29.tif,raster,4036681,local_untracked,False,1,not provided,EPSG:4326,incomplete,not provided
hydra-eo-data-sentinel-2-seriestiffs_alfalfa_site2-se2_sr_2025-04-07-10_18_29.tif,SE2_SR_2025-04-07 10_18_29.tif,raster,3800261,local_untracked,False,1,not provided,EPSG:4326,incomplete,not provided
hydra-eo-data-sentinel-2-seriestiffs_alfalfa_site1-se2_sr_2025-04-07-10_28_37.tif,SE2_SR_2025-04-07 10_28_37.tif,raster,4016539,local_untracked,False,1,not provided,EPSG:4326,incomplete,not provided
hydra-eo-data-sentinel-2-seriestiffs_alfalfa_site2-se2_sr_2025-04-07-10_28_37.tif,SE2_SR_2025-04-07 10_28_37.tif,raster,3862086,local_untracked,False,1,not provided,EPSG:4326,incomplete,not provided
hydra-eo-data-sentinel-2-series-lelystad-se2_sr_2025-04-09-10_56_24.tif,SE2_SR_2025-04-09 10_56_24.tif,raster,3312816,local_untracked,False,1,not provided,EPSG:4326,incomplete,not provided
hydra-eo-data-sentinel-2-series-nl-loobos-se2_sr_2025-04-09-10_56_39.tif,SE2_SR_2025-04-09 10_56_39.tif,raster,4336745,local_untracked,False,1,not provided,EPSG:4326,incomplete,not provided
hydra-eo-data-sentinel-2-seriestiffs_alfalfa_site1-se2_sr_2025-04-10-10_28_26.tif,SE2_SR_2025-04-10 10_28_26.tif,raster,3906617,local_untracked,False,1,not provided,EPSG:4326,incomplete,not provided
hydra-eo-data-sentinel-2-seriestiffs_alfalfa_site2-se2_sr_2025-04-10-10_28_26.tif,SE2_SR_2025-04-10 10_28_26.tif,raster,3952141,local_untracked,False,1,not provided,EPSG:4326,incomplete,not provided
hydra-eo-data-sentinel-2-series-lelystad-se2_sr_2025-04-11-10_46_47.tif,SE2_SR_2025-04-11 10_46_47.tif,raster,3310956,local_untracked,False,1,not provided,EPSG:4326,incomplete,not provided
hydra-eo-data-sentinel-2-series-nl-loobos-se2_sr_2025-04-11-10_47_02.tif,SE2_SR_2025-04-11 10_47_02.tif,raster,4328549,local_untracked,False,1,not provided,EPSG:4326,incomplete,not provided
hydra-eo-data-sentinel-2-series-lelystad-se2_sr_2025-04-13-10_46_38.tif,SE2_SR_2025-04-13 10_46_38.tif,raster,3274475,local_untracked,False,1,not provided,EPSG:4326,incomplete,not provided
hydra-eo-data-sentinel-2-series-lelystad-se2_sr_2025-04-14-10_56_44.tif,SE2_SR_2025-04-14 10_56_44.tif,raster,3465980,local_untracked,False,1,not provided,EPSG:4326,incomplete,not provided
hydra-eo-data-sentinel-2-series-nl-loobos-se2_sr_2025-04-14-10_56_58.tif,SE2_SR_2025-04-14 10_56_58.tif,raster,4577127,local_untracked,False,1,not provided,EPSG:4326,incomplete,not provided
hydra-eo-data-sentinel-2-seriestiffs_alfalfa_site1-se2_sr_2025-04-17-10_18_30.tif,SE2_SR_2025-04-17 10_18_30.tif,raster,3895372,local_untracked,False,1,not provided,EPSG:4326,incomplete,not provided
hydra-eo-data-sentinel-2-seriestiffs_alfalfa_site2-se2_sr_2025-04-17-10_18_30.tif,SE2_SR_2025-04-17 10_18_30.tif,raster,3621703,local_untracked,False,1,not provided,EPSG:4326,incomplete,not provided
hydra-eo-data-sentinel-2-series-chaparrillo-se2_sr_2025-04-17-11_10_42.tif,SE2_SR_2025-04-17 11_10_42.tif,raster,4195457,local_untracked,False,1,not provided,EPSG:4326,incomplete,not provided
hydra-eo-data-sentinel-2-series-lelystad-se2_sr_2025-04-19-10_56_25.tif,SE2_SR_2025-04-19 10_56_25.tif,raster,3300202,local_untracked,False,1,not provided,EPSG:4326,incomplete,not provided
hydra-eo-data-sentinel-2-series-nl-loobos-se2_sr_2025-04-19-10_56_39.tif,SE2_SR_2025-04-19 10_56_39.tif,raster,4364490,local_untracked,False,1,not provided,EPSG:4326,incomplete,not provided
hydra-eo-data-sentinel-2-series-chaparrillo-se2_sr_2025-04-19-11_10_34.tif,SE2_SR_2025-04-19 11_10_34.tif,raster,4233551,local_untracked,False,1,not provided,EPSG:4326,incomplete,not provided
hydra-eo-data-sentinel-2-series-chaparrillo-se2_sr_2025-04-20-11_20_38.tif,SE2_SR_2025-04-20 11_20_38.tif,raster,4133812,local_untracked,False,1,not provided,EPSG:4326,incomplete,not provided
hydra-eo-data-sentinel-2-seriestiffs_alfalfa_site1-se2_sr_2025-04-22-10_18_50.tif,SE2_SR_2025-04-22 10_18_50.tif,raster,3956137,local_untracked,False,1,not provided,EPSG:4326,incomplete,not provided
hydra-eo-data-sentinel-2-seriestiffs_alfalfa_site2-se2_sr_2025-04-22-10_18_50.tif,SE2_SR_2025-04-22 10_18_50.tif,raster,3999093,local_untracked,False,1,not provided,EPSG:4326,incomplete,not provided
hydra-eo-data-sentinel-2-series-chaparrillo-se2_sr_2025-04-22-11_20_30.tif,SE2_SR_2025-04-22 11_20_30.tif,raster,4192636,local_untracked,False,1,not provided,EPSG:4326,incomplete,not provided
hydra-eo-data-sentinel-2-seriestiffs_alfalfa_site1-se2_sr_2025-04-24-10_18_39.tif,SE2_SR_2025-04-24 10_18_39.tif,raster,4027183,local_untracked,False,1,not provided,EPSG:4326,incomplete,not provided
hydra-eo-data-sentinel-2-seriestiffs_alfalfa_site2-se2_sr_2025-04-24-10_18_39.tif,SE2_SR_2025-04-24 10_18_39.tif,raster,4068837,local_untracked,False,1,not provided,EPSG:4326,incomplete,not provided
hydra-eo-data-sentinel-2-seriestiffs_alfalfa_site2-se2_sr_2025-04-24-10_18_46.tif,SE2_SR_2025-04-24 10_18_46.tif,raster,4060354,local_untracked,False,1,not provided,EPSG:4326,incomplete,not provided
hydra-eo-data-sentinel-2-seriestiffs_alfalfa_site1-se2_sr_2025-04-25-10_28_46.tif,SE2_SR_2025-04-25 10_28_46.tif,raster,3952932,local_untracked,False,1,not provided,EPSG:4326,incomplete,not provided
hydra-eo-data-sentinel-2-seriestiffs_alfalfa_site2-se2_sr_2025-04-25-10_28_46.tif,SE2_SR_2025-04-25 10_28_46.tif,raster,4056821,local_untracked,False,1,not provided,EPSG:4326,incomplete,not provided
hydra-eo-data-sentinel-2-series-chaparrillo-se2_sr_2025-04-25-11_20_17.tif,SE2_SR_2025-04-25 11_20_17.tif,raster,4153578,local_untracked,False,1,not provided,EPSG:4326,incomplete,not provided
hydra-eo-data-sentinel-2-series-lelystad-se2_sr_2025-04-26-10_46_26.tif,SE2_SR_2025-04-26 10_46_26.tif,raster,3461162,local_untracked,False,1,not provided,EPSG:4326,incomplete,not provided
hydra-eo-data-sentinel-2-series-nl-loobos-se2_sr_2025-04-26-10_46_41.tif,SE2_SR_2025-04-26 10_46_41.tif,raster,4327650,local_untracked,False,1,not provided,EPSG:4326,incomplete,not provided
hydra-eo-data-sentinel-2-series-lelystad-se2_sr_2025-04-26-10_56_37.tif,SE2_SR_2025-04-26 10_56_37.tif,raster,3458372,local_untracked,False,1,not provided,EPSG:4326,incomplete,not provided
hydra-eo-data-sentinel-2-series-nl-loobos-se2_sr_2025-04-26-10_56_51.tif,SE2_SR_2025-04-26 10_56_51.tif,raster,4364487,local_untracked,False,1,not provided,EPSG:4326,incomplete,not provided
hydra-eo-data-sentinel-2-series-chaparrillo-se2_sr_2025-04-27-11_10_43.tif,SE2_SR_2025-04-27 11_10_43.tif,raster,4215270,local_untracked,False,1,not provided,EPSG:4326,incomplete,not provided
hydra-eo-data-sentinel-2-series-lelystad-se2_sr_2025-04-29-10_56_24.tif,SE2_SR_2025-04-29 10_56_24.tif,raster,3353808,local_untracked,False,1,not provided,EPSG:4326,incomplete,not provided
hydra-eo-data-sentinel-2-series-nl-loobos-se2_sr_2025-04-29-10_56_39.tif,SE2_SR_2025-04-29 10_56_39.tif,raster,4342647,local_untracked,False,1,not provided,EPSG:4326,incomplete,not provided
hydra-eo-data-sentinel-2-series-chaparrillo-se2_sr_2025-04-29-11_10_35.tif,SE2_SR_2025-04-29 11_10_35.tif,raster,4239040,local_untracked,False,1,not provided,EPSG:4326,incomplete,not provided
hydra-eo-data-sentinel-2-seriestiffs_alfalfa_site1-se2_sr_2025-04-30-10_28_26.tif,SE2_SR_2025-04-30 10_28_26.tif,raster,3955956,local_untracked,False,1,not provided,EPSG:4326,incomplete,not provided
hydra-eo-data-sentinel-2-seriestiffs_alfalfa_site2-se2_sr_2025-04-30-10_28_26.tif,SE2_SR_2025-04-30 10_28_26.tif,raster,3941958,local_untracked,False,1,not provided,EPSG:4326,incomplete,not provided
hydra-eo-data-sentinel-2-series-lelystad-se2_sr_2025-05-01-10_46_47.tif,SE2_SR_2025-05-01 10_46_47.tif,raster,3373157,local_untracked,False,1,not provided,EPSG:4326,incomplete,not provided
hydra-eo-data-sentinel-2-series-nl-loobos-se2_sr_2025-05-01-10_47_02.tif,SE2_SR_2025-05-01 10_47_02.tif,raster,4391853,local_untracked,False,1,not provided,EPSG:4326,incomplete,not provided
hydra-eo-data-sentinel-2-seriestiffs_alfalfa_site1-se2_sr_2025-05-02-10_18_50.tif,SE2_SR_2025-05-02 10_18_50.tif,raster,3992031,local_untracked,False,1,not provided,EPSG:4326,incomplete,not provided
hydra-eo-data-sentinel-2-seriestiffs_alfalfa_site2-se2_sr_2025-05-02-10_18_50.tif,SE2_SR_2025-05-02 10_18_50.tif,raster,3986156,local_untracked,False,1,not provided,EPSG:4326,incomplete,not provided
hydra-eo-data-sentinel-2-series-chaparrillo-se2_sr_2025-05-02-11_10_23.tif,SE2_SR_2025-05-02 11_10_23.tif,raster,4201175,local_untracked,False,1,not provided,EPSG:4326,incomplete,not provided
hydra-eo-data-sentinel-2-series-chaparrillo-se2_sr_2025-05-02-11_20_30.tif,SE2_SR_2025-05-02 11_20_30.tif,raster,4194910,local_untracked,False,1,not provided,EPSG:4326,incomplete,not provided
hydra-eo-data-sentinel-2-series-lelystad-se2_sr_2025-05-03-10_46_39.tif,SE2_SR_2025-05-03 10_46_39.tif,raster,3361808,local_untracked,False,1,not provided,EPSG:4326,incomplete,not provided
hydra-eo-data-sentinel-2-series-nl-loobos-se2_sr_2025-05-03-10_46_53.tif,SE2_SR_2025-05-03 10_46_53.tif,raster,4556670,local_untracked,False,1,not provided,EPSG:4326,incomplete,not provided
hydra-eo-data-sentinel-2-seriestiffs_alfalfa_site1-se2_sr_2025-05-04-10_18_41.tif,SE2_SR_2025-05-04 10_18_41.tif,raster,3454645,local_untracked,False,1,not provided,EPSG:4326,incomplete,not provided
hydra-eo-data-sentinel-2-seriestiffs_alfalfa_site2-se2_sr_2025-05-04-10_18_41.tif,SE2_SR_2025-05-04 10_18_41.tif,raster,3990256,local_untracked,False,1,not provided,EPSG:4326,incomplete,not provided
hydra-eo-data-sentinel-2-series-lelystad-se2_sr_2025-05-04-10_56_43.tif,SE2_SR_2025-05-04 10_56_43.tif,raster,3267115,local_untracked,False,1,not provided,EPSG:4326,incomplete,not provided
hydra-eo-data-sentinel-2-series-chaparrillo-se2_sr_2025-05-05-11_20_18.tif,SE2_SR_2025-05-05 11_20_18.tif,raster,3817147,local_untracked,False,1,not provided,EPSG:4326,incomplete,not provided
hydra-eo-data-sentinel-2-series-nl-loobos-se2_sr_2025-05-06-10_46_42.tif,SE2_SR_2025-05-06 10_46_42.tif,raster,4420051,local_untracked,False,1,not provided,EPSG:4326,incomplete,not provided
hydra-eo-data-sentinel-2-series-nl-loobos-se2_sr_2025-05-06-10_56_50.tif,SE2_SR_2025-05-06 10_56_50.tif,raster,4424742,local_untracked,False,1,not provided,EPSG:4326,incomplete,not provided
hydra-eo-data-sentinel-2-series-lelystad-se2_sr_2025-05-09-10_56_24.tif,SE2_SR_2025-05-09 10_56_24.tif,raster,3420826,local_untracked,False,1,not provided,EPSG:4326,incomplete,not provided
hydra-eo-data-sentinel-2-series-nl-loobos-se2_sr_2025-05-09-10_56_38.tif,SE2_SR_2025-05-09 10_56_38.tif,raster,4502356,local_untracked,False,1,not provided,EPSG:4326,incomplete,not provided
hydra-eo-data-sentinel-2-seriestiffs_alfalfa_site1-se2_sr_2025-05-10-10_28_25.tif,SE2_SR_2025-05-10 10_28_25.tif,raster,4000005,local_untracked,False,1,not provided,EPSG:4326,incomplete,not provided
hydra-eo-data-sentinel-2-seriestiffs_alfalfa_site2-se2_sr_2025-05-10-10_28_25.tif,SE2_SR_2025-05-10 10_28_25.tif,raster,4081436,local_untracked,False,1,not provided,EPSG:4326,incomplete,not provided
hydra-eo-data-sentinel-2-series-chaparrillo-se2_sr_2025-05-10-11_20_35.tif,SE2_SR_2025-05-10 11_20_35.tif,raster,4130568,local_untracked,False,1,not provided,EPSG:4326,incomplete,not provided
hydra-eo-data-sentinel-2-series-lelystad-se2_sr_2025-05-11-10_46_44.tif,SE2_SR_2025-05-11 10_46_44.tif,raster,3380566,local_untracked,False,1,not provided,EPSG:4326,incomplete,not provided
hydra-eo-data-sentinel-2-series-nl-loobos-se2_sr_2025-05-11-10_46_58.tif,SE2_SR_2025-05-11 10_46_58.tif,raster,4444418,local_untracked,False,1,not provided,EPSG:4326,incomplete,not provided
hydra-eo-data-sentinel-2-seriestiffs_alfalfa_site1-se2_sr_2025-05-12-10_18_46.tif,SE2_SR_2025-05-12 10_18_46.tif,raster,3995078,local_untracked,False,1,not provided,EPSG:4326,incomplete,not provided
hydra-eo-data-sentinel-2-seriestiffs_alfalfa_site2-se2_sr_2025-05-12-10_18_46.tif,SE2_SR_2025-05-12 10_18_46.tif,raster,3999588,local_untracked,False,1,not provided,EPSG:4326,incomplete,not provided
hydra-eo-data-sentinel-2-series-chaparrillo-se2_sr_2025-05-12-11_10_22.tif,SE2_SR_2025-05-12 11_10_22.tif,raster,3873838,local_untracked,False,1,not provided,EPSG:4326,incomplete,not provided
hydra-eo-data-sentinel-2-series-chaparrillo-se2_sr_2025-05-12-11_20_30.tif,SE2_SR_2025-05-12 11_20_30.tif,raster,3937145,local_untracked,False,1,not provided,EPSG:4326,incomplete,not provided
hydra-eo-data-sentinel-2-series-lelystad-se2_sr_2025-05-13-10_46_39.tif,SE2_SR_2025-05-13 10_46_39.tif,raster,3383306,local_untracked,False,1,not provided,EPSG:4326,incomplete,not provided
hydra-eo-data-sentinel-2-series-nl-loobos-se2_sr_2025-05-13-10_46_54.tif,SE2_SR_2025-05-13 10_46_54.tif,raster,4442694,local_untracked,False,1,not provided,EPSG:4326,incomplete,not provided
hydra-eo-data-sentinel-2-seriestiffs_alfalfa_site1-se2_sr_2025-05-14-10_18_42.tif,SE2_SR_2025-05-14 10_18_42.tif,raster,3992025,local_untracked,False,1,not provided,EPSG:4326,incomplete,not provided
hydra-eo-data-sentinel-2-seriestiffs_alfalfa_site2-se2_sr_2025-05-14-10_18_42.tif,SE2_SR_2025-05-14 10_18_42.tif,raster,3981360,local_untracked,False,1,not provided,EPSG:4326,incomplete,not provided
hydra-eo-data-sentinel-2-series-lelystad-se2_sr_2025-05-14-10_56_39.tif,SE2_SR_2025-05-14 10_56_39.tif,raster,3377205,local_untracked,False,1,not provided,EPSG:4326,incomplete,not provided
hydra-eo-data-sentinel-2-series-nl-loobos-se2_sr_2025-05-14-10_56_54.tif,SE2_SR_2025-05-14 10_56_54.tif,raster,4466928,local_untracked,False,1,not provided,EPSG:4326,incomplete,not provided
hydra-eo-data-sentinel-2-seriestiffs_alfalfa_site1-se2_sr_2025-05-15-10_28_40.tif,SE2_SR_2025-05-15 10_28_40.tif,raster,3950715,local_untracked,False,1,not provided,EPSG:4326,incomplete,not provided
hydra-eo-data-sentinel-2-seriestiffs_alfalfa_site2-se2_sr_2025-05-15-10_28_40.tif,SE2_SR_2025-05-15 10_28_40.tif,raster,3946560,local_untracked,False,1,not provided,EPSG:4326,incomplete,not provided
hydra-eo-data-sentinel-2-series-chaparrillo-se2_sr_2025-05-15-11_20_17.tif,SE2_SR_2025-05-15 11_20_17.tif,raster,4196358,local_untracked,False,1,not provided,EPSG:4326,incomplete,not provided
hydra-eo-data-sentinel-2-series-lelystad-se2_sr_2025-05-16-10_46_25.tif,SE2_SR_2025-05-16 10_46_25.tif,raster,3382878,local_untracked,False,1,not provided,EPSG:4326,incomplete,not provided
hydra-eo-data-sentinel-2-series-nl-loobos-se2_sr_2025-05-16-10_46_40.tif,SE2_SR_2025-05-16 10_46_40.tif,raster,4519563,local_untracked,False,1,not provided,EPSG:4326,incomplete,not provided
hydra-eo-data-sentinel-2-series-lelystad-se2_sr_2025-05-16-10_56_37.tif,SE2_SR_2025-05-16 10_56_37.tif,raster,3418343,local_untracked,False,1,not provided,EPSG:4326,incomplete,not provided
hydra-eo-data-sentinel-2-series-nl-loobos-se2_sr_2025-05-16-10_56_52.tif,SE2_SR_2025-05-16 10_56_52.tif,raster,4544085,local_untracked,False,1,not provided,EPSG:4326,incomplete,not provided
hydra-eo-data-sentinel-2-seriestiffs_alfalfa_site1-se2_sr_2025-05-17-10_18_28.tif,SE2_SR_2025-05-17 10_18_28.tif,raster,4011929,local_untracked,False,1,not provided,EPSG:4326,incomplete,not provided
hydra-eo-data-sentinel-2-seriestiffs_alfalfa_site2-se2_sr_2025-05-17-10_18_28.tif,SE2_SR_2025-05-17 10_18_28.tif,raster,4000786,local_untracked,False,1,not provided,EPSG:4326,incomplete,not provided
hydra-eo-data-sentinel-2-seriestiffs_alfalfa_site1-se2_sr_2025-05-17-10_28_39.tif,SE2_SR_2025-05-17 10_28_39.tif,raster,3988027,local_untracked,False,1,not provided,EPSG:4326,incomplete,not provided
hydra-eo-data-sentinel-2-seriestiffs_alfalfa_site2-se2_sr_2025-05-17-10_28_39.tif,SE2_SR_2025-05-17 10_28_39.tif,raster,3995025,local_untracked,False,1,not provided,EPSG:4326,incomplete,not provided
hydra-eo-data-sentinel-2-series-lelystad-se2_sr_2025-05-19-10_56_23.tif,SE2_SR_2025-05-19 10_56_23.tif,raster,3375741,local_untracked,False,1,not provided,EPSG:4326,incomplete,not provided
hydra-eo-data-sentinel-2-series-nl-loobos-se2_sr_2025-05-19-10_56_38.tif,SE2_SR_2025-05-19 10_56_38.tif,raster,4433936,local_untracked,False,1,not provided,EPSG:4326,incomplete,not provided
hydra-eo-data-sentinel-2-series-chaparrillo-se2_sr_2025-05-19-11_10_37.tif,SE2_SR_2025-05-19 11_10_37.tif,raster,4295243,local_untracked,False,1,not provided,EPSG:4326,incomplete,not provided
hydra-eo-data-sentinel-2-series-chaparrillo-se2_sr_2025-05-20-11_20_34.tif,SE2_SR_2025-05-20 11_20_34.tif,raster,4150299,local_untracked,False,1,not provided,EPSG:4326,incomplete,not provided
hydra-eo-data-sentinel-2-series-lelystad-se2_sr_2025-05-21-10_46_44.tif,SE2_SR_2025-05-21 10_46_44.tif,raster,3521156,local_untracked,False,1,not provided,EPSG:4326,incomplete,not provided
hydra-eo-data-sentinel-2-series-chaparrillo-se2_sr_2025-05-22-11_10_21.tif,SE2_SR_2025-05-22 11_10_21.tif,raster,4016500,local_untracked,False,1,not provided,EPSG:4326,incomplete,not provided
hydra-eo-data-sentinel-2-series-lelystad-se2_sr_2025-05-23-10_46_42.tif,SE2_SR_2025-05-23 10_46_42.tif,raster,3350199,local_untracked,False,1,not provided,EPSG:4326,incomplete,not provided
hydra-eo-data-sentinel-2-series-nl-loobos-se2_sr_2025-05-23-10_46_56.tif,SE2_SR_2025-05-23 10_46_56.tif,raster,4565010,local_untracked,False,1,not provided,EPSG:4326,incomplete,not provided
hydra-eo-data-sentinel-2-seriestiffs_alfalfa_site1-se2_sr_2025-05-24-10_18_45.tif,SE2_SR_2025-05-24 10_18_45.tif,raster,4109277,local_untracked,False,1,not provided,EPSG:4326,incomplete,not provided
hydra-eo-data-sentinel-2-seriestiffs_alfalfa_site2-se2_sr_2025-05-24-10_18_45.tif,SE2_SR_2025-05-24 10_18_45.tif,raster,4058514,local_untracked,False,1,not provided,EPSG:4326,incomplete,not provided
hydra-eo-data-sentinel-2-seriestiffs_alfalfa_site1-se2_sr_2025-05-25-10_28_43.tif,SE2_SR_2025-05-25 10_28_43.tif,raster,3619886,local_untracked,False,1,not provided,EPSG:4326,incomplete,not provided
hydra-eo-data-sentinel-2-seriestiffs_alfalfa_site2-se2_sr_2025-05-25-10_28_43.tif,SE2_SR_2025-05-25 10_28_43.tif,raster,3726980,local_untracked,False,1,not provided,EPSG:4326,incomplete,not provided
hydra-eo-data-sentinel-2-series-chaparrillo-se2_sr_2025-05-25-11_20_18.tif,SE2_SR_2025-05-25 11_20_18.tif,raster,4150187,local_untracked,False,1,not provided,EPSG:4326,incomplete,not provided
hydra-eo-data-sentinel-2-series-lelystad-se2_sr_2025-05-26-10_46_26.tif,SE2_SR_2025-05-26 10_46_26.tif,raster,3231398,local_untracked,False,1,not provided,EPSG:4326,incomplete,not provided
hydra-eo-data-sentinel-2-series-nl-loobos-se2_sr_2025-05-26-10_46_41.tif,SE2_SR_2025-05-26 10_46_41.tif,raster,4565496,local_untracked,False,1,not provided,EPSG:4326,incomplete,not provided
hydra-eo-data-sentinel-2-series-lelystad-se2_sr_2025-05-26-10_56_39.tif,SE2_SR_2025-05-26 10_56_39.tif,raster,3368030,local_untracked,False,1,not provided,EPSG:4326,incomplete,not provided
hydra-eo-data-sentinel-2-series-nl-loobos-se2_sr_2025-05-26-10_56_54.tif,SE2_SR_2025-05-26 10_56_54.tif,raster,4530173,local_untracked,False,1,not provided,EPSG:4326,incomplete,not provided
hydra-eo-data-sentinel-2-series-chaparrillo-se2_sr_2025-05-27-11_10_41.tif,SE2_SR_2025-05-27 11_10_41.tif,raster,4170393,local_untracked,False,1,not provided,EPSG:4326,incomplete,not provided
hydra-eo-data-sentinel-2-series-chaparrillo-se2_sr_2025-05-29-11_10_38.tif,SE2_SR_2025-05-29 11_10_38.tif,raster,4101769,local_untracked,False,1,not provided,EPSG:4326,incomplete,not provided
hydra-eo-data-sentinel-2-seriestiffs_alfalfa_site1-se2_sr_2025-05-30-10_28_25.tif,SE2_SR_2025-05-30 10_28_25.tif,raster,3861735,local_untracked,False,1,not provided,EPSG:4326,incomplete,not provided
hydra-eo-data-sentinel-2-seriestiffs_alfalfa_site2-se2_sr_2025-05-30-10_28_25.tif,SE2_SR_2025-05-30 10_28_25.tif,raster,3932171,local_untracked,False,1,not provided,EPSG:4326,incomplete,not provided
hydra-eo-data-sentinel-2-series-chaparrillo-se2_sr_2025-05-30-11_20_37.tif,SE2_SR_2025-05-30 11_20_37.tif,raster,3879282,local_untracked,False,1,not provided,EPSG:4326,incomplete,not provided
hydra-eo-data-sentinel-2-seriestiffs_alfalfa_site1-se2_sr_2025-06-01-10_18_49.tif,SE2_SR_2025-06-01 10_18_49.tif,raster,3942073,local_untracked,False,1,not provided,EPSG:4326,incomplete,not provided
hydra-eo-data-sentinel-2-seriestiffs_alfalfa_site2-se2_sr_2025-06-01-10_18_49.tif,SE2_SR_2025-06-01 10_18_49.tif,raster,4046383,local_untracked,False,1,not provided,EPSG:4326,incomplete,not provided
hydra-eo-data-sentinel-2-series-lelystad-se2_sr_2025-06-02-10_46_42.tif,SE2_SR_2025-06-02 10_46_42.tif,raster,3432982,local_untracked,False,1,not provided,EPSG:4326,incomplete,not provided
hydra-eo-data-sentinel-2-series-nl-loobos-se2_sr_2025-06-02-10_46_57.tif,SE2_SR_2025-06-02 10_46_57.tif,raster,4487711,local_untracked,False,1,not provided,EPSG:4326,incomplete,not provided
hydra-eo-data-sentinel-2-seriestiffs_alfalfa_site1-se2_sr_2025-06-03-10_18_45.tif,SE2_SR_2025-06-03 10_18_45.tif,raster,3845786,local_untracked,False,1,not provided,EPSG:4326,incomplete,not provided
hydra-eo-data-sentinel-2-seriestiffs_alfalfa_site2-se2_sr_2025-06-03-10_18_45.tif,SE2_SR_2025-06-03 10_18_45.tif,raster,3979024,local_untracked,False,1,not provided,EPSG:4326,incomplete,not provided
hydra-eo-data-sentinel-2-seriestiffs_alfalfa_site1-se2_sr_2025-06-04-10_28_45.tif,SE2_SR_2025-06-04 10_28_45.tif,raster,3698585,local_untracked,False,1,not provided,EPSG:4326,incomplete,not provided
hydra-eo-data-sentinel-2-seriestiffs_alfalfa_site2-se2_sr_2025-06-04-10_28_45.tif,SE2_SR_2025-06-04 10_28_45.tif,raster,3974171,local_untracked,False,1,not provided,EPSG:4326,incomplete,not provided
hydra-eo-data-sentinel-2-series-chaparrillo-se2_sr_2025-06-04-11_20_17.tif,SE2_SR_2025-06-04 11_20_17.tif,raster,4261465,local_untracked,False,1,not provided,EPSG:4326,incomplete,not provided
hydra-eo-data-sentinel-2-seriestiffs_alfalfa_site1-se2_sr_2025-06-06-10_28_40.tif,SE2_SR_2025-06-06 10_28_40.tif,raster,4004387,local_untracked,False,1,not provided,EPSG:4326,incomplete,not provided
hydra-eo-data-sentinel-2-seriestiffs_alfalfa_site2-se2_sr_2025-06-06-10_28_40.tif,SE2_SR_2025-06-06 10_28_40.tif,raster,4089400,local_untracked,False,1,not provided,EPSG:4326,incomplete,not provided
hydra-eo-data-sentinel-2-series-chaparrillo-se2_sr_2025-06-06-11_10_42.tif,SE2_SR_2025-06-06 11_10_42.tif,raster,3938937,local_untracked,False,1,not provided,EPSG:4326,incomplete,not provided
hydra-eo-data-sentinel-2-series-chaparrillo-se2_sr_2025-06-08-11_10_37.tif,SE2_SR_2025-06-08 11_10_37.tif,raster,4058015,local_untracked,False,1,not provided,EPSG:4326,incomplete,not provided
hydra-eo-data-sentinel-2-seriestiffs_alfalfa_site1-se2_sr_2025-06-09-10_28_23.tif,SE2_SR_2025-06-09 10_28_23.tif,raster,3851228,local_untracked,False,1,not provided,EPSG:4326,incomplete,not provided
hydra-eo-data-sentinel-2-seriestiffs_alfalfa_site2-se2_sr_2025-06-09-10_28_23.tif,SE2_SR_2025-06-09 10_28_23.tif,raster,4037181,local_untracked,False,1,not provided,EPSG:4326,incomplete,not provided
hydra-eo-data-sentinel-2-series-chaparrillo-se2_sr_2025-06-09-11_20_37.tif,SE2_SR_2025-06-09 11_20_37.tif,raster,4028526,local_untracked,False,1,not provided,EPSG:4326,incomplete,not provided
hydra-eo-data-sentinel-2-seriestiffs_alfalfa_site1-se2_sr_2025-06-11-10_18_48.tif,SE2_SR_2025-06-11 10_18_48.tif,raster,3850769,local_untracked,False,1,not provided,EPSG:4326,incomplete,not provided
hydra-eo-data-sentinel-2-seriestiffs_alfalfa_site2-se2_sr_2025-06-11-10_18_48.tif,SE2_SR_2025-06-11 10_18_48.tif,raster,3992406,local_untracked,False,1,not provided,EPSG:4326,incomplete,not provided
hydra-eo-data-sentinel-2-series-chaparrillo-se2_sr_2025-06-11-11_10_19.tif,SE2_SR_2025-06-11 11_10_19.tif,raster,4149379,local_untracked,False,1,not provided,EPSG:4326,incomplete,not provided
hydra-eo-data-sentinel-2-series-chaparrillo-se2_sr_2025-06-11-11_20_32.tif,SE2_SR_2025-06-11 11_20_32.tif,raster,3853749,local_untracked,False,1,not provided,EPSG:4326,incomplete,not provided
hydra-eo-data-sentinel-2-series-lelystad-se2_sr_2025-06-12-10_46_40.tif,SE2_SR_2025-06-12 10_46_40.tif,raster,3390280,local_untracked,False,1,not provided,EPSG:4326,incomplete,not provided
hydra-eo-data-sentinel-2-series-nl-loobos-se2_sr_2025-06-12-10_46_55.tif,SE2_SR_2025-06-12 10_46_55.tif,raster,4378256,local_untracked,False,1,not provided,EPSG:4326,incomplete,not provided
hydra-eo-data-sentinel-2-seriestiffs_alfalfa_site1-se2_sr_2025-06-13-10_18_43.tif,SE2_SR_2025-06-13 10_18_43.tif,raster,3972036,local_untracked,False,1,not provided,EPSG:4326,incomplete,not provided
hydra-eo-data-sentinel-2-seriestiffs_alfalfa_site2-se2_sr_2025-06-13-10_18_43.tif,SE2_SR_2025-06-13 10_18_43.tif,raster,3919695,local_untracked,False,1,not provided,EPSG:4326,incomplete,not provided
hydra-eo-data-sentinel-2-series-lelystad-se2_sr_2025-06-13-10_56_42.tif,SE2_SR_2025-06-13 10_56_42.tif,raster,3427895,local_untracked,False,1,not provided,EPSG:4326,incomplete,not provided
hydra-eo-data-sentinel-2-series-nl-loobos-se2_sr_2025-06-13-10_56_57.tif,SE2_SR_2025-06-13 10_56_57.tif,raster,4496232,local_untracked,False,1,not provided,EPSG:4326,incomplete,not provided
hydra-eo-data-sentinel-2-seriestiffs_alfalfa_site1-se2_sr_2025-06-14-10_28_43.tif,SE2_SR_2025-06-14 10_28_43.tif,raster,3911169,local_untracked,False,1,not provided,EPSG:4326,incomplete,not provided
hydra-eo-data-sentinel-2-seriestiffs_alfalfa_site2-se2_sr_2025-06-14-10_28_43.tif,SE2_SR_2025-06-14 10_28_43.tif,raster,3934385,local_untracked,False,1,not provided,EPSG:4326,incomplete,not provided
hydra-eo-data-sentinel-2-series-chaparrillo-se2_sr_2025-06-14-11_20_15.tif,SE2_SR_2025-06-14 11_20_15.tif,raster,3920354,local_untracked,False,1,not provided,EPSG:4326,incomplete,not provided
hydra-eo-data-sentinel-2-series-lelystad-se2_sr_2025-06-15-10_46_24.tif,SE2_SR_2025-06-15 10_46_24.tif,raster,3490998,local_untracked,False,1,not provided,EPSG:4326,incomplete,not provided
hydra-eo-data-sentinel-2-series-nl-loobos-se2_sr_2025-06-15-10_46_39.tif,SE2_SR_2025-06-15 10_46_39.tif,raster,4496406,local_untracked,False,1,not provided,EPSG:4326,incomplete,not provided
hydra-eo-data-sentinel-2-series-lelystad-se2_sr_2025-06-15-10_56_36.tif,SE2_SR_2025-06-15 10_56_36.tif,raster,3469131,local_untracked,False,1,not provided,EPSG:4326,incomplete,not provided
hydra-eo-data-sentinel-2-series-nl-loobos-se2_sr_2025-06-15-10_56_51.tif,SE2_SR_2025-06-15 10_56_51.tif,raster,4589539,local_untracked,False,1,not provided,EPSG:4326,incomplete,not provided
hydra-eo-data-sentinel-2-seriestiffs_alfalfa_site1-se2_sr_2025-06-16-10_18_27.tif,SE2_SR_2025-06-16 10_18_27.tif,raster,4036490,local_untracked,False,1,not provided,EPSG:4326,incomplete,not provided
hydra-eo-data-sentinel-2-seriestiffs_alfalfa_site2-se2_sr_2025-06-16-10_18_27.tif,SE2_SR_2025-06-16 10_18_27.tif,raster,4036176,local_untracked,False,1,not provided,EPSG:4326,incomplete,not provided
hydra-eo-data-sentinel-2-seriestiffs_alfalfa_site1-se2_sr_2025-06-16-10_28_38.tif,SE2_SR_2025-06-16 10_28_38.tif,raster,3997002,local_untracked,False,1,not provided,EPSG:4326,incomplete,not provided
hydra-eo-data-sentinel-2-seriestiffs_alfalfa_site2-se2_sr_2025-06-16-10_28_38.tif,SE2_SR_2025-06-16 10_28_38.tif,raster,4008150,local_untracked,False,1,not provided,EPSG:4326,incomplete,not provided
hydra-eo-data-sentinel-2-series-chaparrillo-se2_sr_2025-06-16-11_10_40.tif,SE2_SR_2025-06-16 11_10_40.tif,raster,4153677,local_untracked,False,1,not provided,EPSG:4326,incomplete,not provided
hydra-eo-data-sentinel-2-series-lelystad-se2_sr_2025-06-18-10_56_23.tif,SE2_SR_2025-06-18 10_56_23.tif,raster,3394387,local_untracked,False,1,not provided,EPSG:4326,incomplete,not provided
hydra-eo-data-sentinel-2-series-nl-loobos-se2_sr_2025-06-18-10_56_37.tif,SE2_SR_2025-06-18 10_56_37.tif,raster,4568483,local_untracked,False,1,not provided,EPSG:4326,incomplete,not provided
hydra-eo-data-sentinel-2-series-chaparrillo-se2_sr_2025-06-18-11_10_34.tif,SE2_SR_2025-06-18 11_10_34.tif,raster,4125284,local_untracked,False,1,not provided,EPSG:4326,incomplete,not provided
hydra-eo-data-sentinel-2-seriestiffs_alfalfa_site1-se2_sr_2025-06-19-10_28_24.tif,SE2_SR_2025-06-19 10_28_24.tif,raster,3936249,local_untracked,False,1,not provided,EPSG:4326,incomplete,not provided
hydra-eo-data-sentinel-2-seriestiffs_alfalfa_site2-se2_sr_2025-06-19-10_28_24.tif,SE2_SR_2025-06-19 10_28_24.tif,raster,3915758,local_untracked,False,1,not provided,EPSG:4326,incomplete,not provided
hydra-eo-data-sentinel-2-seriestiffs_alfalfa_site1-se2_sr_2025-06-21-10_18_47.tif,SE2_SR_2025-06-21 10_18_47.tif,raster,4037542,local_untracked,False,1,not provided,EPSG:4326,incomplete,not provided
hydra-eo-data-sentinel-2-seriestiffs_alfalfa_site2-se2_sr_2025-06-21-10_18_47.tif,SE2_SR_2025-06-21 10_18_47.tif,raster,3985463,local_untracked,False,1,not provided,EPSG:4326,incomplete,not provided
hydra-eo-data-sentinel-2-series-chaparrillo-se2_sr_2025-06-21-11_10_22.tif,SE2_SR_2025-06-21 11_10_22.tif,raster,4135286,local_untracked,False,1,not provided,EPSG:4326,incomplete,not provided
hydra-eo-data-sentinel-2-series-chaparrillo-se2_sr_2025-06-21-11_20_30.tif,SE2_SR_2025-06-21 11_20_30.tif,raster,4098046,local_untracked,False,1,not provided,EPSG:4326,incomplete,not provided
hydra-eo-data-sentinel-2-seriestiffs_alfalfa_site1-se2_sr_2025-06-23-10_18_43.tif,SE2_SR_2025-06-23 10_18_43.tif,raster,3813573,local_untracked,False,1,not provided,EPSG:4326,incomplete,not provided
hydra-eo-data-sentinel-2-seriestiffs_alfalfa_site2-se2_sr_2025-06-23-10_18_43.tif,SE2_SR_2025-06-23 10_18_43.tif,raster,3633327,local_untracked,False,1,not provided,EPSG:4326,incomplete,not provided
hydra-eo-data-sentinel-2-series-chaparrillo-se2_sr_2025-06-24-11_20_18.tif,SE2_SR_2025-06-24 11_20_18.tif,raster,4183213,local_untracked,False,1,not provided,EPSG:4326,incomplete,not provided
hydra-eo-data-sentinel-2-series-nl-loobos-se2_sr_2025-06-25-10_46_42.tif,SE2_SR_2025-06-25 10_46_42.tif,raster,4734378,local_untracked,False,1,not provided,EPSG:4326,incomplete,not provided
hydra-eo-data-sentinel-2-series-nl-loobos-se2_sr_2025-06-25-10_56_52.tif,SE2_SR_2025-06-25 10_56_52.tif,raster,4798948,local_untracked,False,1,not provided,EPSG:4326,incomplete,not provided
hydra-eo-data-sentinel-2-seriestiffs_alfalfa_site1-se2_sr_2025-06-26-10_18_30.tif,SE2_SR_2025-06-26 10_18_30.tif,raster,3965016,local_untracked,False,1,not provided,EPSG:4326,incomplete,not provided
hydra-eo-data-sentinel-2-seriestiffs_alfalfa_site2-se2_sr_2025-06-26-10_18_30.tif,SE2_SR_2025-06-26 10_18_30.tif,raster,3992127,local_untracked,False,1,not provided,EPSG:4326,incomplete,not provided
hydra-eo-data-sentinel-2-seriestiffs_alfalfa_site1-se2_sr_2025-06-26-10_28_40.tif,SE2_SR_2025-06-26 10_28_40.tif,raster,3953853,local_untracked,False,1,not provided,EPSG:4326,incomplete,not provided
hydra-eo-data-sentinel-2-seriestiffs_alfalfa_site2-se2_sr_2025-06-26-10_28_40.tif,SE2_SR_2025-06-26 10_28_40.tif,raster,3962962,local_untracked,False,1,not provided,EPSG:4326,incomplete,not provided
hydra-eo-data-sentinel-2-series-chaparrillo-se2_sr_2025-06-26-11_10_42.tif,SE2_SR_2025-06-26 11_10_42.tif,raster,4163905,local_untracked,False,1,not provided,EPSG:4326,incomplete,not provided
hydra-eo-data-sentinel-2-series-chaparrillo-se2_sr_2025-06-28-11_10_38.tif,SE2_SR_2025-06-28 11_10_38.tif,raster,4147967,local_untracked,False,1,not provided,EPSG:4326,incomplete,not provided
hydra-eo-data-sentinel-2-series-chaparrillo-se2_sr_2025-06-29-11_20_38.tif,SE2_SR_2025-06-29 11_20_38.tif,raster,4140194,local_untracked,False,1,not provided,EPSG:4326,incomplete,not provided
hydra-eo-data-sentinel-2-series-lelystad-se2_sr_2025-06-30-10_46_47.tif,SE2_SR_2025-06-30 10_46_47.tif,raster,3428649,local_untracked,False,1,not provided,EPSG:4326,incomplete,not provided
hydra-eo-data-sentinel-2-series-nl-loobos-se2_sr_2025-06-30-10_47_01.tif,SE2_SR_2025-06-30 10_47_01.tif,raster,4436725,local_untracked,False,1,not provided,EPSG:4326,incomplete,not provided
hydra-eo-data-sentinel-2-seriestiffs_alfalfa_site1-se2_sr_2025-07-01-10_18_50.tif,SE2_SR_2025-07-01 10_18_50.tif,raster,4028799,local_untracked,False,1,not provided,EPSG:4326,incomplete,not provided
hydra-eo-data-sentinel-2-seriestiffs_alfalfa_site2-se2_sr_2025-07-01-10_18_50.tif,SE2_SR_2025-07-01 10_18_50.tif,raster,4035891,local_untracked,False,1,not provided,EPSG:4326,incomplete,not provided
hydra-eo-data-sentinel-2-series-chaparrillo-se2_sr_2025-07-01-11_10_24.tif,SE2_SR_2025-07-01 11_10_24.tif,raster,4069794,local_untracked,False,1,not provided,EPSG:4326,incomplete,not provided
hydra-eo-data-sentinel-2-series-chaparrillo-se2_sr_2025-07-01-11_20_34.tif,SE2_SR_2025-07-01 11_20_34.tif,raster,4051150,local_untracked,False,1,not provided,EPSG:4326,incomplete,not provided
hydra-eo-data-sentinel-2-series-lelystad-se2_sr_2025-07-02-10_46_43.tif,SE2_SR_2025-07-02 10_46_43.tif,raster,3451181,local_untracked,False,1,not provided,EPSG:4326,incomplete,not provided
hydra-eo-data-sentinel-2-series-nl-loobos-se2_sr_2025-07-02-10_46_57.tif,SE2_SR_2025-07-02 10_46_57.tif,raster,4658229,local_untracked,False,1,not provided,EPSG:4326,incomplete,not provided
hydra-eo-data-sentinel-2-seriestiffs_alfalfa_site1-se2_sr_2025-07-03-10_18_46.tif,SE2_SR_2025-07-03 10_18_46.tif,raster,3849332,local_untracked,False,1,not provided,EPSG:4326,incomplete,not provided
hydra-eo-data-sentinel-2-seriestiffs_alfalfa_site2-se2_sr_2025-07-03-10_18_46.tif,SE2_SR_2025-07-03 10_18_46.tif,raster,4007816,local_untracked,False,1,not provided,EPSG:4326,incomplete,not provided
hydra-eo-data-sentinel-2-series-lelystad-se2_sr_2025-07-03-10_56_45.tif,SE2_SR_2025-07-03 10_56_45.tif,raster,3431792,local_untracked,False,1,not provided,EPSG:4326,incomplete,not provided
hydra-eo-data-sentinel-2-series-nl-loobos-se2_sr_2025-07-03-10_56_59.tif,SE2_SR_2025-07-03 10_56_59.tif,raster,4619247,local_untracked,False,1,not provided,EPSG:4326,incomplete,not provided
hydra-eo-data-sentinel-2-seriestiffs_alfalfa_site1-se2_sr_2025-07-04-10_28_46.tif,SE2_SR_2025-07-04 10_28_46.tif,raster,3977931,local_untracked,False,1,not provided,EPSG:4326,incomplete,not provided
hydra-eo-data-sentinel-2-seriestiffs_alfalfa_site2-se2_sr_2025-07-04-10_28_46.tif,SE2_SR_2025-07-04 10_28_46.tif,raster,3955356,local_untracked,False,1,not provided,EPSG:4326,incomplete,not provided
hydra-eo-data-sentinel-2-series-chaparrillo-se2_sr_2025-07-04-11_20_20.tif,SE2_SR_2025-07-04 11_20_20.tif,raster,4163069,local_untracked,False,1,not provided,EPSG:4326,incomplete,not provided
hydra-eo-data-sentinel-2-series-chaparrillo-se2_sr_2025-07-06-11_10_44.tif,SE2_SR_2025-07-06 11_10_44.tif,raster,4169488,local_untracked,False,1,not provided,EPSG:4326,incomplete,not provided
hydra-eo-data-sentinel-2-series-nl-loobos-se2_sr_2025-07-08-10_56_40.tif,SE2_SR_2025-07-08 10_56_40.tif,raster,4610853,local_untracked,False,1,not provided,EPSG:4326,incomplete,not provided
hydra-eo-data-sentinel-2-series-chaparrillo-se2_sr_2025-07-08-11_10_40.tif,SE2_SR_2025-07-08 11_10_40.tif,raster,4153160,local_untracked,False,1,not provided,EPSG:4326,incomplete,not provided
hydra-eo-data-sentinel-2-seriestiffs_alfalfa_site1-se2_sr_2025-07-09-10_28_28.tif,SE2_SR_2025-07-09 10_28_28.tif,raster,3961860,local_untracked,False,1,not provided,EPSG:4326,incomplete,not provided
hydra-eo-data-sentinel-2-seriestiffs_alfalfa_site2-se2_sr_2025-07-09-10_28_28.tif,SE2_SR_2025-07-09 10_28_28.tif,raster,3937156,local_untracked,False,1,not provided,EPSG:4326,incomplete,not provided
hydra-eo-data-sentinel-2-series-chaparrillo-se2_sr_2025-07-09-11_20_39.tif,SE2_SR_2025-07-09 11_20_39.tif,raster,4169751,local_untracked,False,1,not provided,EPSG:4326,incomplete,not provided
hydra-eo-data-sentinel-2-series-nl-loobos-se2_sr_2025-07-10-10_47_03.tif,SE2_SR_2025-07-10 10_47_03.tif,raster,4448975,local_untracked,False,1,not provided,EPSG:4326,incomplete,not provided
hydra-eo-data-sentinel-2-seriestiffs_alfalfa_site1-se2_sr_2025-07-11-10_18_51.tif,SE2_SR_2025-07-11 10_18_51.tif,raster,3990551,local_untracked,False,1,not provided,EPSG:4326,incomplete,not provided
hydra-eo-data-sentinel-2-seriestiffs_alfalfa_site2-se2_sr_2025-07-11-10_18_51.tif,SE2_SR_2025-07-11 10_18_51.tif,raster,3986742,local_untracked,False,1,not provided,EPSG:4326,incomplete,not provided
hydra-eo-data-sentinel-2-series-chaparrillo-se2_sr_2025-07-11-11_10_25.tif,SE2_SR_2025-07-11 11_10_25.tif,raster,4176290,local_untracked,False,1,not provided,EPSG:4326,incomplete,not provided
hydra-eo-data-sentinel-2-series-chaparrillo-se2_sr_2025-07-11-11_20_35.tif,SE2_SR_2025-07-11 11_20_35.tif,raster,4185435,local_untracked,False,1,not provided,EPSG:4326,incomplete,not provided
hydra-eo-data-sentinel-2-series-lelystad-se2_sr_2025-07-12-10_46_44.tif,SE2_SR_2025-07-12 10_46_44.tif,raster,3415370,local_untracked,False,1,not provided,EPSG:4326,incomplete,not provided
hydra-eo-data-sentinel-2-series-lelystad-se2_sr_2025-07-13-10_56_46.tif,SE2_SR_2025-07-13 10_56_46.tif,raster,3349811,local_untracked,False,1,not provided,EPSG:4326,incomplete,not provided
hydra-eo-data-sentinel-2-seriestiffs_alfalfa_site1-se2_sr_2025-07-14-10_28_47.tif,SE2_SR_2025-07-14 10_28_47.tif,raster,3999305,local_untracked,False,1,not provided,EPSG:4326,incomplete,not provided
hydra-eo-data-sentinel-2-seriestiffs_alfalfa_site2-se2_sr_2025-07-14-10_28_47.tif,SE2_SR_2025-07-14 10_28_47.tif,raster,3948648,local_untracked,False,1,not provided,EPSG:4326,incomplete,not provided
hydra-eo-data-sentinel-2-series-chaparrillo-se2_sr_2025-07-14-11_20_20.tif,SE2_SR_2025-07-14 11_20_20.tif,raster,4185493,local_untracked,False,1,not provided,EPSG:4326,incomplete,not provided
hydra-eo-data-sentinel-2-series-lelystad-se2_sr_2025-07-15-10_46_29.tif,SE2_SR_2025-07-15 10_46_29.tif,raster,3428923,local_untracked,False,1,not provided,EPSG:4326,incomplete,not provided
hydra-eo-data-sentinel-2-series-nl-loobos-se2_sr_2025-07-15-10_46_43.tif,SE2_SR_2025-07-15 10_46_43.tif,raster,4478614,local_untracked,False,1,not provided,EPSG:4326,incomplete,not provided
hydra-eo-data-sentinel-2-series-lelystad-se2_sr_2025-07-15-10_56_42.tif,SE2_SR_2025-07-15 10_56_42.tif,raster,3509680,local_untracked,False,1,not provided,EPSG:4326,incomplete,not provided
hydra-eo-data-sentinel-2-series-nl-loobos-se2_sr_2025-07-15-10_56_56.tif,SE2_SR_2025-07-15 10_56_56.tif,raster,4581609,local_untracked,False,1,not provided,EPSG:4326,incomplete,not provided
hydra-eo-data-sentinel-2-seriestiffs_alfalfa_site1-se2_sr_2025-07-16-10_18_31.tif,SE2_SR_2025-07-16 10_18_31.tif,raster,3928755,local_untracked,False,1,not provided,EPSG:4326,incomplete,not provided
hydra-eo-data-sentinel-2-seriestiffs_alfalfa_site2-se2_sr_2025-07-16-10_18_31.tif,SE2_SR_2025-07-16 10_18_31.tif,raster,3950353,local_untracked,False,1,not provided,EPSG:4326,incomplete,not provided
hydra-eo-data-sentinel-2-seriestiffs_alfalfa_site1-se2_sr_2025-07-16-10_28_43.tif,SE2_SR_2025-07-16 10_28_43.tif,raster,3955837,local_untracked,False,1,not provided,EPSG:4326,incomplete,not provided
hydra-eo-data-sentinel-2-seriestiffs_alfalfa_site2-se2_sr_2025-07-16-10_28_43.tif,SE2_SR_2025-07-16 10_28_43.tif,raster,3927230,local_untracked,False,1,not provided,EPSG:4326,incomplete,not provided
hydra-eo-data-sentinel-2-series-chaparrillo-se2_sr_2025-07-16-11_10_44.tif,SE2_SR_2025-07-16 11_10_44.tif,raster,4176350,local_untracked,False,1,not provided,EPSG:4326,incomplete,not provided
hydra-eo-data-sentinel-2-series-lelystad-se2_sr_2025-07-18-10_56_26.tif,SE2_SR_2025-07-18 10_56_26.tif,raster,3401134,local_untracked,False,1,not provided,EPSG:4326,incomplete,not provided
hydra-eo-data-sentinel-2-series-nl-loobos-se2_sr_2025-07-18-10_56_40.tif,SE2_SR_2025-07-18 10_56_40.tif,raster,4378709,local_untracked,False,1,not provided,EPSG:4326,incomplete,not provided
hydra-eo-data-sentinel-2-series-chaparrillo-se2_sr_2025-07-18-11_10_41.tif,SE2_SR_2025-07-18 11_10_41.tif,raster,4188815,local_untracked,False,1,not provided,EPSG:4326,incomplete,not provided
hydra-eo-data-sentinel-2-series-chaparrillo-se2_sr_2025-07-19-11_20_40.tif,SE2_SR_2025-07-19 11_20_40.tif,raster,4183950,local_untracked,False,1,not provided,EPSG:4326,incomplete,not provided
hydra-eo-data-sentinel-2-series-lelystad-se2_sr_2025-07-20-10_46_48.tif,SE2_SR_2025-07-20 10_46_48.tif,raster,3499304,local_untracked,False,1,not provided,EPSG:4326,incomplete,not provided
hydra-eo-data-sentinel-2-series-nl-loobos-se2_sr_2025-07-20-10_47_03.tif,SE2_SR_2025-07-20 10_47_03.tif,raster,4641998,local_untracked,False,1,not provided,EPSG:4326,incomplete,not provided
hydra-eo-data-sentinel-2-seriestiffs_alfalfa_site1-se2_sr_2025-07-21-10_18_51.tif,SE2_SR_2025-07-21 10_18_51.tif,raster,4033441,local_untracked,False,1,not provided,EPSG:4326,incomplete,not provided
hydra-eo-data-sentinel-2-seriestiffs_alfalfa_site2-se2_sr_2025-07-21-10_18_51.tif,SE2_SR_2025-07-21 10_18_51.tif,raster,3883906,local_untracked,False,1,not provided,EPSG:4326,incomplete,not provided
hydra-eo-data-sentinel-2-series-chaparrillo-se2_sr_2025-07-21-11_10_24.tif,SE2_SR_2025-07-21 11_10_24.tif,raster,4194528,local_untracked,False,1,not provided,EPSG:4326,incomplete,not provided
hydra-eo-data-sentinel-2-series-chaparrillo-se2_sr_2025-07-21-11_20_36.tif,SE2_SR_2025-07-21 11_20_36.tif,raster,4191580,local_untracked,False,1,not provided,EPSG:4326,incomplete,not provided
hydra-eo-data-sentinel-2-series-lelystad-se2_sr_2025-07-22-10_46_44.tif,SE2_SR_2025-07-22 10_46_44.tif,raster,3487847,local_untracked,False,1,not provided,EPSG:4326,incomplete,not provided
hydra-eo-data-sentinel-2-series-nl-loobos-se2_sr_2025-07-22-10_46_59.tif,SE2_SR_2025-07-22 10_46_59.tif,raster,4546961,local_untracked,False,1,not provided,EPSG:4326,incomplete,not provided
hydra-eo-data-sentinel-2-seriestiffs_alfalfa_site1-se2_sr_2025-07-23-10_18_47.tif,SE2_SR_2025-07-23 10_18_47.tif,raster,3988784,local_untracked,False,1,not provided,EPSG:4326,incomplete,not provided
hydra-eo-data-sentinel-2-seriestiffs_alfalfa_site2-se2_sr_2025-07-23-10_18_47.tif,SE2_SR_2025-07-23 10_18_47.tif,raster,3970312,local_untracked,False,1,not provided,EPSG:4326,incomplete,not provided
hydra-eo-data-sentinel-2-series-lelystad-se2_sr_2025-07-23-10_56_45.tif,SE2_SR_2025-07-23 10_56_45.tif,raster,3553505,local_untracked,False,1,not provided,EPSG:4326,incomplete,not provided
hydra-eo-data-sentinel-2-seriestiffs_alfalfa_site1-se2_sr_2025-07-24-10_28_47.tif,SE2_SR_2025-07-24 10_28_47.tif,raster,3648860,local_untracked,False,1,not provided,EPSG:4326,incomplete,not provided
hydra-eo-data-sentinel-2-seriestiffs_alfalfa_site2-se2_sr_2025-07-24-10_28_47.tif,SE2_SR_2025-07-24 10_28_47.tif,raster,3719167,local_untracked,False,1,not provided,EPSG:4326,incomplete,not provided
hydra-eo-data-sentinel-2-series-chaparrillo-se2_sr_2025-07-24-11_20_19.tif,SE2_SR_2025-07-24 11_20_19.tif,raster,4208470,local_untracked,False,1,not provided,EPSG:4326,incomplete,not provided
hydra-eo-data-sentinel-2-seriestiffs_alfalfa_site1-se2_sr_2025-07-26-10_18_30.tif,SE2_SR_2025-07-26 10_18_30.tif,raster,4180114,local_untracked,False,1,not provided,EPSG:4326,incomplete,not provided
hydra-eo-data-sentinel-2-seriestiffs_alfalfa_site2-se2_sr_2025-07-26-10_18_30.tif,SE2_SR_2025-07-26 10_18_30.tif,raster,3932273,local_untracked,False,1,not provided,EPSG:4326,incomplete,not provided
hydra-eo-data-sentinel-2-seriestiffs_alfalfa_site1-se2_sr_2025-07-26-10_28_43.tif,SE2_SR_2025-07-26 10_28_43.tif,raster,4117359,local_untracked,False,1,not provided,EPSG:4326,incomplete,not provided
hydra-eo-data-sentinel-2-seriestiffs_alfalfa_site2-se2_sr_2025-07-26-10_28_43.tif,SE2_SR_2025-07-26 10_28_43.tif,raster,3939963,local_untracked,False,1,not provided,EPSG:4326,incomplete,not provided
hydra-eo-data-sentinel-2-series-chaparrillo-se2_sr_2025-07-26-11_10_44.tif,SE2_SR_2025-07-26 11_10_44.tif,raster,4201077,local_untracked,False,1,not provided,EPSG:4326,incomplete,not provided
hydra-eo-data-sentinel-2-series-lelystad-se2_sr_2025-07-28-10_56_23.tif,SE2_SR_2025-07-28 10_56_23.tif,raster,3494690,local_untracked,False,1,not provided,EPSG:4326,incomplete,not provided
hydra-eo-data-sentinel-2-series-chaparrillo-se2_sr_2025-07-28-11_10_40.tif,SE2_SR_2025-07-28 11_10_40.tif,raster,4181104,local_untracked,False,1,not provided,EPSG:4326,incomplete,not provided
hydra-eo-data-sentinel-2-seriestiffs_alfalfa_site1-se2_sr_2025-07-29-10_28_25.tif,SE2_SR_2025-07-29 10_28_25.tif,raster,3926731,local_untracked,False,1,not provided,EPSG:4326,incomplete,not provided
hydra-eo-data-sentinel-2-seriestiffs_alfalfa_site2-se2_sr_2025-07-29-10_28_25.tif,SE2_SR_2025-07-29 10_28_25.tif,raster,3906658,local_untracked,False,1,not provided,EPSG:4326,incomplete,not provided
hydra-eo-data-sentinel-2-series-chaparrillo-se2_sr_2025-07-29-11_20_38.tif,SE2_SR_2025-07-29 11_20_38.tif,raster,4182448,local_untracked,False,1,not provided,EPSG:4326,incomplete,not provided
hydra-eo-data-sentinel-2-series-nl-loobos-se2_sr_2025-07-30-10_47_01.tif,SE2_SR_2025-07-30 10_47_01.tif,raster,4488411,local_untracked,False,1,not provided,EPSG:4326,incomplete,not provided
hydra-eo-data-sentinel-2-seriestiffs_alfalfa_site1-se2_sr_2025-07-31-10_18_49.tif,SE2_SR_2025-07-31 10_18_49.tif,raster,3976771,local_untracked,False,1,not provided,EPSG:4326,incomplete,not provided
hydra-eo-data-sentinel-2-seriestiffs_alfalfa_site2-se2_sr_2025-07-31-10_18_49.tif,SE2_SR_2025-07-31 10_18_49.tif,raster,3964216,local_untracked,False,1,not provided,EPSG:4326,incomplete,not provided
hydra-eo-data-sentinel-2-series-chaparrillo-se2_sr_2025-07-31-11_10_21.tif,SE2_SR_2025-07-31 11_10_21.tif,raster,4165713,local_untracked,False,1,not provided,EPSG:4326,incomplete,not provided
hydra-eo-data-sentinel-2-series-chaparrillo-se2_sr_2025-07-31-11_20_34.tif,SE2_SR_2025-07-31 11_20_34.tif,raster,4155372,local_untracked,False,1,not provided,EPSG:4326,incomplete,not provided
hydra-eo-data-sentinel-2-series-lelystad-se2_sr_2025-08-02-10_56_43.tif,SE2_SR_2025-08-02 10_56_43.tif,raster,3497542,local_untracked,False,1,not provided,EPSG:4326,incomplete,not provided
hydra-eo-data-sentinel-2-seriestiffs_alfalfa_site1-se2_sr_2025-08-03-10_28_44.tif,SE2_SR_2025-08-03 10_28_44.tif,raster,4014551,local_untracked,False,1,not provided,EPSG:4326,incomplete,not provided
hydra-eo-data-sentinel-2-seriestiffs_alfalfa_site2-se2_sr_2025-08-03-10_28_44.tif,SE2_SR_2025-08-03 10_28_44.tif,raster,3997323,local_untracked,False,1,not provided,EPSG:4326,incomplete,not provided
hydra-eo-data-sentinel-2-series-chaparrillo-se2_sr_2025-08-03-11_20_17.tif,SE2_SR_2025-08-03 11_20_17.tif,raster,4161602,local_untracked,False,1,not provided,EPSG:4326,incomplete,not provided
hydra-eo-data-sentinel-2-seriestiffs_alfalfa_site1-se2_sr_2025-08-05-10_18_29.tif,SE2_SR_2025-08-05 10_18_29.tif,raster,3969903,local_untracked,False,1,not provided,EPSG:4326,incomplete,not provided
hydra-eo-data-sentinel-2-seriestiffs_alfalfa_site2-se2_sr_2025-08-05-10_18_29.tif,SE2_SR_2025-08-05 10_18_29.tif,raster,3950899,local_untracked,False,1,not provided,EPSG:4326,incomplete,not provided
hydra-eo-data-sentinel-2-seriestiffs_alfalfa_site1-se2_sr_2025-08-05-10_28_40.tif,SE2_SR_2025-08-05 10_28_40.tif,raster,3940922,local_untracked,False,1,not provided,EPSG:4326,incomplete,not provided
hydra-eo-data-sentinel-2-seriestiffs_alfalfa_site2-se2_sr_2025-08-05-10_28_40.tif,SE2_SR_2025-08-05 10_28_40.tif,raster,3912917,local_untracked,False,1,not provided,EPSG:4326,incomplete,not provided
hydra-eo-data-sentinel-2-series-chaparrillo-se2_sr_2025-08-05-11_10_41.tif,SE2_SR_2025-08-05 11_10_41.tif,raster,4143658,local_untracked,False,1,not provided,EPSG:4326,incomplete,not provided
hydra-eo-data-sentinel-2-series-lelystad-se2_sr_2025-08-07-10_56_24.tif,SE2_SR_2025-08-07 10_56_24.tif,raster,3527181,local_untracked,False,1,not provided,EPSG:4326,incomplete,not provided
hydra-eo-data-sentinel-2-series-nl-loobos-se2_sr_2025-08-07-10_56_38.tif,SE2_SR_2025-08-07 10_56_38.tif,raster,4586178,local_untracked,False,1,not provided,EPSG:4326,incomplete,not provided
hydra-eo-data-sentinel-2-series-chaparrillo-se2_sr_2025-08-07-11_10_36.tif,SE2_SR_2025-08-07 11_10_36.tif,raster,4160983,local_untracked,False,1,not provided,EPSG:4326,incomplete,not provided
hydra-eo-data-sentinel-2-seriestiffs_alfalfa_site1-se2_sr_2025-08-08-10_28_26.tif,SE2_SR_2025-08-08 10_28_26.tif,raster,3937206,local_untracked,False,1,not provided,EPSG:4326,incomplete,not provided
hydra-eo-data-sentinel-2-seriestiffs_alfalfa_site2-se2_sr_2025-08-08-10_28_26.tif,SE2_SR_2025-08-08 10_28_26.tif,raster,3910408,local_untracked,False,1,not provided,EPSG:4326,incomplete,not provided
hydra-eo-data-sentinel-2-series-chaparrillo-se2_sr_2025-08-08-11_20_35.tif,SE2_SR_2025-08-08 11_20_35.tif,raster,4102182,local_untracked,False,1,not provided,EPSG:4326,incomplete,not provided
hydra-eo-data-sentinel-2-series-chaparrillo-se2_sr_2025-08-10-11_10_23.tif,SE2_SR_2025-08-10 11_10_23.tif,raster,4152205,local_untracked,False,1,not provided,EPSG:4326,incomplete,not provided
hydra-eo-data-sentinel-2-series-chaparrillo-se2_sr_2025-08-10-11_20_30.tif,SE2_SR_2025-08-10 11_20_30.tif,raster,4146132,local_untracked,False,1,not provided,EPSG:4326,incomplete,not provided
hydra-eo-data-sentinel-2-series-lelystad-se2_sr_2025-08-11-10_46_39.tif,SE2_SR_2025-08-11 10_46_39.tif,raster,3407822,local_untracked,False,1,not provided,EPSG:4326,incomplete,not provided
hydra-eo-data-sentinel-2-series-nl-loobos-se2_sr_2025-08-11-10_46_53.tif,SE2_SR_2025-08-11 10_46_53.tif,raster,4377536,local_untracked,False,1,not provided,EPSG:4326,incomplete,not provided
hydra-eo-data-sentinel-2-seriestiffs_alfalfa_site1-se2_sr_2025-08-12-10_18_41.tif,SE2_SR_2025-08-12 10_18_41.tif,raster,3942145,local_untracked,False,1,not provided,EPSG:4326,incomplete,not provided
hydra-eo-data-sentinel-2-seriestiffs_alfalfa_site2-se2_sr_2025-08-12-10_18_41.tif,SE2_SR_2025-08-12 10_18_41.tif,raster,3939938,local_untracked,False,1,not provided,EPSG:4326,incomplete,not provided
hydra-eo-data-sentinel-2-series-lelystad-se2_sr_2025-08-12-10_56_42.tif,SE2_SR_2025-08-12 10_56_42.tif,raster,3487244,local_untracked,False,1,not provided,EPSG:4326,incomplete,not provided
hydra-eo-data-sentinel-2-series-nl-loobos-se2_sr_2025-08-12-10_56_56.tif,SE2_SR_2025-08-12 10_56_56.tif,raster,4658347,local_untracked,False,1,not provided,EPSG:4326,incomplete,not provided
hydra-eo-data-sentinel-2-seriestiffs_alfalfa_site1-se2_sr_2025-08-13-10_28_43.tif,SE2_SR_2025-08-13 10_28_43.tif,raster,3936268,local_untracked,False,1,not provided,EPSG:4326,incomplete,not provided
hydra-eo-data-sentinel-2-seriestiffs_alfalfa_site2-se2_sr_2025-08-13-10_28_43.tif,SE2_SR_2025-08-13 10_28_43.tif,raster,3894493,local_untracked,False,1,not provided,EPSG:4326,incomplete,not provided
hydra-eo-data-sentinel-2-series-chaparrillo-se2_sr_2025-08-13-11_20_19.tif,SE2_SR_2025-08-13 11_20_19.tif,raster,4129527,local_untracked,False,1,not provided,EPSG:4326,incomplete,not provided
hydra-eo-data-sentinel-2-series-lelystad-se2_sr_2025-08-14-10_46_27.tif,SE2_SR_2025-08-14 10_46_27.tif,raster,3422812,local_untracked,False,1,not provided,EPSG:4326,incomplete,not provided
hydra-eo-data-sentinel-2-series-nl-loobos-se2_sr_2025-08-14-10_46_42.tif,SE2_SR_2025-08-14 10_46_42.tif,raster,4171025,local_untracked,False,1,not provided,EPSG:4326,incomplete,not provided
hydra-eo-data-sentinel-2-series-lelystad-se2_sr_2025-08-14-10_56_35.tif,SE2_SR_2025-08-14 10_56_35.tif,raster,3429174,local_untracked,False,1,not provided,EPSG:4326,incomplete,not provided
hydra-eo-data-sentinel-2-seriestiffs_alfalfa_site1-se2_sr_2025-08-15-10_18_30.tif,SE2_SR_2025-08-15 10_18_30.tif,raster,3937524,local_untracked,False,1,not provided,EPSG:4326,incomplete,not provided
hydra-eo-data-sentinel-2-seriestiffs_alfalfa_site2-se2_sr_2025-08-15-10_18_30.tif,SE2_SR_2025-08-15 10_18_30.tif,raster,3938162,local_untracked,False,1,not provided,EPSG:4326,incomplete,not provided
hydra-eo-data-sentinel-2-seriestiffs_alfalfa_site1-se2_sr_2025-08-15-10_28_37.tif,SE2_SR_2025-08-15 10_28_37.tif,raster,3920524,local_untracked,False,1,not provided,EPSG:4326,incomplete,not provided
hydra-eo-data-sentinel-2-seriestiffs_alfalfa_site2-se2_sr_2025-08-15-10_28_37.tif,SE2_SR_2025-08-15 10_28_37.tif,raster,3903021,local_untracked,False,1,not provided,EPSG:4326,incomplete,not provided
hydra-eo-data-sentinel-2-series-chaparrillo-se2_sr_2025-08-15-11_10_40.tif,SE2_SR_2025-08-15 11_10_40.tif,raster,4166901,local_untracked,False,1,not provided,EPSG:4326,incomplete,not provided
hydra-eo-data-sentinel-2-series-chaparrillo-se2_sr_2025-08-17-11_10_34.tif,SE2_SR_2025-08-17 11_10_34.tif,raster,4176160,local_untracked,False,1,not provided,EPSG:4326,incomplete,not provided
hydra-eo-data-sentinel-2-seriestiffs_alfalfa_site1-se2_sr_2025-08-18-10_28_26.tif,SE2_SR_2025-08-18 10_28_26.tif,raster,4049465,local_untracked,False,1,not provided,EPSG:4326,incomplete,not provided
hydra-eo-data-sentinel-2-seriestiffs_alfalfa_site2-se2_sr_2025-08-18-10_28_26.tif,SE2_SR_2025-08-18 10_28_26.tif,raster,3949970,local_untracked,False,1,not provided,EPSG:4326,incomplete,not provided
hydra-eo-data-sentinel-2-series-lelystad-se2_sr_2025-08-19-10_46_45.tif,SE2_SR_2025-08-19 10_46_45.tif,raster,3417660,local_untracked,False,1,not provided,EPSG:4326,incomplete,not provided
hydra-eo-data-sentinel-2-series-nl-loobos-se2_sr_2025-08-19-10_46_59.tif,SE2_SR_2025-08-19 10_46_59.tif,raster,4412649,local_untracked,False,1,not provided,EPSG:4326,incomplete,not provided
hydra-eo-data-sentinel-2-seriestiffs_alfalfa_site1-se2_sr_2025-08-20-10_18_48.tif,SE2_SR_2025-08-20 10_18_48.tif,raster,4004116,local_untracked,False,1,not provided,EPSG:4326,incomplete,not provided
hydra-eo-data-sentinel-2-seriestiffs_alfalfa_site2-se2_sr_2025-08-20-10_18_48.tif,SE2_SR_2025-08-20 10_18_48.tif,raster,3392359,local_untracked,False,1,not provided,EPSG:4326,incomplete,not provided
hydra-eo-data-sentinel-2-series-chaparrillo-se2_sr_2025-08-20-11_10_23.tif,SE2_SR_2025-08-20 11_10_23.tif,raster,4122060,local_untracked,False,1,not provided,EPSG:4326,incomplete,not provided
hydra-eo-data-sentinel-2-series-chaparrillo-se2_sr_2025-08-20-11_20_30.tif,SE2_SR_2025-08-20 11_20_30.tif,raster,4000988,local_untracked,False,1,not provided,EPSG:4326,incomplete,not provided
hydra-eo-data-sentinel-2-series-lelystad-se2_sr_2025-08-21-10_46_39.tif,SE2_SR_2025-08-21 10_46_39.tif,raster,3479003,local_untracked,False,1,not provided,EPSG:4326,incomplete,not provided
hydra-eo-data-sentinel-2-series-nl-loobos-se2_sr_2025-08-21-10_46_54.tif,SE2_SR_2025-08-21 10_46_54.tif,raster,4452089,local_untracked,False,1,not provided,EPSG:4326,incomplete,not provided
hydra-eo-data-sentinel-2-seriestiffs_alfalfa_site1-se2_sr_2025-08-22-10_18_42.tif,SE2_SR_2025-08-22 10_18_42.tif,raster,4032026,local_untracked,False,1,not provided,EPSG:4326,incomplete,not provided
hydra-eo-data-sentinel-2-seriestiffs_alfalfa_site2-se2_sr_2025-08-22-10_18_42.tif,SE2_SR_2025-08-22 10_18_42.tif,raster,3994460,local_untracked,False,1,not provided,EPSG:4326,incomplete,not provided
hydra-eo-data-sentinel-2-seriestiffs_alfalfa_site1-se2_sr_2025-08-23-10_28_44.tif,SE2_SR_2025-08-23 10_28_44.tif,raster,3964047,local_untracked,False,1,not provided,EPSG:4326,incomplete,not provided
hydra-eo-data-sentinel-2-seriestiffs_alfalfa_site2-se2_sr_2025-08-23-10_28_44.tif,SE2_SR_2025-08-23 10_28_44.tif,raster,4013599,local_untracked,False,1,not provided,EPSG:4326,incomplete,not provided
hydra-eo-data-sentinel-2-series-chaparrillo-se2_sr_2025-08-23-11_20_19.tif,SE2_SR_2025-08-23 11_20_19.tif,raster,4138906,local_untracked,False,1,not provided,EPSG:4326,incomplete,not provided
hydra-eo-data-sentinel-2-series-lelystad-se2_sr_2025-08-24-10_56_37.tif,SE2_SR_2025-08-24 10_56_37.tif,raster,3396229,local_untracked,False,1,not provided,EPSG:4326,incomplete,not provided
hydra-eo-data-sentinel-2-series-nl-loobos-se2_sr_2025-08-24-10_56_51.tif,SE2_SR_2025-08-24 10_56_51.tif,raster,4726588,local_untracked,False,1,not provided,EPSG:4326,incomplete,not provided
hydra-eo-data-sentinel-2-seriestiffs_alfalfa_site1-se2_sr_2025-08-25-10_18_30.tif,SE2_SR_2025-08-25 10_18_30.tif,raster,4032168,local_untracked,False,1,not provided,EPSG:4326,incomplete,not provided
hydra-eo-data-sentinel-2-seriestiffs_alfalfa_site2-se2_sr_2025-08-25-10_18_30.tif,SE2_SR_2025-08-25 10_18_30.tif,raster,3942532,local_untracked,False,1,not provided,EPSG:4326,incomplete,not provided
hydra-eo-data-sentinel-2-seriestiffs_alfalfa_site1-se2_sr_2025-08-25-10_28_38.tif,SE2_SR_2025-08-25 10_28_38.tif,raster,4072452,local_untracked,False,1,not provided,EPSG:4326,incomplete,not provided
hydra-eo-data-sentinel-2-seriestiffs_alfalfa_site2-se2_sr_2025-08-25-10_28_38.tif,SE2_SR_2025-08-25 10_28_38.tif,raster,3946254,local_untracked,False,1,not provided,EPSG:4326,incomplete,not provided
hydra-eo-data-sentinel-2-series-chaparrillo-se2_sr_2025-08-25-11_10_41.tif,SE2_SR_2025-08-25 11_10_41.tif,raster,3816122,local_untracked,False,1,not provided,EPSG:4326,incomplete,not provided
hydra-eo-data-sentinel-2-series-lelystad-se2_sr_2025-08-27-10_56_24.tif,SE2_SR_2025-08-27 10_56_24.tif,raster,3440993,local_untracked,False,1,not provided,EPSG:4326,incomplete,not provided
hydra-eo-data-sentinel-2-series-nl-loobos-se2_sr_2025-08-27-10_56_38.tif,SE2_SR_2025-08-27 10_56_38.tif,raster,4198211,local_untracked,False,1,not provided,EPSG:4326,incomplete,not provided
hydra-eo-data-sentinel-2-series-chaparrillo-se2_sr_2025-08-27-11_10_36.tif,SE2_SR_2025-08-27 11_10_36.tif,raster,4161968,local_untracked,False,1,not provided,EPSG:4326,incomplete,not provided
hydra-eo-data-sentinel-2-seriestiffs_alfalfa_site1-se2_sr_2025-08-28-10_28_25.tif,SE2_SR_2025-08-28 10_28_25.tif,raster,3937009,local_untracked,False,1,not provided,EPSG:4326,incomplete,not provided
hydra-eo-data-sentinel-2-seriestiffs_alfalfa_site2-se2_sr_2025-08-28-10_28_25.tif,SE2_SR_2025-08-28 10_28_25.tif,raster,3994240,local_untracked,False,1,not provided,EPSG:4326,incomplete,not provided
hydra-eo-data-sentinel-2-series-chaparrillo-se2_sr_2025-08-28-11_20_35.tif,SE2_SR_2025-08-28 11_20_35.tif,raster,4191249,local_untracked,False,1,not provided,EPSG:4326,incomplete,not provided
hydra-eo-data-sentinel-2-series-lelystad-se2_sr_2025-08-29-10_46_44.tif,SE2_SR_2025-08-29 10_46_44.tif,raster,3589924,local_untracked,False,1,not provided,EPSG:4326,incomplete,not provided
hydra-eo-data-sentinel-2-series-nl-loobos-se2_sr_2025-08-29-10_46_59.tif,SE2_SR_2025-08-29 10_46_59.tif,raster,4650802,local_untracked,False,1,not provided,EPSG:4326,incomplete,not provided
hydra-eo-data-sentinel-2-seriestiffs_alfalfa_site1-se2_sr_2025-08-30-10_18_47.tif,SE2_SR_2025-08-30 10_18_47.tif,raster,4027831,local_untracked,False,1,not provided,EPSG:4326,incomplete,not provided
hydra-eo-data-sentinel-2-seriestiffs_alfalfa_site2-se2_sr_2025-08-30-10_18_47.tif,SE2_SR_2025-08-30 10_18_47.tif,raster,3982865,local_untracked,False,1,not provided,EPSG:4326,incomplete,not provided
hydra-eo-data-sentinel-2-series-chaparrillo-se2_sr_2025-08-30-11_10_22.tif,SE2_SR_2025-08-30 11_10_22.tif,raster,4191802,local_untracked,False,1,not provided,EPSG:4326,incomplete,not provided
hydra-eo-data-sentinel-2-series-chaparrillo-se2_sr_2025-08-30-11_20_31.tif,SE2_SR_2025-08-30 11_20_31.tif,raster,4187311,local_untracked,False,1,not provided,EPSG:4326,incomplete,not provided
hydra-eo-data-sentinel-2-series-lelystad-se2_sr_2025-08-31-10_46_40.tif,SE2_SR_2025-08-31 10_46_40.tif,raster,3530692,local_untracked,False,1,not provided,EPSG:4326,incomplete,not provided
hydra-eo-data-sentinel-2-seriestiffs_alfalfa_site1-se2_sr_2025-09-01-10_18_42.tif,SE2_SR_2025-09-01 10_18_42.tif,raster,3585535,local_untracked,False,1,not provided,EPSG:4326,incomplete,not provided
hydra-eo-data-sentinel-2-seriestiffs_alfalfa_site2-se2_sr_2025-09-01-10_18_42.tif,SE2_SR_2025-09-01 10_18_42.tif,raster,3866767,local_untracked,False,1,not provided,EPSG:4326,incomplete,not provided
hydra-eo-data-sentinel-2-series-nl-loobos-se2_sr_2025-09-01-10_56_55.tif,SE2_SR_2025-09-01 10_56_55.tif,raster,4526273,local_untracked,False,1,not provided,EPSG:4326,incomplete,not provided
hydra-eo-data-sentinel-2-seriestiffs_alfalfa_site1-se2_sr_2025-09-02-10_28_42.tif,SE2_SR_2025-09-02 10_28_42.tif,raster,3696448,local_untracked,False,1,not provided,EPSG:4326,incomplete,not provided
hydra-eo-data-sentinel-2-seriestiffs_alfalfa_site2-se2_sr_2025-09-02-10_28_42.tif,SE2_SR_2025-09-02 10_28_42.tif,raster,3809694,local_untracked,False,1,not provided,EPSG:4326,incomplete,not provided
hydra-eo-data-sentinel-2-seriestiffs_alfalfa_site1-se2_sr_2025-09-04-10_18_27.tif,SE2_SR_2025-09-04 10_18_27.tif,raster,3950010,local_untracked,False,1,not provided,EPSG:4326,incomplete,not provided
hydra-eo-data-sentinel-2-seriestiffs_alfalfa_site2-se2_sr_2025-09-04-10_18_27.tif,SE2_SR_2025-09-04 10_18_27.tif,raster,3928537,local_untracked,False,1,not provided,EPSG:4326,incomplete,not provided
hydra-eo-data-sentinel-2-seriestiffs_alfalfa_site1-se2_sr_2025-09-04-10_28_38.tif,SE2_SR_2025-09-04 10_28_38.tif,raster,3960387,local_untracked,False,1,not provided,EPSG:4326,incomplete,not provided
hydra-eo-data-sentinel-2-seriestiffs_alfalfa_site2-se2_sr_2025-09-04-10_28_38.tif,SE2_SR_2025-09-04 10_28_38.tif,raster,3839957,local_untracked,False,1,not provided,EPSG:4326,incomplete,not provided
hydra-eo-data-sentinel-2-series-chaparrillo-se2_sr_2025-09-04-11_10_38.tif,SE2_SR_2025-09-04 11_10_38.tif,raster,4190410,local_untracked,False,1,not provided,EPSG:4326,incomplete,not provided
hydra-eo-data-sentinel-2-series-lelystad-se2_sr_2025-09-06-10_56_22.tif,SE2_SR_2025-09-06 10_56_22.tif,raster,3383942,local_untracked,False,1,not provided,EPSG:4326,incomplete,not provided
hydra-eo-data-sentinel-2-series-nl-loobos-se2_sr_2025-09-06-10_56_36.tif,SE2_SR_2025-09-06 10_56_36.tif,raster,4335310,local_untracked,False,1,not provided,EPSG:4326,incomplete,not provided
hydra-eo-data-sentinel-2-series-chaparrillo-se2_sr_2025-09-06-11_10_34.tif,SE2_SR_2025-09-06 11_10_34.tif,raster,4179237,local_untracked,False,1,not provided,EPSG:4326,incomplete,not provided
hydra-eo-data-sentinel-2-seriestiffs_alfalfa_site1-se2_sr_2025-09-07-10_28_23.tif,SE2_SR_2025-09-07 10_28_23.tif,raster,3913684,local_untracked,False,1,not provided,EPSG:4326,incomplete,not provided
hydra-eo-data-sentinel-2-seriestiffs_alfalfa_site2-se2_sr_2025-09-07-10_28_23.tif,SE2_SR_2025-09-07 10_28_23.tif,raster,3621462,local_untracked,False,1,not provided,EPSG:4326,incomplete,not provided
hydra-eo-data-sentinel-2-series-chaparrillo-se2_sr_2025-09-09-11_10_20.tif,SE2_SR_2025-09-09 11_10_20.tif,raster,4070675,local_untracked,False,1,not provided,EPSG:4326,incomplete,not provided
hydra-eo-data-sentinel-2-series-chaparrillo-se2_sr_2025-09-09-11_20_29.tif,SE2_SR_2025-09-09 11_20_29.tif,raster,4192113,local_untracked,False,1,not provided,EPSG:4326,incomplete,not provided
hydra-eo-data-sentinel-2-series-lelystad-se2_sr_2025-09-10-10_46_37.tif,SE2_SR_2025-09-10 10_46_37.tif,raster,3365884,local_untracked,False,1,not provided,EPSG:4326,incomplete,not provided
hydra-eo-data-sentinel-2-series-nl-loobos-se2_sr_2025-09-10-10_46_52.tif,SE2_SR_2025-09-10 10_46_52.tif,raster,4534947,local_untracked,False,1,not provided,EPSG:4326,incomplete,not provided
hydra-eo-data-sentinel-2-seriestiffs_alfalfa_site1-se2_sr_2025-09-11-10_18_40.tif,SE2_SR_2025-09-11 10_18_40.tif,raster,3927859,local_untracked,False,1,not provided,EPSG:4326,incomplete,not provided
hydra-eo-data-sentinel-2-seriestiffs_alfalfa_site2-se2_sr_2025-09-11-10_18_40.tif,SE2_SR_2025-09-11 10_18_40.tif,raster,3909055,local_untracked,False,1,not provided,EPSG:4326,incomplete,not provided
hydra-eo-data-sentinel-2-series-lelystad-se2_sr_2025-09-11-10_56_36.tif,SE2_SR_2025-09-11 10_56_36.tif,raster,3281096,local_untracked,False,1,not provided,EPSG:4326,incomplete,not provided
hydra-eo-data-sentinel-2-series-nl-loobos-se2_sr_2025-09-11-10_56_51.tif,SE2_SR_2025-09-11 10_56_51.tif,raster,4433715,local_untracked,False,1,not provided,EPSG:4326,incomplete,not provided
hydra-eo-data-sentinel-2-seriestiffs_alfalfa_site1-se2_sr_2025-09-12-10_28_38.tif,SE2_SR_2025-09-12 10_28_38.tif,raster,3922588,local_untracked,False,1,not provided,EPSG:4326,incomplete,not provided
hydra-eo-data-sentinel-2-seriestiffs_alfalfa_site2-se2_sr_2025-09-12-10_28_38.tif,SE2_SR_2025-09-12 10_28_38.tif,raster,3887381,local_untracked,False,1,not provided,EPSG:4326,incomplete,not provided
hydra-eo-data-sentinel-2-series-chaparrillo-se2_sr_2025-09-12-11_20_15.tif,SE2_SR_2025-09-12 11_20_15.tif,raster,4173557,local_untracked,False,1,not provided,EPSG:4326,incomplete,not provided
hydra-eo-data-sentinel-2-series-lelystad-se2_sr_2025-09-13-10_46_24.tif,SE2_SR_2025-09-13 10_46_24.tif,raster,3470773,local_untracked,False,1,not provided,EPSG:4326,incomplete,not provided
hydra-eo-data-sentinel-2-series-nl-loobos-se2_sr_2025-09-13-10_46_38.tif,SE2_SR_2025-09-13 10_46_38.tif,raster,4599613,local_untracked,False,1,not provided,EPSG:4326,incomplete,not provided
hydra-eo-data-sentinel-2-series-lelystad-se2_sr_2025-09-13-10_56_35.tif,SE2_SR_2025-09-13 10_56_35.tif,raster,3497699,local_untracked,False,1,not provided,EPSG:4326,incomplete,not provided
hydra-eo-data-sentinel-2-seriestiffs_alfalfa_site1-se2_sr_2025-09-14-10_28_37.tif,SE2_SR_2025-09-14 10_28_37.tif,raster,3647438,local_untracked,False,1,not provided,EPSG:4326,incomplete,not provided
hydra-eo-data-sentinel-2-seriestiffs_alfalfa_site2-se2_sr_2025-09-14-10_28_37.tif,SE2_SR_2025-09-14 10_28_37.tif,raster,3584205,local_untracked,False,1,not provided,EPSG:4326,incomplete,not provided
hydra-eo-data-sentinel-2-series-chaparrillo-se2_sr_2025-09-14-11_10_35.tif,SE2_SR_2025-09-14 11_10_35.tif,raster,4186998,local_untracked,False,1,not provided,EPSG:4326,incomplete,not provided
hydra-eo-data-sentinel-2-series-chaparrillo-se2_sr_2025-09-16-11_10_35.tif,SE2_SR_2025-09-16 11_10_35.tif,raster,4176064,local_untracked,False,1,not provided,EPSG:4326,incomplete,not provided
hydra-eo-data-sentinel-2-seriestiffs_alfalfa_site1-se2_sr_2025-09-17-10_28_22.tif,SE2_SR_2025-09-17 10_28_22.tif,raster,3931789,local_untracked,False,1,not provided,EPSG:4326,incomplete,not provided
hydra-eo-data-sentinel-2-seriestiffs_alfalfa_site2-se2_sr_2025-09-17-10_28_22.tif,SE2_SR_2025-09-17 10_28_22.tif,raster,3765153,local_untracked,False,1,not provided,EPSG:4326,incomplete,not provided
hydra-eo-data-sentinel-2-series-chaparrillo-se2_sr_2025-09-17-11_20_29.tif,SE2_SR_2025-09-17 11_20_29.tif,raster,4178882,local_untracked,False,1,not provided,EPSG:4326,incomplete,not provided
hydra-eo-data-sentinel-2-seriestiffs_alfalfa_site1-se2_sr_2025-09-19-10_18_41.tif,SE2_SR_2025-09-19 10_18_41.tif,raster,3935885,local_untracked,False,1,not provided,EPSG:4326,incomplete,not provided
hydra-eo-data-sentinel-2-seriestiffs_alfalfa_site2-se2_sr_2025-09-19-10_18_41.tif,SE2_SR_2025-09-19 10_18_41.tif,raster,3903829,local_untracked,False,1,not provided,EPSG:4326,incomplete,not provided
hydra-eo-data-sentinel-2-series-chaparrillo-se2_sr_2025-09-19-11_10_19.tif,SE2_SR_2025-09-19 11_10_19.tif,raster,4025713,local_untracked,False,1,not provided,EPSG:4326,incomplete,not provided
hydra-eo-data-sentinel-2-series-chaparrillo-se2_sr_2025-09-19-11_20_31.tif,SE2_SR_2025-09-19 11_20_31.tif,raster,3999972,local_untracked,False,1,not provided,EPSG:4326,incomplete,not provided
hydra-eo-data-sentinel-2-seriestiffs_alfalfa_site1-se2_sr_2025-09-21-10_18_43.tif,SE2_SR_2025-09-21 10_18_43.tif,raster,3968804,local_untracked,False,1,not provided,EPSG:4326,incomplete,not provided
hydra-eo-data-sentinel-2-seriestiffs_alfalfa_site2-se2_sr_2025-09-21-10_18_43.tif,SE2_SR_2025-09-21 10_18_43.tif,raster,3889941,local_untracked,False,1,not provided,EPSG:4326,incomplete,not provided
hydra-eo-data-sentinel-2-series-chaparrillo-se2_sr_2025-09-22-11_20_15.tif,SE2_SR_2025-09-22 11_20_15.tif,raster,4174688,local_untracked,False,1,not provided,EPSG:4326,incomplete,not provided
hydra-eo-data-sentinel-2-series-lelystad-se2_sr_2025-09-23-10_46_24.tif,SE2_SR_2025-09-23 10_46_24.tif,raster,3257030,local_untracked,False,1,not provided,EPSG:4326,incomplete,not provided
hydra-eo-data-sentinel-2-series-lelystad-se2_sr_2025-09-23-10_56_38.tif,SE2_SR_2025-09-23 10_56_38.tif,raster,3442464,local_untracked,False,1,not provided,EPSG:4326,incomplete,not provided
hydra-eo-data-sentinel-2-seriestiffs_alfalfa_site1-se2_sr_2025-09-24-10_18_27.tif,SE2_SR_2025-09-24 10_18_27.tif,raster,3994905,local_untracked,False,1,not provided,EPSG:4326,incomplete,not provided
hydra-eo-data-sentinel-2-seriestiffs_alfalfa_site2-se2_sr_2025-09-24-10_18_27.tif,SE2_SR_2025-09-24 10_18_27.tif,raster,3902004,local_untracked,False,1,not provided,EPSG:4326,incomplete,not provided
hydra-eo-data-sentinel-2-seriestiffs_alfalfa_site1-se2_sr_2025-09-24-10_28_39.tif,SE2_SR_2025-09-24 10_28_39.tif,raster,3979462,local_untracked,False,1,not provided,EPSG:4326,incomplete,not provided
hydra-eo-data-sentinel-2-seriestiffs_alfalfa_site2-se2_sr_2025-09-24-10_28_39.tif,SE2_SR_2025-09-24 10_28_39.tif,raster,3884943,local_untracked,False,1,not provided,EPSG:4326,incomplete,not provided
hydra-eo-data-sentinel-2-series-chaparrillo-se2_sr_2025-09-24-11_10_40.tif,SE2_SR_2025-09-24 11_10_40.tif,raster,3742582,local_untracked,False,1,not provided,EPSG:4326,incomplete,not provided
hydra-eo-data-sentinel-2-series-lelystad-se2_sr_2025-09-26-10_56_22.tif,SE2_SR_2025-09-26 10_56_22.tif,raster,3155920,local_untracked,False,1,not provided,EPSG:4326,incomplete,not provided
hydra-eo-data-sentinel-2-series-lelystad-se2_sr_2025-09-28-10_46_41.tif,SE2_SR_2025-09-28 10_46_41.tif,raster,3402042,local_untracked,False,1,not provided,EPSG:4326,incomplete,not provided
hydra-eo-data-sentinel-2-seriestiffs_alfalfa_site1-se2_sr_2025-09-29-10_18_44.tif,SE2_SR_2025-09-29 10_18_44.tif,raster,3963915,local_untracked,False,1,not provided,EPSG:4326,incomplete,not provided
hydra-eo-data-sentinel-2-seriestiffs_alfalfa_site2-se2_sr_2025-09-29-10_18_44.tif,SE2_SR_2025-09-29 10_18_44.tif,raster,3914300,local_untracked,False,1,not provided,EPSG:4326,incomplete,not provided
hydra-eo-data-sentinel-2-series-chaparrillo-se2_sr_2025-09-29-11_20_32.tif,SE2_SR_2025-09-29 11_20_32.tif,raster,3891896,local_untracked,False,1,not provided,EPSG:4326,incomplete,not provided
hydra-eo-data-sentinel-2-series-lelystad-se2_sr_2025-09-30-10_46_41.tif,SE2_SR_2025-09-30 10_46_41.tif,raster,3379403,local_untracked,False,1,not provided,EPSG:4326,incomplete,not provided
hydra-eo-data-sentinel-2-seriestiffs_alfalfa_site1-se2_sr_2025-10-01-10_18_44.tif,SE2_SR_2025-10-01 10_18_44.tif,raster,3948716,local_untracked,False,1,not provided,EPSG:4326,incomplete,not provided
hydra-eo-data-sentinel-2-seriestiffs_alfalfa_site2-se2_sr_2025-10-01-10_18_44.tif,SE2_SR_2025-10-01 10_18_44.tif,raster,3709198,local_untracked,False,1,not provided,EPSG:4326,incomplete,not provided
hydra-eo-data-sentinel-2-series-lelystad-se2_sr_2025-10-01-10_56_38.tif,SE2_SR_2025-10-01 10_56_38.tif,raster,3407197,local_untracked,False,1,not provided,EPSG:4326,incomplete,not provided
hydra-eo-data-sentinel-2-seriestiffs_alfalfa_site1-se2_sr_2025-10-02-10_28_39.tif,SE2_SR_2025-10-02 10_28_39.tif,raster,3992565,local_untracked,False,1,not provided,EPSG:4326,incomplete,not provided
hydra-eo-data-sentinel-2-seriestiffs_alfalfa_site2-se2_sr_2025-10-02-10_28_39.tif,SE2_SR_2025-10-02 10_28_39.tif,raster,3998224,local_untracked,False,1,not provided,EPSG:4326,incomplete,not provided
hydra-eo-data-sentinel-2-series-chaparrillo-se2_sr_2025-10-02-11_20_17.tif,SE2_SR_2025-10-02 11_20_17.tif,raster,4134298,local_untracked,False,1,not provided,EPSG:4326,incomplete,not provided
hydra-eo-data-sentinel-2-seriestiffs_alfalfa_site1-se2_sr_2025-10-04-10_18_28.tif,SE2_SR_2025-10-04 10_18_28.tif,raster,3777914,local_untracked,False,1,not provided,EPSG:4326,incomplete,not provided
hydra-eo-data-sentinel-2-seriestiffs_alfalfa_site2-se2_sr_2025-10-04-10_18_28.tif,SE2_SR_2025-10-04 10_18_28.tif,raster,3899181,local_untracked,False,1,not provided,EPSG:4326,incomplete,not provided
hydra-eo-data-sentinel-2-seriestiffs_alfalfa_site1-se2_sr_2025-10-04-10_28_40.tif,SE2_SR_2025-10-04 10_28_40.tif,raster,3823945,local_untracked,False,1,not provided,EPSG:4326,incomplete,not provided
hydra-eo-data-sentinel-2-seriestiffs_alfalfa_site2-se2_sr_2025-10-04-10_28_40.tif,SE2_SR_2025-10-04 10_28_40.tif,raster,3799544,local_untracked,False,1,not provided,EPSG:4326,incomplete,not provided
hydra-eo-data-sentinel-2-series-chaparrillo-se2_sr_2025-10-04-11_10_36.tif,SE2_SR_2025-10-04 11_10_36.tif,raster,3923294,local_untracked,False,1,not provided,EPSG:4326,incomplete,not provided
hydra-eo-data-sentinel-2-series-chaparrillo-se2_sr_2025-10-06-11_10_37.tif,SE2_SR_2025-10-06 11_10_37.tif,raster,4144877,local_untracked,False,1,not provided,EPSG:4326,incomplete,not provided
hydra-eo-data-sentinel-2-seriestiffs_alfalfa_site1-se2_sr_2025-10-07-10_28_23.tif,SE2_SR_2025-10-07 10_28_23.tif,raster,3905883,local_untracked,False,1,not provided,EPSG:4326,incomplete,not provided
hydra-eo-data-sentinel-2-seriestiffs_alfalfa_site2-se2_sr_2025-10-07-10_28_23.tif,SE2_SR_2025-10-07 10_28_23.tif,raster,3871386,local_untracked,False,1,not provided,EPSG:4326,incomplete,not provided
hydra-eo-data-sentinel-2-series-chaparrillo-se2_sr_2025-10-07-11_20_31.tif,SE2_SR_2025-10-07 11_20_31.tif,raster,4133934,local_untracked,False,1,not provided,EPSG:4326,incomplete,not provided
hydra-eo-data-sentinel-2-seriestiffs_alfalfa_site1-se2_sr_2025-10-09-10_18_42.tif,SE2_SR_2025-10-09 10_18_42.tif,raster,3829151,local_untracked,False,1,not provided,EPSG:4326,incomplete,not provided
hydra-eo-data-sentinel-2-seriestiffs_alfalfa_site2-se2_sr_2025-10-09-10_18_42.tif,SE2_SR_2025-10-09 10_18_42.tif,raster,3924030,local_untracked,False,1,not provided,EPSG:4326,incomplete,not provided
hydra-eo-data-sentinel-2-series-chaparrillo-se2_sr_2025-10-09-11_10_19.tif,SE2_SR_2025-10-09 11_10_19.tif,raster,4120714,local_untracked,False,1,not provided,EPSG:4326,incomplete,not provided
hydra-eo-data-sentinel-2-series-chaparrillo-se2_sr_2025-10-09-11_20_32.tif,SE2_SR_2025-10-09 11_20_32.tif,raster,4122289,local_untracked,False,1,not provided,EPSG:4326,incomplete,not provided
hydra-eo-data-sentinel-2-series-lelystad-se2_sr_2025-10-10-10_46_40.tif,SE2_SR_2025-10-10 10_46_40.tif,raster,3328183,local_untracked,False,1,not provided,EPSG:4326,incomplete,not provided
hydra-eo-data-sentinel-2-seriestiffs_alfalfa_site1-se2_sr_2025-10-11-10_18_43.tif,SE2_SR_2025-10-11 10_18_43.tif,raster,3856382,local_untracked,False,1,not provided,EPSG:4326,incomplete,not provided
hydra-eo-data-sentinel-2-seriestiffs_alfalfa_site2-se2_sr_2025-10-11-10_18_43.tif,SE2_SR_2025-10-11 10_18_43.tif,raster,3808146,local_untracked,False,1,not provided,EPSG:4326,incomplete,not provided
hydra-eo-data-sentinel-2-seriestiffs_alfalfa_site1-se2_sr_2025-10-12-10_28_36.tif,SE2_SR_2025-10-12 10_28_36.tif,raster,3743513,local_untracked,False,1,not provided,EPSG:4326,incomplete,not provided
hydra-eo-data-sentinel-2-seriestiffs_alfalfa_site2-se2_sr_2025-10-12-10_28_36.tif,SE2_SR_2025-10-12 10_28_36.tif,raster,3858517,local_untracked,False,1,not provided,EPSG:4326,incomplete,not provided
hydra-eo-data-sentinel-2-series-chaparrillo-se2_sr_2025-10-12-11_20_15.tif,SE2_SR_2025-10-12 11_20_15.tif,raster,4100704,local_untracked,False,1,not provided,EPSG:4326,incomplete,not provided
hydra-eo-data-sentinel-2-series-lelystad-se2_sr_2025-10-13-10_46_24.tif,SE2_SR_2025-10-13 10_46_24.tif,raster,3198752,local_untracked,False,1,not provided,EPSG:4326,incomplete,not provided
hydra-eo-data-sentinel-2-series-lelystad-se2_sr_2025-10-13-10_56_39.tif,SE2_SR_2025-10-13 10_56_39.tif,raster,3321282,local_untracked,False,1,not provided,EPSG:4326,incomplete,not provided
hydra-eo-data-sentinel-2-seriestiffs_alfalfa_site1-se2_sr_2025-10-14-10_18_27.tif,SE2_SR_2025-10-14 10_18_27.tif,raster,3934722,local_untracked,False,1,not provided,EPSG:4326,incomplete,not provided
hydra-eo-data-sentinel-2-seriestiffs_alfalfa_site2-se2_sr_2025-10-14-10_18_27.tif,SE2_SR_2025-10-14 10_18_27.tif,raster,3881177,local_untracked,False,1,not provided,EPSG:4326,incomplete,not provided
hydra-eo-data-sentinel-2-seriestiffs_alfalfa_site1-se2_sr_2025-10-14-10_28_38.tif,SE2_SR_2025-10-14 10_28_38.tif,raster,3925833,local_untracked,False,1,not provided,EPSG:4326,incomplete,not provided
hydra-eo-data-sentinel-2-seriestiffs_alfalfa_site2-se2_sr_2025-10-14-10_28_38.tif,SE2_SR_2025-10-14 10_28_38.tif,raster,3877837,local_untracked,False,1,not provided,EPSG:4326,incomplete,not provided
hydra-eo-data-sentinel-2-series-chaparrillo-se2_sr_2025-10-14-11_10_33.tif,SE2_SR_2025-10-14 11_10_33.tif,raster,4133252,local_untracked,False,1,not provided,EPSG:4326,incomplete,not provided
hydra-eo-data-sentinel-2-seriestiffs_alfalfa_site1-se2_sr_2025-10-17-10_28_24.tif,SE2_SR_2025-10-17 10_28_24.tif,raster,3911676,local_untracked,False,1,not provided,EPSG:4326,incomplete,not provided
hydra-eo-data-sentinel-2-seriestiffs_alfalfa_site2-se2_sr_2025-10-17-10_28_24.tif,SE2_SR_2025-10-17 10_28_24.tif,raster,3884695,local_untracked,False,1,not provided,EPSG:4326,incomplete,not provided
hydra-eo-data-sentinel-2-series-chaparrillo-se2_sr_2025-10-17-11_20_27.tif,SE2_SR_2025-10-17 11_20_27.tif,raster,4091412,local_untracked,False,1,not provided,EPSG:4326,incomplete,not provided
hydra-eo-data-sentinel-2-series-lelystad-se2_sr_2025-10-18-10_46_36.tif,SE2_SR_2025-10-18 10_46_36.tif,raster,3326890,local_untracked,False,1,not provided,EPSG:4326,incomplete,not provided
hydra-eo-data-sentinel-2-series-chaparrillo-se2_sr_2025-10-19-11_10_21.tif,SE2_SR_2025-10-19 11_10_21.tif,raster,3621009,local_untracked,False,1,not provided,EPSG:4326,incomplete,not provided
hydra-eo-data-sentinel-2-series-chaparrillo-se2_sr_2025-10-19-11_20_31.tif,SE2_SR_2025-10-19 11_20_31.tif,raster,3821091,local_untracked,False,1,not provided,EPSG:4326,incomplete,not provided
hydra-eo-data-sentinel-2-series-chaparrillo-se2_sr_2025-10-22-11_20_16.tif,SE2_SR_2025-10-22 11_20_16.tif,raster,4125532,local_untracked,False,1,not provided,EPSG:4326,incomplete,not provided
hydra-eo-data-sentinel-2-series-lelystad-se2_sr_2025-10-23-10_46_25.tif,SE2_SR_2025-10-23 10_46_25.tif,raster,3417716,local_untracked,False,1,not provided,EPSG:4326,incomplete,not provided
hydra-eo-data-sentinel-2-series-lelystad-se2_sr_2025-10-23-10_56_38.tif,SE2_SR_2025-10-23 10_56_38.tif,raster,3203407,local_untracked,False,1,not provided,EPSG:4326,incomplete,not provided
hydra-eo-data-sentinel-2-seriestiffs_alfalfa_site1-se2_sr_2025-10-24-10_18_28.tif,SE2_SR_2025-10-24 10_18_28.tif,raster,3858076,local_untracked,False,1,not provided,EPSG:4326,incomplete,not provided
hydra-eo-data-sentinel-2-seriestiffs_alfalfa_site2-se2_sr_2025-10-24-10_18_28.tif,SE2_SR_2025-10-24 10_18_28.tif,raster,3867632,local_untracked,False,1,not provided,EPSG:4326,incomplete,not provided
hydra-eo-data-sentinel-2-seriestiffs_alfalfa_site1-se2_sr_2025-10-24-10_28_40.tif,SE2_SR_2025-10-24 10_28_40.tif,raster,3842572,local_untracked,False,1,not provided,EPSG:4326,incomplete,not provided
hydra-eo-data-sentinel-2-seriestiffs_alfalfa_site2-se2_sr_2025-10-24-10_28_40.tif,SE2_SR_2025-10-24 10_28_40.tif,raster,3834771,local_untracked,False,1,not provided,EPSG:4326,incomplete,not provided
hydra-eo-data-sentinel-2-series-chaparrillo-se2_sr_2025-10-24-11_10_34.tif,SE2_SR_2025-10-24 11_10_34.tif,raster,4252322,local_untracked,False,1,not provided,EPSG:4326,incomplete,not provided
hydra-eo-data-sentinel-2-series-lelystad-se2_sr_2025-10-26-10_56_22.tif,SE2_SR_2025-10-26 10_56_22.tif,raster,3394435,local_untracked,False,1,not provided,EPSG:4326,incomplete,not provided
hydra-eo-data-sentinel-2-series-chaparrillo-se2_sr_2025-10-27-11_20_29.tif,SE2_SR_2025-10-27 11_20_29.tif,raster,4120784,local_untracked,False,1,not provided,EPSG:4326,incomplete,not provided
hydra-eo-data-sentinel-2-series-lelystad-se2_sr_2025-10-28-10_46_38.tif,SE2_SR_2025-10-28 10_46_38.tif,raster,3212402,local_untracked,False,1,not provided,EPSG:4326,incomplete,not provided
hydra-eo-data-sentinel-2-seriestiffs_alfalfa_site1-se2_sr_2025-10-29-10_18_41.tif,SE2_SR_2025-10-29 10_18_41.tif,raster,3887668,local_untracked,False,1,not provided,EPSG:4326,incomplete,not provided
hydra-eo-data-sentinel-2-seriestiffs_alfalfa_site2-se2_sr_2025-10-29-10_18_41.tif,SE2_SR_2025-10-29 10_18_41.tif,raster,3883220,local_untracked,False,1,not provided,EPSG:4326,incomplete,not provided
hydra-eo-data-sentinel-2-series-lelystad-se2_sr_2025-10-30-10_46_42.tif,SE2_SR_2025-10-30 10_46_42.tif,raster,3445958,local_untracked,False,1,not provided,EPSG:4326,incomplete,not provided
hydra-eo-data-sentinel-2-series-chaparrillo-se2_sr_2025-11-01-11_20_14.tif,SE2_SR_2025-11-01 11_20_14.tif,raster,3836223,local_untracked,False,1,not provided,EPSG:4326,incomplete,not provided
hydra-eo-data-sentinel-2-series-lelystad-se2_sr_2025-11-02-10_46_22.tif,SE2_SR_2025-11-02 10_46_22.tif,raster,3032210,local_untracked,False,1,not provided,EPSG:4326,incomplete,not provided
hydra-eo-data-sentinel-2-series-lelystad-se2_sr_2025-11-02-10_56_39.tif,SE2_SR_2025-11-02 10_56_39.tif,raster,3100432,local_untracked,False,1,not provided,EPSG:4326,incomplete,not provided
hydra-eo-data-sentinel-2-seriestiffs_alfalfa_site1-se2_sr_2025-11-03-10_28_40.tif,SE2_SR_2025-11-03 10_28_40.tif,raster,3817404,local_untracked,False,1,not provided,EPSG:4326,incomplete,not provided
hydra-eo-data-sentinel-2-seriestiffs_alfalfa_site2-se2_sr_2025-11-03-10_28_40.tif,SE2_SR_2025-11-03 10_28_40.tif,raster,3802078,local_untracked,False,1,not provided,EPSG:4326,incomplete,not provided
hydra-eo-data-sentinel-2-series-chaparrillo-se2_sr_2025-11-03-11_10_34.tif,SE2_SR_2025-11-03 11_10_34.tif,raster,4086149,local_untracked,False,1,not provided,EPSG:4326,incomplete,not provided
hydra-eo-data-sentinel-2-series-lelystad-se2_sr_2025-11-05-10_56_18.tif,SE2_SR_2025-11-05 10_56_18.tif,raster,3061399,local_untracked,False,1,not provided,EPSG:4326,incomplete,not provided
hydra-eo-data-sentinel-2-seriestiffs_alfalfa_site1-se2_sr_2025-11-06-10_28_19.tif,SE2_SR_2025-11-06 10_28_19.tif,raster,3802218,local_untracked,False,1,not provided,EPSG:4326,incomplete,not provided
hydra-eo-data-sentinel-2-seriestiffs_alfalfa_site2-se2_sr_2025-11-06-10_28_19.tif,SE2_SR_2025-11-06 10_28_19.tif,raster,3775258,local_untracked,False,1,not provided,EPSG:4326,incomplete,not provided
hydra-eo-data-sentinel-2-series-chaparrillo-se2_sr_2025-11-06-11_20_28.tif,SE2_SR_2025-11-06 11_20_28.tif,raster,4101220,local_untracked,False,1,not provided,EPSG:4326,incomplete,not provided
hydra-eo-data-sentinel-2-series-lelystad-se2_sr_2025-11-07-10_46_37.tif,SE2_SR_2025-11-07 10_46_37.tif,raster,3162160,local_untracked,False,1,not provided,EPSG:4326,incomplete,not provided
hydra-eo-data-sentinel-2-seriestiffs_alfalfa_site1-se2_sr_2025-11-08-10_18_40.tif,SE2_SR_2025-11-08 10_18_40.tif,raster,3811868,local_untracked,False,1,not provided,EPSG:4326,incomplete,not provided
hydra-eo-data-sentinel-2-seriestiffs_alfalfa_site2-se2_sr_2025-11-08-10_18_40.tif,SE2_SR_2025-11-08 10_18_40.tif,raster,3801292,local_untracked,False,1,not provided,EPSG:4326,incomplete,not provided
hydra-eo-data-sentinel-2-series-chaparrillo-se2_sr_2025-11-08-11_10_17.tif,SE2_SR_2025-11-08 11_10_17.tif,raster,3650024,local_untracked,False,1,not provided,EPSG:4326,incomplete,not provided
hydra-eo-data-sentinel-2-series-chaparrillo-se2_sr_2025-11-08-11_20_32.tif,SE2_SR_2025-11-08 11_20_32.tif,raster,3915563,local_untracked,False,1,not provided,EPSG:4326,incomplete,not provided
hydra-eo-data-sentinel-2-series-lelystad-se2_sr_2025-11-09-10_46_40.tif,SE2_SR_2025-11-09 10_46_40.tif,raster,3315309,local_untracked,False,1,not provided,EPSG:4326,incomplete,not provided
hydra-eo-data-sentinel-2-seriestiffs_alfalfa_site1-se2_sr_2025-11-10-10_18_43.tif,SE2_SR_2025-11-10 10_18_43.tif,raster,3820452,local_untracked,False,1,not provided,EPSG:4326,incomplete,not provided
hydra-eo-data-sentinel-2-seriestiffs_alfalfa_site2-se2_sr_2025-11-10-10_18_43.tif,SE2_SR_2025-11-10 10_18_43.tif,raster,3852928,local_untracked,False,1,not provided,EPSG:4326,incomplete,not provided
hydra-eo-data-sentinel-2-seriestiffs_alfalfa_site1-se2_sr_2025-11-11-10_28_34.tif,SE2_SR_2025-11-11 10_28_34.tif,raster,3809315,local_untracked,False,1,not provided,EPSG:4326,incomplete,not provided
hydra-eo-data-sentinel-2-seriestiffs_alfalfa_site2-se2_sr_2025-11-11-10_28_34.tif,SE2_SR_2025-11-11 10_28_34.tif,raster,3849495,local_untracked,False,1,not provided,EPSG:4326,incomplete,not provided
hydra-eo-data-sentinel-2-series-chaparrillo-se2_sr_2025-11-11-11_20_13.tif,SE2_SR_2025-11-11 11_20_13.tif,raster,3953262,local_untracked,False,1,not provided,EPSG:4326,incomplete,not provided
hydra-eo-data-sentinel-2-seriestiffs_alfalfa_site1-se2_sr_2025-11-13-10_18_24.tif,SE2_SR_2025-11-13 10_18_24.tif,raster,3888518,local_untracked,False,1,not provided,EPSG:4326,incomplete,not provided
hydra-eo-data-sentinel-2-seriestiffs_alfalfa_site2-se2_sr_2025-11-13-10_18_24.tif,SE2_SR_2025-11-13 10_18_24.tif,raster,3810653,local_untracked,False,1,not provided,EPSG:4326,incomplete,not provided
hydra-eo-data-sentinel-2-seriestiffs_alfalfa_site1-se2_sr_2025-11-13-10_28_38.tif,SE2_SR_2025-11-13 10_28_38.tif,raster,3971788,local_untracked,False,1,not provided,EPSG:4326,incomplete,not provided
hydra-eo-data-sentinel-2-seriestiffs_alfalfa_site2-se2_sr_2025-11-13-10_28_38.tif,SE2_SR_2025-11-13 10_28_38.tif,raster,3788422,local_untracked,False,1,not provided,EPSG:4326,incomplete,not provided
hydra-eo-data-sentinel-2-series-chaparrillo-se2_sr_2025-11-16-11_20_26.tif,SE2_SR_2025-11-16 11_20_26.tif,raster,3893633,local_untracked,False,1,not provided,EPSG:4326,incomplete,not provided
hydra-eo-data-sentinel-2-series-chaparrillo-se2_sr_2025-11-18-11_10_17.tif,SE2_SR_2025-11-18 11_10_17.tif,raster,4030695,local_untracked,False,1,not provided,EPSG:4326,incomplete,not provided
hydra-eo-data-sentinel-2-series-chaparrillo-se2_sr_2025-11-18-11_20_33.tif,SE2_SR_2025-11-18 11_20_33.tif,raster,4026325,local_untracked,False,1,not provided,EPSG:4326,incomplete,not provided
hydra-eo-data-sentinel-2-series-lelystad-se2_sr_2025-11-20-10_56_33.tif,SE2_SR_2025-11-20 10_56_33.tif,raster,3027026,local_untracked,False,1,not provided,EPSG:4326,incomplete,not provided
hydra-eo-data-sentinel-2-series-chaparrillo-se2_sr_2025-11-21-11_20_11.tif,SE2_SR_2025-11-21 11_20_11.tif,raster,4056252,local_untracked,False,1,not provided,EPSG:4326,incomplete,not provided
hydra-eo-data-sentinel-2-seriestiffs_alfalfa_site1-se2_sr_2025-11-23-10_18_22.tif,SE2_SR_2025-11-23 10_18_22.tif,raster,3794478,local_untracked,False,1,not provided,EPSG:4326,incomplete,not provided
hydra-eo-data-sentinel-2-seriestiffs_alfalfa_site2-se2_sr_2025-11-23-10_18_22.tif,SE2_SR_2025-11-23 10_18_22.tif,raster,3782734,local_untracked,False,1,not provided,EPSG:4326,incomplete,not provided
hydra-eo-data-sentinel-2-seriestiffs_alfalfa_site1-se2_sr_2025-11-23-10_28_41.tif,SE2_SR_2025-11-23 10_28_41.tif,raster,3787311,local_untracked,False,1,not provided,EPSG:4326,incomplete,not provided
hydra-eo-data-sentinel-2-seriestiffs_alfalfa_site2-se2_sr_2025-11-23-10_28_41.tif,SE2_SR_2025-11-23 10_28_41.tif,raster,3789711,local_untracked,False,1,not provided,EPSG:4326,incomplete,not provided
hydra-eo-data-sentinel-2-series-lelystad-se2_sr_2025-11-25-10_56_16.tif,SE2_SR_2025-11-25 10_56_16.tif,raster,3207002,local_untracked,False,1,not provided,EPSG:4326,incomplete,not provided
hydra-eo-data-sentinel-2-series-chaparrillo-se2_sr_2025-11-25-11_10_38.tif,SE2_SR_2025-11-25 11_10_38.tif,raster,4023880,local_untracked,False,1,not provided,EPSG:4326,incomplete,not provided
hydra-eo-data-sentinel-2-seriestiffs_alfalfa_site1-se2_sr_2025-11-26-10_28_17.tif,SE2_SR_2025-11-26 10_28_17.tif,raster,3799760,local_untracked,False,1,not provided,EPSG:4326,incomplete,not provided
hydra-eo-data-sentinel-2-seriestiffs_alfalfa_site2-se2_sr_2025-11-26-10_28_17.tif,SE2_SR_2025-11-26 10_28_17.tif,raster,3644917,local_untracked,False,1,not provided,EPSG:4326,incomplete,not provided
hydra-eo-data-sentinel-2-series-chaparrillo-se2_sr_2025-11-26-11_20_26.tif,SE2_SR_2025-11-26 11_20_26.tif,raster,4054067,local_untracked,False,1,not provided,EPSG:4326,incomplete,not provided
hydra-eo-data-sentinel-2-seriestiffs_alfalfa_site1-se2_sr_2025-11-28-10_18_37.tif,SE2_SR_2025-11-28 10_18_37.tif,raster,3825299,local_untracked,False,1,not provided,EPSG:4326,incomplete,not provided
hydra-eo-data-sentinel-2-seriestiffs_alfalfa_site2-se2_sr_2025-11-28-10_18_37.tif,SE2_SR_2025-11-28 10_18_37.tif,raster,3832508,local_untracked,False,1,not provided,EPSG:4326,incomplete,not provided
hydra-eo-data-sentinel-2-series-chaparrillo-se2_sr_2025-11-28-11_10_14.tif,SE2_SR_2025-11-28 11_10_14.tif,raster,4085007,local_untracked,False,1,not provided,EPSG:4326,incomplete,not provided
hydra-eo-data-sentinel-2-series-chaparrillo-se2_sr_2025-11-28-11_20_34.tif,SE2_SR_2025-11-28 11_20_34.tif,raster,4066677,local_untracked,False,1,not provided,EPSG:4326,incomplete,not provided
hydra-eo-data-sentinel-2-series-lelystad-se2_sr_2025-11-30-10_56_31.tif,SE2_SR_2025-11-30 10_56_31.tif,raster,2952178,local_untracked,False,1,not provided,EPSG:4326,incomplete,not provided
hydra-eo-data-sentinel-2-series-chaparrillo-se2_sr_2025-12-01-11_20_11.tif,SE2_SR_2025-12-01 11_20_11.tif,raster,3842095,local_untracked,False,1,not provided,EPSG:4326,incomplete,not provided
hydra-eo-data-sentinel-2-series-chaparrillo-se2_sr_2025-12-03-11_10_29.tif,SE2_SR_2025-12-03 11_10_29.tif,raster,4048484,local_untracked,False,1,not provided,EPSG:4326,incomplete,not provided
hydra-eo-data-sentinel-2-seriestiffs_alfalfa_site1-se2_sr_2025-12-06-10_28_21.tif,SE2_SR_2025-12-06 10_28_21.tif,raster,3755375,local_untracked,False,1,not provided,EPSG:4326,incomplete,not provided
hydra-eo-data-sentinel-2-seriestiffs_alfalfa_site2-se2_sr_2025-12-06-10_28_21.tif,SE2_SR_2025-12-06 10_28_21.tif,raster,3539396,local_untracked,False,1,not provided,EPSG:4326,incomplete,not provided
hydra-eo-data-sentinel-2-seriestiffs_alfalfa_site1-se2_sr_2025-12-08-10_18_36.tif,SE2_SR_2025-12-08 10_18_36.tif,raster,3657842,local_untracked,False,1,not provided,EPSG:4326,incomplete,not provided
hydra-eo-data-sentinel-2-seriestiffs_alfalfa_site2-se2_sr_2025-12-08-10_18_36.tif,SE2_SR_2025-12-08 10_18_36.tif,raster,3649974,local_untracked,False,1,not provided,EPSG:4326,incomplete,not provided
hydra-eo-data-sentinel-2-series-chaparrillo-se2_sr_2025-12-08-11_10_18.tif,SE2_SR_2025-12-08 11_10_18.tif,raster,3947710,local_untracked,False,1,not provided,EPSG:4326,incomplete,not provided
hydra-eo-data-sentinel-2-series-chaparrillo-se2_sr_2025-12-08-11_20_31.tif,SE2_SR_2025-12-08 11_20_31.tif,raster,3878940,local_untracked,False,1,not provided,EPSG:4326,incomplete,not provided
hydra-eo-data-sentinel-2-seriestiffs_alfalfa_site1-se2_sr_2025-12-10-10_18_42.tif,SE2_SR_2025-12-10 10_18_42.tif,raster,3778186,local_untracked,False,1,not provided,EPSG:4326,incomplete,not provided
hydra-eo-data-sentinel-2-seriestiffs_alfalfa_site2-se2_sr_2025-12-10-10_18_42.tif,SE2_SR_2025-12-10 10_18_42.tif,raster,3791526,local_untracked,False,1,not provided,EPSG:4326,incomplete,not provided
hydra-eo-data-sentinel-2-series-chaparrillo-se2_sr_2025-12-11-11_20_14.tif,SE2_SR_2025-12-11 11_20_14.tif,raster,3978688,local_untracked,False,1,not provided,EPSG:4326,incomplete,not provided
hydra-eo-data-sentinel-2-seriestiffs_alfalfa_site1-se2_sr_2025-12-13-10_18_26.tif,SE2_SR_2025-12-13 10_18_26.tif,raster,3776314,local_untracked,False,1,not provided,EPSG:4326,incomplete,not provided
hydra-eo-data-sentinel-2-seriestiffs_alfalfa_site2-se2_sr_2025-12-13-10_18_26.tif,SE2_SR_2025-12-13 10_18_26.tif,raster,3796807,local_untracked,False,1,not provided,EPSG:4326,incomplete,not provided
hydra-eo-data-sentinel-2-seriestiffs_alfalfa_site1-se2_sr_2025-12-13-10_28_39.tif,SE2_SR_2025-12-13 10_28_39.tif,raster,3767424,local_untracked,False,1,not provided,EPSG:4326,incomplete,not provided
hydra-eo-data-sentinel-2-seriestiffs_alfalfa_site2-se2_sr_2025-12-13-10_28_39.tif,SE2_SR_2025-12-13 10_28_39.tif,raster,3791691,local_untracked,False,1,not provided,EPSG:4326,incomplete,not provided
hydra-eo-data-sentinel-2-series-chaparrillo-se2_sr_2025-12-13-11_10_29.tif,SE2_SR_2025-12-13 11_10_29.tif,raster,3660758,local_untracked,False,1,not provided,EPSG:4326,incomplete,not provided
hydra-eo-data-sentinel-2-series-chaparrillo-se2_sr_2025-12-15-11_10_36.tif,SE2_SR_2025-12-15 11_10_36.tif,raster,3936824,local_untracked,False,1,not provided,EPSG:4326,incomplete,not provided
hydra-eo-data-sentinel-2-seriestiffs_alfalfa_site1-se2_sr_2025-12-18-10_18_36.tif,SE2_SR_2025-12-18 10_18_36.tif,raster,3559875,local_untracked,False,1,not provided,EPSG:4326,incomplete,not provided
hydra-eo-data-sentinel-2-seriestiffs_alfalfa_site2-se2_sr_2025-12-18-10_18_36.tif,SE2_SR_2025-12-18 10_18_36.tif,raster,3619056,local_untracked,False,1,not provided,EPSG:4326,incomplete,not provided
hydra-eo-data-sentinel-2-series-chaparrillo-se2_sr_2025-12-18-11_10_19.tif,SE2_SR_2025-12-18 11_10_19.tif,raster,4052583,local_untracked,False,1,not provided,EPSG:4326,incomplete,not provided
hydra-eo-data-sentinel-2-series-chaparrillo-se2_sr_2025-12-18-11_20_32.tif,SE2_SR_2025-12-18 11_20_32.tif,raster,4010332,local_untracked,False,1,not provided,EPSG:4326,incomplete,not provided
hydra-eo-data-sentinel-2-series-chaparrillo-se2_sr_2025-12-21-11_20_15.tif,SE2_SR_2025-12-21 11_20_15.tif,raster,3586912,local_untracked,False,1,not provided,EPSG:4326,incomplete,not provided
hydra-eo-data-sentinel-2-series-lelystad-se2_sr_2025-12-25-10_56_19.tif,SE2_SR_2025-12-25 10_56_19.tif,raster,2053732,local_untracked,False,1,not provided,EPSG:4326,incomplete,not provided
hydra-eo-data-sentinel-2-series-lelystad-se2_sr_2025-12-25-10_56_25.tif,SE2_SR_2025-12-25 10_56_25.tif,raster,3253724,local_untracked,False,1,not provided,EPSG:4326,incomplete,not provided
hydra-eo-data-sentinel-2-series-chaparrillo-se2_sr_2025-12-25-11_10_41.tif,SE2_SR_2025-12-25 11_10_41.tif,raster,4054981,local_untracked,False,1,not provided,EPSG:4326,incomplete,not provided
hydra-eo-data-sentinel-2-seriestiffs_alfalfa_site1-se2_sr_2025-12-26-10_28_23.tif,SE2_SR_2025-12-26 10_28_23.tif,raster,3756145,local_untracked,False,1,not provided,EPSG:4326,incomplete,not provided
hydra-eo-data-sentinel-2-seriestiffs_alfalfa_site2-se2_sr_2025-12-26-10_28_23.tif,SE2_SR_2025-12-26 10_28_23.tif,raster,3976817,local_untracked,False,1,not provided,EPSG:4326,incomplete,not provided
hydra-eo-data-sentinel-2-series-chaparrillo-se2_sr_2025-12-26-11_20_24.tif,SE2_SR_2025-12-26 11_20_24.tif,raster,4330104,local_untracked,False,1,not provided,EPSG:4326,incomplete,not provided
hydra-eo-data-sentinel-2-seriestiffs_alfalfa_site1-se2_sr_2025-12-28-10_18_36.tif,SE2_SR_2025-12-28 10_18_36.tif,raster,3816406,local_untracked,False,1,not provided,EPSG:4326,incomplete,not provided
hydra-eo-data-sentinel-2-seriestiffs_alfalfa_site2-se2_sr_2025-12-28-10_18_36.tif,SE2_SR_2025-12-28 10_18_36.tif,raster,3819520,local_untracked,False,1,not provided,EPSG:4326,incomplete,not provided
hydra-eo-data-sentinel-2-seriestiffs_alfalfa_site1-se2_sr_2025-12-30-10_18_49.tif,SE2_SR_2025-12-30 10_18_49.tif,raster,3978202,local_untracked,False,1,not provided,EPSG:4326,incomplete,not provided
hydra-eo-data-sentinel-2-seriestiffs_alfalfa_site2-se2_sr_2025-12-30-10_18_49.tif,SE2_SR_2025-12-30 10_18_49.tif,raster,3359352,local_untracked,False,1,not provided,EPSG:4326,incomplete,not provided
hydra-eo-data-sentinel-2-series-lelystad-se2_sr_2025-12-30-10_56_30.tif,SE2_SR_2025-12-30 10_56_30.tif,raster,2808105,local_untracked,False,1,not provided,EPSG:4326,incomplete,not provided
legacy-uav-1m-200band.tif,uav-1m-200band.tif,raster,43083126,external_required,False,2,not provided,not provided,incomplete,visualization-data/thumbnails/imported/uav-1m-200band-f3e014b9-quicklook.png
hydra-eo-data-sentinel-2-properties-sentinel-2022-properties_alfalfa_site1.csv,Sentinel-2022-properties_Alfalfa_site1.csv,table,22194,local_tracked,True,3,not provided,not provided,incomplete,not provided
hydra-eo-data-sentinel-2-properties-sentinel-2022-properties_alfalfa_site2.csv,Sentinel-2022-properties_Alfalfa_site2.csv,table,22194,local_tracked,True,3,not provided,not provided,incomplete,not provided
hydra-eo-data-sentinel-2-properties-sentinel-2022-properties_chaparrillo.csv,Sentinel-2022-properties_Chaparrillo.csv,table,22981,local_tracked,True,3,not provided,not provided,incomplete,not provided
hydra-eo-data-sentinel-2-properties-sentinel-2022-properties_lelystad.csv,Sentinel-2022-properties_Lelystad.csv,table,17357,local_tracked,True,3,not provided,not provided,incomplete,not provided
hydra-eo-data-sentinel-2-properties-sentinel-2023-properties_alfalfa_site1.csv,Sentinel-2023-properties_Alfalfa_site1.csv,table,20270,local_tracked,True,3,not provided,not provided,incomplete,not provided
hydra-eo-data-sentinel-2-properties-sentinel-2023-properties_alfalfa_site2.csv,Sentinel-2023-properties_Alfalfa_site2.csv,table,20271,local_tracked,True,3,not provided,not provided,incomplete,not provided
hydra-eo-data-sentinel-2-properties-sentinel-2023-properties_chaparrillo.csv,Sentinel-2023-properties_Chaparrillo.csv,table,23568,local_tracked,True,3,not provided,not provided,incomplete,not provided
hydra-eo-data-sentinel-2-properties-sentinel-2023-properties_lelystad.csv,Sentinel-2023-properties_Lelystad.csv,table,15033,local_tracked,True,3,not provided,not provided,incomplete,not provided
hydra-eo-data-sentinel-2-properties-sentinel-2024-properties_alfalfa_site1.csv,Sentinel-2024-properties_Alfalfa_site1.csv,table,18897,local_tracked,True,3,not provided,not provided,incomplete,not provided
hydra-eo-data-sentinel-2-properties-sentinel-2024-properties_alfalfa_site2.csv,Sentinel-2024-properties_Alfalfa_site2.csv,table,18896,local_tracked,True,3,not provided,not provided,incomplete,not provided
hydra-eo-data-sentinel-2-properties-sentinel-2024-properties_chaparrillo.csv,Sentinel-2024-properties_Chaparrillo.csv,table,22598,local_tracked,True,3,not provided,not provided,incomplete,not provided
hydra-eo-data-sentinel-2-properties-sentinel-2024-properties_lelystad.csv,Sentinel-2024-properties_Lelystad.csv,table,13090,local_tracked,True,3,not provided,not provided,incomplete,not provided
hydra-eo-data-sentinel-2-properties-sentinel-2025-properties_alfalfa_site1.csv,Sentinel-2025-properties_Alfalfa_site1.csv,table,27064,local_tracked,True,3,not provided,not provided,incomplete,not provided
hydra-eo-data-sentinel-2-properties-sentinel-2025-properties_alfalfa_site2.csv,Sentinel-2025-properties_Alfalfa_site2.csv,table,27259,local_tracked,True,3,not provided,not provided,incomplete,not provided
hydra-eo-data-sentinel-2-properties-sentinel-2025-properties_chaparrillo.csv,Sentinel-2025-properties_Chaparrillo.csv,table,30180,local_tracked,True,3,not provided,not provided,incomplete,not provided
hydra-eo-data-sentinel-2-properties-sentinel-2025-properties_lelystad.csv,Sentinel-2025-properties_Lelystad.csv,table,22232,local_tracked,True,3,not provided,not provided,incomplete,not provided
hydra-eo-data-sentinel-2-geojson-alfalfa_sites_1.geojson,Alfalfa_sites_1.geojson,vector,713,local_tracked,True,3,not provided,not provided,incomplete,not provided
hydra-eo-data-sentinel-2-geojson-alfalfa_sites_2.geojson,Alfalfa_sites_2.geojson,vector,713,local_tracked,True,3,not provided,not provided,incomplete,not provided
hydra-eo-data-sentinel-2-geojson-olives_orchards.geojson,Olives_orchards.geojson,vector,739,local_tracked,True,3,not provided,not provided,incomplete,not provided
