{
"type": "FeatureCollection",
"name": "Olive-Cornicabra",
"crs": { "type": "name", "properties": { "name": "urn:ogc:def:crs:OGC:1.3:CRS84" } },
"features": [
{ "type": "Feature", "properties": { "Plot": "OL5", "Column": 1, "Line": 1, "ID": 1 }, "geometry": { "type": "Point", "coordinates": [ -3.945214221423623, 39.03205506106795 ] } },
{ "type": "Feature", "properties": { "Plot": "OL5", "Column": null, "Line": null, "ID": 2 }, "geometry": { "type": "Point", "coordinates": [ -3.945169845573343, 39.032084607533292 ] } },
{ "type": "Feature", "properties": { "Plot": "OL5", "Column": null, "Line": null, "ID": 3 }, "geometry": { "type": "Point", "coordinates": [ -3.945129997871049, 39.032111340038895 ] } },
{ "type": "Feature", "properties": { "Plot": "OL5", "Column": null, "Line": null, "ID": 4 }, "geometry": { "type": "Point", "coordinates": [ -3.945088338909562, 39.032142293453809 ] } },
{ "type": "Feature", "properties": { "Plot": "OL5", "Column": null, "Line": null, "ID": 5 }, "geometry": { "type": "Point", "coordinates": [ -3.945046679948075, 39.032173950341402 ] } },
{ "type": "Feature", "properties": { "Plot": "OL5", "Column": null, "Line": null, "ID": 6 }, "geometry": { "type": "Point", "coordinates": [ -3.945009549134575, 39.03220279327109 ] } },
{ "type": "Feature", "properties": { "Plot": "OL5", "Column": null, "Line": null, "ID": 7 }, "geometry": { "type": "Point", "coordinates": [ -3.944973323950673, 39.032232339674657 ] } },
{ "type": "Feature", "properties": { "Plot": "OL5", "Column": null, "Line": null, "ID": 8 }, "geometry": { "type": "Point", "coordinates": [ -3.94493347624838, 39.032266810463213 ] } },
{ "type": "Feature", "properties": { "Plot": "OL5", "Column": null, "Line": null, "ID": 9 }, "geometry": { "type": "Point", "coordinates": [ -3.944890911657295, 39.032304095174759 ] } },
{ "type": "Feature", "properties": { "Plot": "OL5", "Column": null, "Line": null, "ID": 10 }, "geometry": { "type": "Point", "coordinates": [ -3.944853780843795, 39.032332938051326 ] } },
{ "type": "Feature", "properties": { "Plot": "OL5", "Column": null, "Line": null, "ID": 11 }, "geometry": { "type": "Point", "coordinates": [ -3.944819366919088, 39.032356153041 ] } },
{ "type": "Feature", "properties": { "Plot": "OL5", "Column": null, "Line": null, "ID": 12 }, "geometry": { "type": "Point", "coordinates": [ -3.944780424846392, 39.032386402864581 ] } },
{ "type": "Feature", "properties": { "Plot": "OL5", "Column": null, "Line": null, "ID": 13 }, "geometry": { "type": "Point", "coordinates": [ -3.944742388403295, 39.032415949191382 ] } },
{ "type": "Feature", "properties": { "Plot": "OL5", "Column": null, "Line": null, "ID": 14 }, "geometry": { "type": "Point", "coordinates": [ -3.944703446330601, 39.032445495505833 ] } },
{ "type": "Feature", "properties": { "Plot": "OL5", "Column": null, "Line": null, "ID": 15 }, "geometry": { "type": "Point", "coordinates": [ -3.944658164850723, 39.03247574529118 ] } },
{ "type": "Feature", "properties": { "Plot": "OL5", "Column": null, "Line": null, "ID": 16 }, "geometry": { "type": "Point", "coordinates": [ -3.944626467814808, 39.032501774165866 ] } },
{ "type": "Feature", "properties": { "Plot": "OL5", "Column": null, "Line": null, "ID": 17 }, "geometry": { "type": "Point", "coordinates": [ -3.944589337001308, 39.032537651788239 ] } },
{ "type": "Feature", "properties": { "Plot": "OL5", "Column": null, "Line": null, "ID": 18 }, "geometry": { "type": "Point", "coordinates": [ -3.944544961151028, 39.032563680640123 ] } },
{ "type": "Feature", "properties": { "Plot": "OL5", "Column": null, "Line": null, "ID": 19 }, "geometry": { "type": "Point", "coordinates": [ -3.944507830337528, 39.032593930374873 ] } },
{ "type": "Feature", "properties": { "Plot": "OL5", "Column": null, "Line": null, "ID": 20 }, "geometry": { "type": "Point", "coordinates": [ -3.944471605153625, 39.032625587060167 ] } },
{ "type": "Feature", "properties": { "Plot": "OL5", "Column": null, "Line": null, "ID": 21 }, "geometry": { "type": "Point", "coordinates": [ -3.944428134932943, 39.032651615879679 ] } },
{ "type": "Feature", "properties": { "Plot": "OL5", "Column": null, "Line": null, "ID": 22 }, "geometry": { "type": "Point", "coordinates": [ -3.94438828723065, 39.032689603869315 ] } },
{ "type": "Feature", "properties": { "Plot": "OL5", "Column": null, "Line": null, "ID": 23 }, "geometry": { "type": "Point", "coordinates": [ -3.944352967676346, 39.032714929184401 ] } },
{ "type": "Feature", "properties": { "Plot": "OL5", "Column": null, "Line": null, "ID": 24 }, "geometry": { "type": "Point", "coordinates": [ -3.944319459381237, 39.03274447537386 ] } },
{ "type": "Feature", "properties": { "Plot": "OL5", "Column": null, "Line": null, "ID": 25 }, "geometry": { "type": "Point", "coordinates": [ -3.944282328567736, 39.032776835471942 ] } },
{ "type": "Feature", "properties": { "Plot": "OL5", "Column": null, "Line": null, "ID": 26 }, "geometry": { "type": "Point", "coordinates": [ -3.944242480865444, 39.032805678155583 ] } },
{ "type": "Feature", "properties": { "Plot": "OL5", "Column": null, "Line": null, "ID": 27 }, "geometry": { "type": "Point", "coordinates": [ -3.944197199385566, 39.032835927786756 ] } },
{ "type": "Feature", "properties": { "Plot": "OL5", "Column": null, "Line": null, "ID": 28 }, "geometry": { "type": "Point", "coordinates": [ -3.944160974201664, 39.032865473925618 ] } },
{ "type": "Feature", "properties": { "Plot": "OL5", "Column": null, "Line": null, "ID": 29 }, "geometry": { "type": "Point", "coordinates": [ -3.944122937758566, 39.032889392219474 ] } },
{ "type": "Feature", "properties": { "Plot": "OL5", "Column": null, "Line": null, "ID": 30 }, "geometry": { "type": "Point", "coordinates": [ -3.944080373167481, 39.032925973123817 ] } },
{ "type": "Feature", "properties": { "Plot": "OL5", "Column": null, "Line": null, "ID": 31 }, "geometry": { "type": "Point", "coordinates": [ -3.944037808576396, 39.032955519225055 ] } },
{ "type": "Feature", "properties": { "Plot": "OL5", "Column": null, "Line": null, "ID": 32 }, "geometry": { "type": "Point", "coordinates": [ -3.944004300281286, 39.03297592009725 ] } },
{ "type": "Feature", "properties": { "Plot": "OL5", "Column": null, "Line": null, "ID": 33 }, "geometry": { "type": "Point", "coordinates": [ -3.943969886356579, 39.033010390523131 ] } },
{ "type": "Feature", "properties": { "Plot": "OL5", "Column": null, "Line": null, "ID": 34 }, "geometry": { "type": "Point", "coordinates": [ -3.943929133024689, 39.033039233111438 ] } },
{ "type": "Feature", "properties": { "Plot": "OL5", "Column": null, "Line": null, "ID": 35 }, "geometry": { "type": "Point", "coordinates": [ -3.943892907840787, 39.033065965255958 ] } },
{ "type": "Feature", "properties": { "Plot": "OL5", "Column": null, "Line": null, "ID": 36 }, "geometry": { "type": "Point", "coordinates": [ -3.943850343249701, 39.033100435637905 ] } },
{ "type": "Feature", "properties": { "Plot": "OL5", "Column": null, "Line": null, "ID": 37 }, "geometry": { "type": "Point", "coordinates": [ -3.943819551843385, 39.033134906003042 ] } },
{ "type": "Feature", "properties": { "Plot": "OL5", "Column": null, "Line": null, "ID": 38 }, "geometry": { "type": "Point", "coordinates": [ -3.943768836585921, 39.033165858969646 ] } },
{ "type": "Feature", "properties": { "Plot": "OL5", "Column": null, "Line": null, "ID": 39 }, "geometry": { "type": "Point", "coordinates": [ -3.943731705772421, 39.033192591066253 ] } },
{ "type": "Feature", "properties": { "Plot": "OL5", "Column": null, "Line": null, "ID": 40 }, "geometry": { "type": "Point", "coordinates": [ -3.943697291847714, 39.033222137056022 ] } },
{ "type": "Feature", "properties": { "Plot": "OL5", "Column": 1, "Line": 1, "ID": 41 }, "geometry": { "type": "Point", "coordinates": [ -3.945261314162695, 39.032100083963257 ] } },
{ "type": "Feature", "properties": { "Plot": "OL5", "Column": null, "Line": null, "ID": 42 }, "geometry": { "type": "Point", "coordinates": [ -3.945216938312416, 39.032129630428599 ] } },
{ "type": "Feature", "properties": { "Plot": "OL5", "Column": null, "Line": null, "ID": 43 }, "geometry": { "type": "Point", "coordinates": [ -3.945177090610122, 39.032156362934202 ] } },
{ "type": "Feature", "properties": { "Plot": "OL5", "Column": null, "Line": null, "ID": 44 }, "geometry": { "type": "Point", "coordinates": [ -3.945135431648635, 39.032187316349116 ] } },
{ "type": "Feature", "properties": { "Plot": "OL5", "Column": null, "Line": null, "ID": 45 }, "geometry": { "type": "Point", "coordinates": [ -3.945093772687148, 39.032218973236709 ] } },
{ "type": "Feature", "properties": { "Plot": "OL5", "Column": null, "Line": null, "ID": 46 }, "geometry": { "type": "Point", "coordinates": [ -3.945056641873648, 39.032247816166397 ] } },
{ "type": "Feature", "properties": { "Plot": "OL5", "Column": null, "Line": null, "ID": 47 }, "geometry": { "type": "Point", "coordinates": [ -3.945020416689745, 39.032277362569964 ] } },
{ "type": "Feature", "properties": { "Plot": "OL5", "Column": null, "Line": null, "ID": 48 }, "geometry": { "type": "Point", "coordinates": [ -3.944980568987453, 39.03231183335852 ] } },
{ "type": "Feature", "properties": { "Plot": "OL5", "Column": null, "Line": null, "ID": 49 }, "geometry": { "type": "Point", "coordinates": [ -3.944938004396368, 39.032349118070066 ] } },
{ "type": "Feature", "properties": { "Plot": "OL5", "Column": null, "Line": null, "ID": 50 }, "geometry": { "type": "Point", "coordinates": [ -3.944900873582867, 39.032377960946633 ] } },
{ "type": "Feature", "properties": { "Plot": "OL5", "Column": null, "Line": null, "ID": 51 }, "geometry": { "type": "Point", "coordinates": [ -3.944866459658161, 39.032401175936307 ] } },
{ "type": "Feature", "properties": { "Plot": "OL5", "Column": null, "Line": null, "ID": 52 }, "geometry": { "type": "Point", "coordinates": [ -3.944827517585465, 39.032431425759889 ] } },
{ "type": "Feature", "properties": { "Plot": "OL5", "Column": null, "Line": null, "ID": 53 }, "geometry": { "type": "Point", "coordinates": [ -3.944789481142368, 39.032460972086689 ] } },
{ "type": "Feature", "properties": { "Plot": "OL5", "Column": null, "Line": null, "ID": 54 }, "geometry": { "type": "Point", "coordinates": [ -3.944750539069673, 39.03249051840114 ] } },
{ "type": "Feature", "properties": { "Plot": "OL5", "Column": null, "Line": null, "ID": 55 }, "geometry": { "type": "Point", "coordinates": [ -3.944705257589796, 39.032520768186487 ] } },
{ "type": "Feature", "properties": { "Plot": "OL5", "Column": null, "Line": null, "ID": 56 }, "geometry": { "type": "Point", "coordinates": [ -3.944673560553881, 39.032546797061173 ] } },
{ "type": "Feature", "properties": { "Plot": "OL5", "Column": null, "Line": null, "ID": 57 }, "geometry": { "type": "Point", "coordinates": [ -3.944636429740381, 39.032582674683546 ] } },
{ "type": "Feature", "properties": { "Plot": "OL5", "Column": null, "Line": null, "ID": 58 }, "geometry": { "type": "Point", "coordinates": [ -3.944592053890101, 39.032608703535431 ] } },
{ "type": "Feature", "properties": { "Plot": "OL5", "Column": null, "Line": null, "ID": 59 }, "geometry": { "type": "Point", "coordinates": [ -3.944554923076601, 39.03263895327018 ] } },
{ "type": "Feature", "properties": { "Plot": "OL5", "Column": null, "Line": null, "ID": 60 }, "geometry": { "type": "Point", "coordinates": [ -3.944518697892698, 39.032670609955474 ] } },
{ "type": "Feature", "properties": { "Plot": "OL5", "Column": null, "Line": null, "ID": 61 }, "geometry": { "type": "Point", "coordinates": [ -3.944475227672016, 39.032696638774986 ] } },
{ "type": "Feature", "properties": { "Plot": "OL5", "Column": null, "Line": null, "ID": 62 }, "geometry": { "type": "Point", "coordinates": [ -3.944435379969723, 39.032734626764622 ] } },
{ "type": "Feature", "properties": { "Plot": "OL5", "Column": null, "Line": null, "ID": 63 }, "geometry": { "type": "Point", "coordinates": [ -3.944400060415418, 39.032759952079708 ] } },
{ "type": "Feature", "properties": { "Plot": "OL5", "Column": null, "Line": null, "ID": 64 }, "geometry": { "type": "Point", "coordinates": [ -3.94436655212031, 39.032789498269167 ] } },
{ "type": "Feature", "properties": { "Plot": "OL5", "Column": null, "Line": null, "ID": 65 }, "geometry": { "type": "Point", "coordinates": [ -3.944329421306809, 39.032821858367249 ] } },
{ "type": "Feature", "properties": { "Plot": "OL5", "Column": null, "Line": null, "ID": 66 }, "geometry": { "type": "Point", "coordinates": [ -3.944289573604517, 39.03285070105089 ] } },
{ "type": "Feature", "properties": { "Plot": "OL5", "Column": null, "Line": null, "ID": 67 }, "geometry": { "type": "Point", "coordinates": [ -3.944244292124639, 39.032880950682063 ] } },
{ "type": "Feature", "properties": { "Plot": "OL5", "Column": null, "Line": null, "ID": 68 }, "geometry": { "type": "Point", "coordinates": [ -3.944208066940737, 39.032910496820925 ] } },
{ "type": "Feature", "properties": { "Plot": "OL5", "Column": null, "Line": null, "ID": 69 }, "geometry": { "type": "Point", "coordinates": [ -3.944170030497639, 39.032934415114781 ] } },
{ "type": "Feature", "properties": { "Plot": "OL5", "Column": null, "Line": null, "ID": 70 }, "geometry": { "type": "Point", "coordinates": [ -3.944127465906553, 39.032970996019124 ] } },
{ "type": "Feature", "properties": { "Plot": "OL5", "Column": null, "Line": null, "ID": 71 }, "geometry": { "type": "Point", "coordinates": [ -3.944084901315469, 39.033000542120362 ] } },
{ "type": "Feature", "properties": { "Plot": "OL5", "Column": null, "Line": null, "ID": 72 }, "geometry": { "type": "Point", "coordinates": [ -3.944051393020359, 39.033020942992557 ] } },
{ "type": "Feature", "properties": { "Plot": "OL5", "Column": null, "Line": null, "ID": 73 }, "geometry": { "type": "Point", "coordinates": [ -3.944016979095652, 39.033055413418438 ] } },
{ "type": "Feature", "properties": { "Plot": "OL5", "Column": null, "Line": null, "ID": 74 }, "geometry": { "type": "Point", "coordinates": [ -3.943976225763762, 39.033084256006745 ] } },
{ "type": "Feature", "properties": { "Plot": "OL5", "Column": null, "Line": null, "ID": 75 }, "geometry": { "type": "Point", "coordinates": [ -3.94394000057986, 39.033110988151265 ] } },
{ "type": "Feature", "properties": { "Plot": "OL5", "Column": null, "Line": null, "ID": 76 }, "geometry": { "type": "Point", "coordinates": [ -3.943897435988774, 39.033145458533212 ] } },
{ "type": "Feature", "properties": { "Plot": "OL5", "Column": null, "Line": null, "ID": 77 }, "geometry": { "type": "Point", "coordinates": [ -3.943866644582458, 39.033179928898349 ] } },
{ "type": "Feature", "properties": { "Plot": "OL5", "Column": null, "Line": null, "ID": 78 }, "geometry": { "type": "Point", "coordinates": [ -3.943815929324994, 39.033210881864953 ] } },
{ "type": "Feature", "properties": { "Plot": "OL5", "Column": null, "Line": null, "ID": 79 }, "geometry": { "type": "Point", "coordinates": [ -3.943778798511494, 39.03323761396156 ] } },
{ "type": "Feature", "properties": { "Plot": "OL5", "Column": null, "Line": null, "ID": 80 }, "geometry": { "type": "Point", "coordinates": [ -3.943744384586787, 39.033267159951329 ] } },
{ "type": "Feature", "properties": { "Plot": "OL5", "Column": 1, "Line": 1, "ID": 81 }, "geometry": { "type": "Point", "coordinates": [ -3.94533014201211, 39.032139478973129 ] } },
{ "type": "Feature", "properties": { "Plot": "OL5", "Column": null, "Line": null, "ID": 82 }, "geometry": { "type": "Point", "coordinates": [ -3.94528576616183, 39.032169025438471 ] } },
{ "type": "Feature", "properties": { "Plot": "OL5", "Column": null, "Line": null, "ID": 83 }, "geometry": { "type": "Point", "coordinates": [ -3.945245918459537, 39.032195757944073 ] } },
{ "type": "Feature", "properties": { "Plot": "OL5", "Column": null, "Line": null, "ID": 84 }, "geometry": { "type": "Point", "coordinates": [ -3.945204259498049, 39.032226711358987 ] } },
{ "type": "Feature", "properties": { "Plot": "OL5", "Column": null, "Line": null, "ID": 85 }, "geometry": { "type": "Point", "coordinates": [ -3.945162600536562, 39.03225836824658 ] } },
{ "type": "Feature", "properties": { "Plot": "OL5", "Column": null, "Line": null, "ID": 86 }, "geometry": { "type": "Point", "coordinates": [ -3.945125469723063, 39.032287211176268 ] } },
{ "type": "Feature", "properties": { "Plot": "OL5", "Column": null, "Line": null, "ID": 87 }, "geometry": { "type": "Point", "coordinates": [ -3.94508924453916, 39.032316757579835 ] } },
{ "type": "Feature", "properties": { "Plot": "OL5", "Column": null, "Line": null, "ID": 88 }, "geometry": { "type": "Point", "coordinates": [ -3.945049396836867, 39.032351228368391 ] } },
{ "type": "Feature", "properties": { "Plot": "OL5", "Column": null, "Line": null, "ID": 89 }, "geometry": { "type": "Point", "coordinates": [ -3.945006832245782, 39.032388513079937 ] } },
{ "type": "Feature", "properties": { "Plot": "OL5", "Column": null, "Line": null, "ID": 90 }, "geometry": { "type": "Point", "coordinates": [ -3.944969701432282, 39.032417355956504 ] } },
{ "type": "Feature", "properties": { "Plot": "OL5", "Column": null, "Line": null, "ID": 91 }, "geometry": { "type": "Point", "coordinates": [ -3.944935287507575, 39.032440570946179 ] } },
{ "type": "Feature", "properties": { "Plot": "OL5", "Column": null, "Line": null, "ID": 92 }, "geometry": { "type": "Point", "coordinates": [ -3.94489634543488, 39.03247082076976 ] } },
{ "type": "Feature", "properties": { "Plot": "OL5", "Column": null, "Line": null, "ID": 93 }, "geometry": { "type": "Point", "coordinates": [ -3.944858308991783, 39.03250036709656 ] } },
{ "type": "Feature", "properties": { "Plot": "OL5", "Column": null, "Line": null, "ID": 94 }, "geometry": { "type": "Point", "coordinates": [ -3.944819366919088, 39.032529913411011 ] } },
{ "type": "Feature", "properties": { "Plot": "OL5", "Column": null, "Line": null, "ID": 95 }, "geometry": { "type": "Point", "coordinates": [ -3.94477408543921, 39.032560163196358 ] } },
{ "type": "Feature", "properties": { "Plot": "OL5", "Column": null, "Line": null, "ID": 96 }, "geometry": { "type": "Point", "coordinates": [ -3.944742388403295, 39.032586192071044 ] } },
{ "type": "Feature", "properties": { "Plot": "OL5", "Column": null, "Line": null, "ID": 97 }, "geometry": { "type": "Point", "coordinates": [ -3.944705257589796, 39.032622069693417 ] } },
{ "type": "Feature", "properties": { "Plot": "OL5", "Column": null, "Line": null, "ID": 98 }, "geometry": { "type": "Point", "coordinates": [ -3.944660881739515, 39.032648098545302 ] } },
{ "type": "Feature", "properties": { "Plot": "OL5", "Column": null, "Line": null, "ID": 99 }, "geometry": { "type": "Point", "coordinates": [ -3.944623750926015, 39.032678348280051 ] } },
{ "type": "Feature", "properties": { "Plot": "OL5", "Column": null, "Line": null, "ID": 100 }, "geometry": { "type": "Point", "coordinates": [ -3.944587525742113, 39.032710004965345 ] } },
{ "type": "Feature", "properties": { "Plot": "OL5", "Column": null, "Line": null, "ID": 101 }, "geometry": { "type": "Point", "coordinates": [ -3.944544055521431, 39.032736033784857 ] } },
{ "type": "Feature", "properties": { "Plot": "OL5", "Column": null, "Line": null, "ID": 102 }, "geometry": { "type": "Point", "coordinates": [ -3.944504207819137, 39.032774021774493 ] } },
{ "type": "Feature", "properties": { "Plot": "OL5", "Column": null, "Line": null, "ID": 103 }, "geometry": { "type": "Point", "coordinates": [ -3.944468888264833, 39.032799347089579 ] } },
{ "type": "Feature", "properties": { "Plot": "OL5", "Column": null, "Line": null, "ID": 104 }, "geometry": { "type": "Point", "coordinates": [ -3.944435379969724, 39.032828893279039 ] } },
{ "type": "Feature", "properties": { "Plot": "OL5", "Column": null, "Line": null, "ID": 105 }, "geometry": { "type": "Point", "coordinates": [ -3.944398249156224, 39.032861253377121 ] } },
{ "type": "Feature", "properties": { "Plot": "OL5", "Column": null, "Line": null, "ID": 106 }, "geometry": { "type": "Point", "coordinates": [ -3.944358401453931, 39.032890096060761 ] } },
{ "type": "Feature", "properties": { "Plot": "OL5", "Column": null, "Line": null, "ID": 107 }, "geometry": { "type": "Point", "coordinates": [ -3.944313119974053, 39.032920345691934 ] } },
{ "type": "Feature", "properties": { "Plot": "OL5", "Column": null, "Line": null, "ID": 108 }, "geometry": { "type": "Point", "coordinates": [ -3.944276894790151, 39.032949891830796 ] } },
{ "type": "Feature", "properties": { "Plot": "OL5", "Column": null, "Line": null, "ID": 109 }, "geometry": { "type": "Point", "coordinates": [ -3.944238858347054, 39.032973810124652 ] } },
{ "type": "Feature", "properties": { "Plot": "OL5", "Column": null, "Line": null, "ID": 110 }, "geometry": { "type": "Point", "coordinates": [ -3.944196293755968, 39.033010391028995 ] } },
{ "type": "Feature", "properties": { "Plot": "OL5", "Column": null, "Line": null, "ID": 111 }, "geometry": { "type": "Point", "coordinates": [ -3.944153729164883, 39.033039937130233 ] } },
{ "type": "Feature", "properties": { "Plot": "OL5", "Column": null, "Line": null, "ID": 112 }, "geometry": { "type": "Point", "coordinates": [ -3.944120220869773, 39.033060338002429 ] } },
{ "type": "Feature", "properties": { "Plot": "OL5", "Column": null, "Line": null, "ID": 113 }, "geometry": { "type": "Point", "coordinates": [ -3.944085806945066, 39.033094808428309 ] } },
{ "type": "Feature", "properties": { "Plot": "OL5", "Column": null, "Line": null, "ID": 114 }, "geometry": { "type": "Point", "coordinates": [ -3.944045053613176, 39.033123651016616 ] } },
{ "type": "Feature", "properties": { "Plot": "OL5", "Column": null, "Line": null, "ID": 115 }, "geometry": { "type": "Point", "coordinates": [ -3.944008828429274, 39.033150383161136 ] } },
{ "type": "Feature", "properties": { "Plot": "OL5", "Column": null, "Line": null, "ID": 116 }, "geometry": { "type": "Point", "coordinates": [ -3.943966263838189, 39.033184853543084 ] } },
{ "type": "Feature", "properties": { "Plot": "OL5", "Column": null, "Line": null, "ID": 117 }, "geometry": { "type": "Point", "coordinates": [ -3.943935472431872, 39.03321932390822 ] } },
{ "type": "Feature", "properties": { "Plot": "OL5", "Column": null, "Line": null, "ID": 118 }, "geometry": { "type": "Point", "coordinates": [ -3.943884757174409, 39.033250276874824 ] } },
{ "type": "Feature", "properties": { "Plot": "OL5", "Column": null, "Line": null, "ID": 119 }, "geometry": { "type": "Point", "coordinates": [ -3.943847626360909, 39.033277008971432 ] } },
{ "type": "Feature", "properties": { "Plot": "OL5", "Column": null, "Line": null, "ID": 120 }, "geometry": { "type": "Point", "coordinates": [ -3.943813212436202, 39.0333065549612 ] } },
{ "type": "Feature", "properties": { "Plot": "OL5", "Column": 1, "Line": 1, "ID": 121 }, "geometry": { "type": "Point", "coordinates": [ -3.945380857269573, 39.032181687887892 ] } },
{ "type": "Feature", "properties": { "Plot": "OL5", "Column": null, "Line": null, "ID": 122 }, "geometry": { "type": "Point", "coordinates": [ -3.945336481419293, 39.032211234353234 ] } },
{ "type": "Feature", "properties": { "Plot": "OL5", "Column": null, "Line": null, "ID": 123 }, "geometry": { "type": "Point", "coordinates": [ -3.945296633717, 39.032237966858837 ] } },
{ "type": "Feature", "properties": { "Plot": "OL5", "Column": null, "Line": null, "ID": 124 }, "geometry": { "type": "Point", "coordinates": [ -3.945254974755512, 39.032268920273751 ] } },
{ "type": "Feature", "properties": { "Plot": "OL5", "Column": null, "Line": null, "ID": 125 }, "geometry": { "type": "Point", "coordinates": [ -3.945213315794025, 39.032300577161344 ] } },
{ "type": "Feature", "properties": { "Plot": "OL5", "Column": null, "Line": null, "ID": 126 }, "geometry": { "type": "Point", "coordinates": [ -3.945176184980526, 39.032329420091031 ] } },
{ "type": "Feature", "properties": { "Plot": "OL5", "Column": null, "Line": null, "ID": 127 }, "geometry": { "type": "Point", "coordinates": [ -3.945139959796623, 39.032358966494598 ] } },
{ "type": "Feature", "properties": { "Plot": "OL5", "Column": null, "Line": null, "ID": 128 }, "geometry": { "type": "Point", "coordinates": [ -3.94510011209433, 39.032393437283154 ] } },
{ "type": "Feature", "properties": { "Plot": "OL5", "Column": null, "Line": null, "ID": 129 }, "geometry": { "type": "Point", "coordinates": [ -3.945057547503245, 39.0324307219947 ] } },
{ "type": "Feature", "properties": { "Plot": "OL5", "Column": null, "Line": null, "ID": 130 }, "geometry": { "type": "Point", "coordinates": [ -3.945020416689745, 39.032459564871267 ] } },
{ "type": "Feature", "properties": { "Plot": "OL5", "Column": null, "Line": null, "ID": 131 }, "geometry": { "type": "Point", "coordinates": [ -3.944986002765038, 39.032482779860942 ] } },
{ "type": "Feature", "properties": { "Plot": "OL5", "Column": null, "Line": null, "ID": 132 }, "geometry": { "type": "Point", "coordinates": [ -3.944947060692343, 39.032513029684523 ] } },
{ "type": "Feature", "properties": { "Plot": "OL5", "Column": null, "Line": null, "ID": 133 }, "geometry": { "type": "Point", "coordinates": [ -3.944909024249246, 39.032542576011323 ] } },
{ "type": "Feature", "properties": { "Plot": "OL5", "Column": null, "Line": null, "ID": 134 }, "geometry": { "type": "Point", "coordinates": [ -3.944870082176551, 39.032572122325774 ] } },
{ "type": "Feature", "properties": { "Plot": "OL5", "Column": null, "Line": null, "ID": 135 }, "geometry": { "type": "Point", "coordinates": [ -3.944824800696673, 39.032602372111121 ] } },
{ "type": "Feature", "properties": { "Plot": "OL5", "Column": null, "Line": null, "ID": 136 }, "geometry": { "type": "Point", "coordinates": [ -3.944793103660758, 39.032628400985807 ] } },
{ "type": "Feature", "properties": { "Plot": "OL5", "Column": null, "Line": null, "ID": 137 }, "geometry": { "type": "Point", "coordinates": [ -3.944755972847259, 39.032664278608181 ] } },
{ "type": "Feature", "properties": { "Plot": "OL5", "Column": null, "Line": null, "ID": 138 }, "geometry": { "type": "Point", "coordinates": [ -3.944711596996978, 39.032690307460065 ] } },
{ "type": "Feature", "properties": { "Plot": "OL5", "Column": null, "Line": null, "ID": 139 }, "geometry": { "type": "Point", "coordinates": [ -3.944674466183478, 39.032720557194814 ] } },
{ "type": "Feature", "properties": { "Plot": "OL5", "Column": null, "Line": null, "ID": 140 }, "geometry": { "type": "Point", "coordinates": [ -3.944638240999576, 39.032752213880109 ] } },
{ "type": "Feature", "properties": { "Plot": "OL5", "Column": null, "Line": null, "ID": 141 }, "geometry": { "type": "Point", "coordinates": [ -3.944594770778894, 39.032778242699621 ] } },
{ "type": "Feature", "properties": { "Plot": "OL5", "Column": null, "Line": null, "ID": 142 }, "geometry": { "type": "Point", "coordinates": [ -3.9445549230766, 39.032816230689257 ] } },
{ "type": "Feature", "properties": { "Plot": "OL5", "Column": null, "Line": null, "ID": 143 }, "geometry": { "type": "Point", "coordinates": [ -3.944519603522296, 39.032841556004342 ] } },
{ "type": "Feature", "properties": { "Plot": "OL5", "Column": null, "Line": null, "ID": 144 }, "geometry": { "type": "Point", "coordinates": [ -3.944486095227187, 39.032871102193802 ] } },
{ "type": "Feature", "properties": { "Plot": "OL5", "Column": null, "Line": null, "ID": 145 }, "geometry": { "type": "Point", "coordinates": [ -3.944448964413687, 39.032903462291884 ] } },
{ "type": "Feature", "properties": { "Plot": "OL5", "Column": null, "Line": null, "ID": 146 }, "geometry": { "type": "Point", "coordinates": [ -3.944409116711394, 39.032932304975525 ] } },
{ "type": "Feature", "properties": { "Plot": "OL5", "Column": null, "Line": null, "ID": 147 }, "geometry": { "type": "Point", "coordinates": [ -3.944363835231516, 39.032962554606698 ] } },
{ "type": "Feature", "properties": { "Plot": "OL5", "Column": null, "Line": null, "ID": 148 }, "geometry": { "type": "Point", "coordinates": [ -3.944327610047614, 39.03299210074556 ] } },
{ "type": "Feature", "properties": { "Plot": "OL5", "Column": null, "Line": null, "ID": 149 }, "geometry": { "type": "Point", "coordinates": [ -3.944289573604517, 39.033016019039415 ] } },
{ "type": "Feature", "properties": { "Plot": "OL5", "Column": null, "Line": null, "ID": 150 }, "geometry": { "type": "Point", "coordinates": [ -3.944247009013431, 39.033052599943758 ] } },
{ "type": "Feature", "properties": { "Plot": "OL5", "Column": null, "Line": null, "ID": 151 }, "geometry": { "type": "Point", "coordinates": [ -3.944204444422346, 39.033082146044997 ] } },
{ "type": "Feature", "properties": { "Plot": "OL5", "Column": null, "Line": null, "ID": 152 }, "geometry": { "type": "Point", "coordinates": [ -3.944170936127236, 39.033102546917192 ] } },
{ "type": "Feature", "properties": { "Plot": "OL5", "Column": null, "Line": null, "ID": 153 }, "geometry": { "type": "Point", "coordinates": [ -3.944136522202529, 39.033137017343073 ] } },
{ "type": "Feature", "properties": { "Plot": "OL5", "Column": null, "Line": null, "ID": 154 }, "geometry": { "type": "Point", "coordinates": [ -3.944095768870639, 39.03316585993138 ] } },
{ "type": "Feature", "properties": { "Plot": "OL5", "Column": null, "Line": null, "ID": 155 }, "geometry": { "type": "Point", "coordinates": [ -3.944059543686737, 39.033192592075899 ] } },
{ "type": "Feature", "properties": { "Plot": "OL5", "Column": null, "Line": null, "ID": 156 }, "geometry": { "type": "Point", "coordinates": [ -3.944016979095652, 39.033227062457847 ] } },
{ "type": "Feature", "properties": { "Plot": "OL5", "Column": null, "Line": null, "ID": 157 }, "geometry": { "type": "Point", "coordinates": [ -3.943986187689335, 39.033261532822983 ] } },
{ "type": "Feature", "properties": { "Plot": "OL5", "Column": null, "Line": null, "ID": 158 }, "geometry": { "type": "Point", "coordinates": [ -3.943935472431872, 39.033292485789588 ] } },
{ "type": "Feature", "properties": { "Plot": "OL5", "Column": null, "Line": null, "ID": 159 }, "geometry": { "type": "Point", "coordinates": [ -3.943898341618372, 39.033319217886195 ] } },
{ "type": "Feature", "properties": { "Plot": "OL5", "Column": null, "Line": null, "ID": 160 }, "geometry": { "type": "Point", "coordinates": [ -3.943863927693664, 39.033348763875964 ] } },
{ "type": "Feature", "properties": { "Plot": "OL5", "Column": 1, "Line": 1, "ID": 161 }, "geometry": { "type": "Point", "coordinates": [ -3.945431572527036, 39.032226710702531 ] } },
{ "type": "Feature", "properties": { "Plot": "OL5", "Column": null, "Line": null, "ID": 162 }, "geometry": { "type": "Point", "coordinates": [ -3.945387196676756, 39.032256257167873 ] } },
{ "type": "Feature", "properties": { "Plot": "OL5", "Column": null, "Line": null, "ID": 163 }, "geometry": { "type": "Point", "coordinates": [ -3.945347348974463, 39.032282989673476 ] } },
{ "type": "Feature", "properties": { "Plot": "OL5", "Column": null, "Line": null, "ID": 164 }, "geometry": { "type": "Point", "coordinates": [ -3.945305690012975, 39.03231394308839 ] } },
{ "type": "Feature", "properties": { "Plot": "OL5", "Column": null, "Line": null, "ID": 165 }, "geometry": { "type": "Point", "coordinates": [ -3.945264031051488, 39.032345599975983 ] } },
{ "type": "Feature", "properties": { "Plot": "OL5", "Column": null, "Line": null, "ID": 166 }, "geometry": { "type": "Point", "coordinates": [ -3.945226900237989, 39.03237444290567 ] } },
{ "type": "Feature", "properties": { "Plot": "OL5", "Column": null, "Line": null, "ID": 167 }, "geometry": { "type": "Point", "coordinates": [ -3.945190675054086, 39.032403989309238 ] } },
{ "type": "Feature", "properties": { "Plot": "OL5", "Column": null, "Line": null, "ID": 168 }, "geometry": { "type": "Point", "coordinates": [ -3.945150827351794, 39.032438460097794 ] } },
{ "type": "Feature", "properties": { "Plot": "OL5", "Column": null, "Line": null, "ID": 169 }, "geometry": { "type": "Point", "coordinates": [ -3.945108262760709, 39.032475744809339 ] } },
{ "type": "Feature", "properties": { "Plot": "OL5", "Column": null, "Line": null, "ID": 170 }, "geometry": { "type": "Point", "coordinates": [ -3.945071131947208, 39.032504587685906 ] } },
{ "type": "Feature", "properties": { "Plot": "OL5", "Column": null, "Line": null, "ID": 171 }, "geometry": { "type": "Point", "coordinates": [ -3.945036718022501, 39.032527802675581 ] } },
{ "type": "Feature", "properties": { "Plot": "OL5", "Column": null, "Line": null, "ID": 172 }, "geometry": { "type": "Point", "coordinates": [ -3.944997775949806, 39.032558052499162 ] } },
{ "type": "Feature", "properties": { "Plot": "OL5", "Column": null, "Line": null, "ID": 173 }, "geometry": { "type": "Point", "coordinates": [ -3.944959739506709, 39.032587598825963 ] } },
{ "type": "Feature", "properties": { "Plot": "OL5", "Column": null, "Line": null, "ID": 174 }, "geometry": { "type": "Point", "coordinates": [ -3.944920797434014, 39.032617145140414 ] } },
{ "type": "Feature", "properties": { "Plot": "OL5", "Column": null, "Line": null, "ID": 175 }, "geometry": { "type": "Point", "coordinates": [ -3.944875515954136, 39.03264739492576 ] } },
{ "type": "Feature", "properties": { "Plot": "OL5", "Column": null, "Line": null, "ID": 176 }, "geometry": { "type": "Point", "coordinates": [ -3.944843818918221, 39.032673423800446 ] } },
{ "type": "Feature", "properties": { "Plot": "OL5", "Column": null, "Line": null, "ID": 177 }, "geometry": { "type": "Point", "coordinates": [ -3.944806688104722, 39.03270930142282 ] } },
{ "type": "Feature", "properties": { "Plot": "OL5", "Column": null, "Line": null, "ID": 178 }, "geometry": { "type": "Point", "coordinates": [ -3.944762312254442, 39.032735330274704 ] } },
{ "type": "Feature", "properties": { "Plot": "OL5", "Column": null, "Line": null, "ID": 179 }, "geometry": { "type": "Point", "coordinates": [ -3.944725181440941, 39.032765580009453 ] } },
{ "type": "Feature", "properties": { "Plot": "OL5", "Column": null, "Line": null, "ID": 180 }, "geometry": { "type": "Point", "coordinates": [ -3.944688956257039, 39.032797236694748 ] } },
{ "type": "Feature", "properties": { "Plot": "OL5", "Column": null, "Line": null, "ID": 181 }, "geometry": { "type": "Point", "coordinates": [ -3.944645486036357, 39.03282326551426 ] } },
{ "type": "Feature", "properties": { "Plot": "OL5", "Column": null, "Line": null, "ID": 182 }, "geometry": { "type": "Point", "coordinates": [ -3.944605638334064, 39.032861253503896 ] } },
{ "type": "Feature", "properties": { "Plot": "OL5", "Column": null, "Line": null, "ID": 183 }, "geometry": { "type": "Point", "coordinates": [ -3.944570318779759, 39.032886578818982 ] } },
{ "type": "Feature", "properties": { "Plot": "OL5", "Column": null, "Line": null, "ID": 184 }, "geometry": { "type": "Point", "coordinates": [ -3.94453681048465, 39.032916125008441 ] } },
{ "type": "Feature", "properties": { "Plot": "OL5", "Column": null, "Line": null, "ID": 185 }, "geometry": { "type": "Point", "coordinates": [ -3.94449967967115, 39.032948485106523 ] } },
{ "type": "Feature", "properties": { "Plot": "OL5", "Column": null, "Line": null, "ID": 186 }, "geometry": { "type": "Point", "coordinates": [ -3.944459831968858, 39.032977327790164 ] } },
{ "type": "Feature", "properties": { "Plot": "OL5", "Column": null, "Line": null, "ID": 187 }, "geometry": { "type": "Point", "coordinates": [ -3.944414550488979, 39.033007577421337 ] } },
{ "type": "Feature", "properties": { "Plot": "OL5", "Column": null, "Line": null, "ID": 188 }, "geometry": { "type": "Point", "coordinates": [ -3.944378325305077, 39.033037123560199 ] } },
{ "type": "Feature", "properties": { "Plot": "OL5", "Column": null, "Line": null, "ID": 189 }, "geometry": { "type": "Point", "coordinates": [ -3.94434028886198, 39.033061041854054 ] } },
{ "type": "Feature", "properties": { "Plot": "OL5", "Column": null, "Line": null, "ID": 190 }, "geometry": { "type": "Point", "coordinates": [ -3.944297724270894, 39.033097622758397 ] } },
{ "type": "Feature", "properties": { "Plot": "OL5", "Column": null, "Line": null, "ID": 191 }, "geometry": { "type": "Point", "coordinates": [ -3.944255159679809, 39.033127168859636 ] } },
{ "type": "Feature", "properties": { "Plot": "OL5", "Column": null, "Line": null, "ID": 192 }, "geometry": { "type": "Point", "coordinates": [ -3.9442216513847, 39.033147569731831 ] } },
{ "type": "Feature", "properties": { "Plot": "OL5", "Column": null, "Line": null, "ID": 193 }, "geometry": { "type": "Point", "coordinates": [ -3.944187237459992, 39.033182040157712 ] } },
{ "type": "Feature", "properties": { "Plot": "OL5", "Column": null, "Line": null, "ID": 194 }, "geometry": { "type": "Point", "coordinates": [ -3.944146484128102, 39.033210882746019 ] } },
{ "type": "Feature", "properties": { "Plot": "OL5", "Column": null, "Line": null, "ID": 195 }, "geometry": { "type": "Point", "coordinates": [ -3.944110258944201, 39.033237614890538 ] } },
{ "type": "Feature", "properties": { "Plot": "OL5", "Column": null, "Line": null, "ID": 196 }, "geometry": { "type": "Point", "coordinates": [ -3.944067694353115, 39.033272085272486 ] } },
{ "type": "Feature", "properties": { "Plot": "OL5", "Column": null, "Line": null, "ID": 197 }, "geometry": { "type": "Point", "coordinates": [ -3.944036902946798, 39.033306555637623 ] } },
{ "type": "Feature", "properties": { "Plot": "OL5", "Column": null, "Line": null, "ID": 198 }, "geometry": { "type": "Point", "coordinates": [ -3.943986187689335, 39.033337508604227 ] } },
{ "type": "Feature", "properties": { "Plot": "OL5", "Column": null, "Line": null, "ID": 199 }, "geometry": { "type": "Point", "coordinates": [ -3.943949056875835, 39.033364240700834 ] } },
{ "type": "Feature", "properties": { "Plot": "OL5", "Column": null, "Line": null, "ID": 200 }, "geometry": { "type": "Point", "coordinates": [ -3.943914642951128, 39.033393786690603 ] } },
{ "type": "Feature", "properties": { "Plot": "OL5", "Column": 1, "Line": 1, "ID": 201 }, "geometry": { "type": "Point", "coordinates": [ -3.94549315533967, 39.032271733488486 ] } },
{ "type": "Feature", "properties": { "Plot": "OL5", "Column": null, "Line": null, "ID": 202 }, "geometry": { "type": "Point", "coordinates": [ -3.945448779489391, 39.032301279953828 ] } },
{ "type": "Feature", "properties": { "Plot": "OL5", "Column": null, "Line": null, "ID": 203 }, "geometry": { "type": "Point", "coordinates": [ -3.945408931787097, 39.032328012459431 ] } },
{ "type": "Feature", "properties": { "Plot": "OL5", "Column": null, "Line": null, "ID": 204 }, "geometry": { "type": "Point", "coordinates": [ -3.94536727282561, 39.032358965874344 ] } },
{ "type": "Feature", "properties": { "Plot": "OL5", "Column": null, "Line": null, "ID": 205 }, "geometry": { "type": "Point", "coordinates": [ -3.945325613864123, 39.032390622761937 ] } },
{ "type": "Feature", "properties": { "Plot": "OL5", "Column": null, "Line": null, "ID": 206 }, "geometry": { "type": "Point", "coordinates": [ -3.945288483050623, 39.032419465691625 ] } },
{ "type": "Feature", "properties": { "Plot": "OL5", "Column": null, "Line": null, "ID": 207 }, "geometry": { "type": "Point", "coordinates": [ -3.94525225786672, 39.032449012095192 ] } },
{ "type": "Feature", "properties": { "Plot": "OL5", "Column": null, "Line": null, "ID": 208 }, "geometry": { "type": "Point", "coordinates": [ -3.945212410164428, 39.032483482883748 ] } },
{ "type": "Feature", "properties": { "Plot": "OL5", "Column": null, "Line": null, "ID": 209 }, "geometry": { "type": "Point", "coordinates": [ -3.945169845573343, 39.032520767595294 ] } },
{ "type": "Feature", "properties": { "Plot": "OL5", "Column": null, "Line": null, "ID": 210 }, "geometry": { "type": "Point", "coordinates": [ -3.945132714759843, 39.032549610471861 ] } },
{ "type": "Feature", "properties": { "Plot": "OL5", "Column": null, "Line": null, "ID": 211 }, "geometry": { "type": "Point", "coordinates": [ -3.945098300835136, 39.032572825461536 ] } },
{ "type": "Feature", "properties": { "Plot": "OL5", "Column": null, "Line": null, "ID": 212 }, "geometry": { "type": "Point", "coordinates": [ -3.94505935876244, 39.032603075285117 ] } },
{ "type": "Feature", "properties": { "Plot": "OL5", "Column": null, "Line": null, "ID": 213 }, "geometry": { "type": "Point", "coordinates": [ -3.945021322319343, 39.032632621611917 ] } },
{ "type": "Feature", "properties": { "Plot": "OL5", "Column": null, "Line": null, "ID": 214 }, "geometry": { "type": "Point", "coordinates": [ -3.944982380246648, 39.032662167926368 ] } },
{ "type": "Feature", "properties": { "Plot": "OL5", "Column": null, "Line": null, "ID": 215 }, "geometry": { "type": "Point", "coordinates": [ -3.944937098766771, 39.032692417711715 ] } },
{ "type": "Feature", "properties": { "Plot": "OL5", "Column": null, "Line": null, "ID": 216 }, "geometry": { "type": "Point", "coordinates": [ -3.944905401730856, 39.032718446586401 ] } },
{ "type": "Feature", "properties": { "Plot": "OL5", "Column": null, "Line": null, "ID": 217 }, "geometry": { "type": "Point", "coordinates": [ -3.944868270917356, 39.032754324208774 ] } },
{ "type": "Feature", "properties": { "Plot": "OL5", "Column": null, "Line": null, "ID": 218 }, "geometry": { "type": "Point", "coordinates": [ -3.944823895067076, 39.032780353060659 ] } },
{ "type": "Feature", "properties": { "Plot": "OL5", "Column": null, "Line": null, "ID": 219 }, "geometry": { "type": "Point", "coordinates": [ -3.944786764253576, 39.032810602795408 ] } },
{ "type": "Feature", "properties": { "Plot": "OL5", "Column": null, "Line": null, "ID": 220 }, "geometry": { "type": "Point", "coordinates": [ -3.944750539069673, 39.032842259480702 ] } },
{ "type": "Feature", "properties": { "Plot": "OL5", "Column": null, "Line": null, "ID": 221 }, "geometry": { "type": "Point", "coordinates": [ -3.944707068848991, 39.032868288300214 ] } },
{ "type": "Feature", "properties": { "Plot": "OL5", "Column": null, "Line": null, "ID": 222 }, "geometry": { "type": "Point", "coordinates": [ -3.944667221146698, 39.03290627628985 ] } },
{ "type": "Feature", "properties": { "Plot": "OL5", "Column": null, "Line": null, "ID": 223 }, "geometry": { "type": "Point", "coordinates": [ -3.944631901592393, 39.032931601604936 ] } },
{ "type": "Feature", "properties": { "Plot": "OL5", "Column": null, "Line": null, "ID": 224 }, "geometry": { "type": "Point", "coordinates": [ -3.944598393297285, 39.032961147794396 ] } },
{ "type": "Feature", "properties": { "Plot": "OL5", "Column": null, "Line": null, "ID": 225 }, "geometry": { "type": "Point", "coordinates": [ -3.944561262483784, 39.032993507892478 ] } },
{ "type": "Feature", "properties": { "Plot": "OL5", "Column": null, "Line": null, "ID": 226 }, "geometry": { "type": "Point", "coordinates": [ -3.944521414781492, 39.033022350576118 ] } },
{ "type": "Feature", "properties": { "Plot": "OL5", "Column": null, "Line": null, "ID": 227 }, "geometry": { "type": "Point", "coordinates": [ -3.944476133301614, 39.033052600207292 ] } },
{ "type": "Feature", "properties": { "Plot": "OL5", "Column": null, "Line": null, "ID": 228 }, "geometry": { "type": "Point", "coordinates": [ -3.944439908117712, 39.033082146346153 ] } },
{ "type": "Feature", "properties": { "Plot": "OL5", "Column": null, "Line": null, "ID": 229 }, "geometry": { "type": "Point", "coordinates": [ -3.944401871674614, 39.033106064640009 ] } },
{ "type": "Feature", "properties": { "Plot": "OL5", "Column": null, "Line": null, "ID": 230 }, "geometry": { "type": "Point", "coordinates": [ -3.944359307083528, 39.033142645544352 ] } },
{ "type": "Feature", "properties": { "Plot": "OL5", "Column": null, "Line": null, "ID": 231 }, "geometry": { "type": "Point", "coordinates": [ -3.944316742492444, 39.03317219164559 ] } },
{ "type": "Feature", "properties": { "Plot": "OL5", "Column": null, "Line": null, "ID": 232 }, "geometry": { "type": "Point", "coordinates": [ -3.944283234197334, 39.033192592517786 ] } },
{ "type": "Feature", "properties": { "Plot": "OL5", "Column": null, "Line": null, "ID": 233 }, "geometry": { "type": "Point", "coordinates": [ -3.944248820272627, 39.033227062943666 ] } },
{ "type": "Feature", "properties": { "Plot": "OL5", "Column": null, "Line": null, "ID": 234 }, "geometry": { "type": "Point", "coordinates": [ -3.944208066940737, 39.033255905531973 ] } },
{ "type": "Feature", "properties": { "Plot": "OL5", "Column": null, "Line": null, "ID": 235 }, "geometry": { "type": "Point", "coordinates": [ -3.944171841756835, 39.033282637676493 ] } },
{ "type": "Feature", "properties": { "Plot": "OL5", "Column": null, "Line": null, "ID": 236 }, "geometry": { "type": "Point", "coordinates": [ -3.944129277165749, 39.033317108058441 ] } },
{ "type": "Feature", "properties": { "Plot": "OL5", "Column": null, "Line": null, "ID": 237 }, "geometry": { "type": "Point", "coordinates": [ -3.944098485759433, 39.033351578423577 ] } },
{ "type": "Feature", "properties": { "Plot": "OL5", "Column": null, "Line": null, "ID": 238 }, "geometry": { "type": "Point", "coordinates": [ -3.944047770501969, 39.033382531390181 ] } },
{ "type": "Feature", "properties": { "Plot": "OL5", "Column": null, "Line": null, "ID": 239 }, "geometry": { "type": "Point", "coordinates": [ -3.944010639688469, 39.033409263486789 ] } },
{ "type": "Feature", "properties": { "Plot": "OL5", "Column": null, "Line": null, "ID": 240 }, "geometry": { "type": "Point", "coordinates": [ -3.943976225763762, 39.033438809476557 ] } },
{ "type": "Feature", "properties": { "Plot": "OL5", "Column": 1, "Line": 1, "ID": 241 }, "geometry": { "type": "Point", "coordinates": [ -3.945547493115523, 39.032319570167132 ] } },
{ "type": "Feature", "properties": { "Plot": "OL5", "Column": null, "Line": null, "ID": 242 }, "geometry": { "type": "Point", "coordinates": [ -3.945503117265244, 39.032349116632474 ] } },
{ "type": "Feature", "properties": { "Plot": "OL5", "Column": null, "Line": null, "ID": 243 }, "geometry": { "type": "Point", "coordinates": [ -3.94546326956295, 39.032375849138077 ] } },
{ "type": "Feature", "properties": { "Plot": "OL5", "Column": null, "Line": null, "ID": 244 }, "geometry": { "type": "Point", "coordinates": [ -3.945421610601463, 39.032406802552991 ] } },
{ "type": "Feature", "properties": { "Plot": "OL5", "Column": null, "Line": null, "ID": 245 }, "geometry": { "type": "Point", "coordinates": [ -3.945379951639976, 39.032438459440584 ] } },
{ "type": "Feature", "properties": { "Plot": "OL5", "Column": null, "Line": null, "ID": 246 }, "geometry": { "type": "Point", "coordinates": [ -3.945342820826476, 39.032467302370272 ] } },
{ "type": "Feature", "properties": { "Plot": "OL5", "Column": null, "Line": null, "ID": 247 }, "geometry": { "type": "Point", "coordinates": [ -3.945306595642573, 39.032496848773839 ] } },
{ "type": "Feature", "properties": { "Plot": "OL5", "Column": null, "Line": null, "ID": 248 }, "geometry": { "type": "Point", "coordinates": [ -3.945266747940281, 39.032531319562395 ] } },
{ "type": "Feature", "properties": { "Plot": "OL5", "Column": null, "Line": null, "ID": 249 }, "geometry": { "type": "Point", "coordinates": [ -3.945224183349196, 39.032568604273941 ] } },
{ "type": "Feature", "properties": { "Plot": "OL5", "Column": null, "Line": null, "ID": 250 }, "geometry": { "type": "Point", "coordinates": [ -3.945187052535696, 39.032597447150508 ] } },
{ "type": "Feature", "properties": { "Plot": "OL5", "Column": null, "Line": null, "ID": 251 }, "geometry": { "type": "Point", "coordinates": [ -3.945152638610989, 39.032620662140182 ] } },
{ "type": "Feature", "properties": { "Plot": "OL5", "Column": null, "Line": null, "ID": 252 }, "geometry": { "type": "Point", "coordinates": [ -3.945113696538293, 39.032650911963763 ] } },
{ "type": "Feature", "properties": { "Plot": "OL5", "Column": null, "Line": null, "ID": 253 }, "geometry": { "type": "Point", "coordinates": [ -3.945075660095196, 39.032680458290564 ] } },
{ "type": "Feature", "properties": { "Plot": "OL5", "Column": null, "Line": null, "ID": 254 }, "geometry": { "type": "Point", "coordinates": [ -3.945036718022501, 39.032710004605015 ] } },
{ "type": "Feature", "properties": { "Plot": "OL5", "Column": null, "Line": null, "ID": 255 }, "geometry": { "type": "Point", "coordinates": [ -3.944991436542624, 39.032740254390362 ] } },
{ "type": "Feature", "properties": { "Plot": "OL5", "Column": null, "Line": null, "ID": 256 }, "geometry": { "type": "Point", "coordinates": [ -3.944959739506709, 39.032766283265047 ] } },
{ "type": "Feature", "properties": { "Plot": "OL5", "Column": null, "Line": null, "ID": 257 }, "geometry": { "type": "Point", "coordinates": [ -3.944922608693209, 39.032802160887421 ] } },
{ "type": "Feature", "properties": { "Plot": "OL5", "Column": null, "Line": null, "ID": 258 }, "geometry": { "type": "Point", "coordinates": [ -3.944878232842929, 39.032828189739305 ] } },
{ "type": "Feature", "properties": { "Plot": "OL5", "Column": null, "Line": null, "ID": 259 }, "geometry": { "type": "Point", "coordinates": [ -3.944841102029429, 39.032858439474055 ] } },
{ "type": "Feature", "properties": { "Plot": "OL5", "Column": null, "Line": null, "ID": 260 }, "geometry": { "type": "Point", "coordinates": [ -3.944804876845526, 39.032890096159349 ] } },
{ "type": "Feature", "properties": { "Plot": "OL5", "Column": null, "Line": null, "ID": 261 }, "geometry": { "type": "Point", "coordinates": [ -3.944761406624844, 39.032916124978861 ] } },
{ "type": "Feature", "properties": { "Plot": "OL5", "Column": null, "Line": null, "ID": 262 }, "geometry": { "type": "Point", "coordinates": [ -3.944721558922551, 39.032954112968497 ] } },
{ "type": "Feature", "properties": { "Plot": "OL5", "Column": null, "Line": null, "ID": 263 }, "geometry": { "type": "Point", "coordinates": [ -3.944686239368246, 39.032979438283583 ] } },
{ "type": "Feature", "properties": { "Plot": "OL5", "Column": null, "Line": null, "ID": 264 }, "geometry": { "type": "Point", "coordinates": [ -3.944652731073138, 39.033008984473042 ] } },
{ "type": "Feature", "properties": { "Plot": "OL5", "Column": null, "Line": null, "ID": 265 }, "geometry": { "type": "Point", "coordinates": [ -3.944615600259637, 39.033041344571124 ] } },
{ "type": "Feature", "properties": { "Plot": "OL5", "Column": null, "Line": null, "ID": 266 }, "geometry": { "type": "Point", "coordinates": [ -3.944575752557345, 39.033070187254765 ] } },
{ "type": "Feature", "properties": { "Plot": "OL5", "Column": null, "Line": null, "ID": 267 }, "geometry": { "type": "Point", "coordinates": [ -3.944530471077467, 39.033100436885938 ] } },
{ "type": "Feature", "properties": { "Plot": "OL5", "Column": null, "Line": null, "ID": 268 }, "geometry": { "type": "Point", "coordinates": [ -3.944494245893565, 39.0331299830248 ] } },
{ "type": "Feature", "properties": { "Plot": "OL5", "Column": null, "Line": null, "ID": 269 }, "geometry": { "type": "Point", "coordinates": [ -3.944456209450467, 39.033153901318656 ] } },
{ "type": "Feature", "properties": { "Plot": "OL5", "Column": null, "Line": null, "ID": 270 }, "geometry": { "type": "Point", "coordinates": [ -3.944413644859381, 39.033190482222999 ] } },
{ "type": "Feature", "properties": { "Plot": "OL5", "Column": null, "Line": null, "ID": 271 }, "geometry": { "type": "Point", "coordinates": [ -3.944371080268297, 39.033220028324237 ] } },
{ "type": "Feature", "properties": { "Plot": "OL5", "Column": null, "Line": null, "ID": 272 }, "geometry": { "type": "Point", "coordinates": [ -3.944337571973187, 39.033240429196432 ] } },
{ "type": "Feature", "properties": { "Plot": "OL5", "Column": null, "Line": null, "ID": 273 }, "geometry": { "type": "Point", "coordinates": [ -3.94430315804848, 39.033274899622313 ] } },
{ "type": "Feature", "properties": { "Plot": "OL5", "Column": null, "Line": null, "ID": 274 }, "geometry": { "type": "Point", "coordinates": [ -3.94426240471659, 39.03330374221062 ] } },
{ "type": "Feature", "properties": { "Plot": "OL5", "Column": null, "Line": null, "ID": 275 }, "geometry": { "type": "Point", "coordinates": [ -3.944226179532688, 39.033330474355139 ] } },
{ "type": "Feature", "properties": { "Plot": "OL5", "Column": null, "Line": null, "ID": 276 }, "geometry": { "type": "Point", "coordinates": [ -3.944183614941602, 39.033364944737087 ] } },
{ "type": "Feature", "properties": { "Plot": "OL5", "Column": null, "Line": null, "ID": 277 }, "geometry": { "type": "Point", "coordinates": [ -3.944152823535286, 39.033399415102224 ] } },
{ "type": "Feature", "properties": { "Plot": "OL5", "Column": null, "Line": null, "ID": 278 }, "geometry": { "type": "Point", "coordinates": [ -3.944102108277822, 39.033430368068828 ] } },
{ "type": "Feature", "properties": { "Plot": "OL5", "Column": null, "Line": null, "ID": 279 }, "geometry": { "type": "Point", "coordinates": [ -3.944064977464322, 39.033457100165435 ] } },
{ "type": "Feature", "properties": { "Plot": "OL5", "Column": null, "Line": null, "ID": 280 }, "geometry": { "type": "Point", "coordinates": [ -3.944030563539615, 39.033486646155204 ] } },
{ "type": "Feature", "properties": { "Plot": "OL5", "Column": 1, "Line": 1, "ID": 281 }, "geometry": { "type": "Point", "coordinates": [ -3.945605453409767, 39.032361778974348 ] } },
{ "type": "Feature", "properties": { "Plot": "OL5", "Column": null, "Line": null, "ID": 282 }, "geometry": { "type": "Point", "coordinates": [ -3.945561077559487, 39.03239132543969 ] } },
{ "type": "Feature", "properties": { "Plot": "OL5", "Column": null, "Line": null, "ID": 283 }, "geometry": { "type": "Point", "coordinates": [ -3.945521229857194, 39.032418057945293 ] } },
{ "type": "Feature", "properties": { "Plot": "OL5", "Column": null, "Line": null, "ID": 284 }, "geometry": { "type": "Point", "coordinates": [ -3.945479570895706, 39.032449011360207 ] } },
{ "type": "Feature", "properties": { "Plot": "OL5", "Column": null, "Line": null, "ID": 285 }, "geometry": { "type": "Point", "coordinates": [ -3.945437911934219, 39.0324806682478 ] } },
{ "type": "Feature", "properties": { "Plot": "OL5", "Column": null, "Line": null, "ID": 286 }, "geometry": { "type": "Point", "coordinates": [ -3.945400781120719, 39.032509511177487 ] } },
{ "type": "Feature", "properties": { "Plot": "OL5", "Column": null, "Line": null, "ID": 287 }, "geometry": { "type": "Point", "coordinates": [ -3.945364555936817, 39.032539057581054 ] } },
{ "type": "Feature", "properties": { "Plot": "OL5", "Column": null, "Line": null, "ID": 288 }, "geometry": { "type": "Point", "coordinates": [ -3.945324708234524, 39.03257352836961 ] } },
{ "type": "Feature", "properties": { "Plot": "OL5", "Column": null, "Line": null, "ID": 289 }, "geometry": { "type": "Point", "coordinates": [ -3.945282143643439, 39.032610813081156 ] } },
{ "type": "Feature", "properties": { "Plot": "OL5", "Column": null, "Line": null, "ID": 290 }, "geometry": { "type": "Point", "coordinates": [ -3.945245012829939, 39.032639655957723 ] } },
{ "type": "Feature", "properties": { "Plot": "OL5", "Column": null, "Line": null, "ID": 291 }, "geometry": { "type": "Point", "coordinates": [ -3.945210598905232, 39.032662870947398 ] } },
{ "type": "Feature", "properties": { "Plot": "OL5", "Column": null, "Line": null, "ID": 292 }, "geometry": { "type": "Point", "coordinates": [ -3.945171656832537, 39.032693120770979 ] } },
{ "type": "Feature", "properties": { "Plot": "OL5", "Column": null, "Line": null, "ID": 293 }, "geometry": { "type": "Point", "coordinates": [ -3.94513362038944, 39.032722667097779 ] } },
{ "type": "Feature", "properties": { "Plot": "OL5", "Column": null, "Line": null, "ID": 294 }, "geometry": { "type": "Point", "coordinates": [ -3.945094678316745, 39.03275221341223 ] } },
{ "type": "Feature", "properties": { "Plot": "OL5", "Column": null, "Line": null, "ID": 295 }, "geometry": { "type": "Point", "coordinates": [ -3.945049396836867, 39.032782463197577 ] } },
{ "type": "Feature", "properties": { "Plot": "OL5", "Column": null, "Line": null, "ID": 296 }, "geometry": { "type": "Point", "coordinates": [ -3.945017699800952, 39.032808492072263 ] } },
{ "type": "Feature", "properties": { "Plot": "OL5", "Column": null, "Line": null, "ID": 297 }, "geometry": { "type": "Point", "coordinates": [ -3.944980568987452, 39.032844369694637 ] } },
{ "type": "Feature", "properties": { "Plot": "OL5", "Column": null, "Line": null, "ID": 298 }, "geometry": { "type": "Point", "coordinates": [ -3.944936193137172, 39.032870398546521 ] } },
{ "type": "Feature", "properties": { "Plot": "OL5", "Column": null, "Line": null, "ID": 299 }, "geometry": { "type": "Point", "coordinates": [ -3.944899062323672, 39.03290064828127 ] } },
{ "type": "Feature", "properties": { "Plot": "OL5", "Column": null, "Line": null, "ID": 300 }, "geometry": { "type": "Point", "coordinates": [ -3.94486283713977, 39.032932304966565 ] } },
{ "type": "Feature", "properties": { "Plot": "OL5", "Column": null, "Line": null, "ID": 301 }, "geometry": { "type": "Point", "coordinates": [ -3.944819366919087, 39.032958333786077 ] } },
{ "type": "Feature", "properties": { "Plot": "OL5", "Column": null, "Line": null, "ID": 302 }, "geometry": { "type": "Point", "coordinates": [ -3.944779519216794, 39.032996321775713 ] } },
{ "type": "Feature", "properties": { "Plot": "OL5", "Column": null, "Line": null, "ID": 303 }, "geometry": { "type": "Point", "coordinates": [ -3.94474419966249, 39.033021647090798 ] } },
{ "type": "Feature", "properties": { "Plot": "OL5", "Column": null, "Line": null, "ID": 304 }, "geometry": { "type": "Point", "coordinates": [ -3.944710691367381, 39.033051193280258 ] } },
{ "type": "Feature", "properties": { "Plot": "OL5", "Column": null, "Line": null, "ID": 305 }, "geometry": { "type": "Point", "coordinates": [ -3.944673560553881, 39.03308355337834 ] } },
{ "type": "Feature", "properties": { "Plot": "OL5", "Column": null, "Line": null, "ID": 306 }, "geometry": { "type": "Point", "coordinates": [ -3.944633712851588, 39.033112396061981 ] } },
{ "type": "Feature", "properties": { "Plot": "OL5", "Column": null, "Line": null, "ID": 307 }, "geometry": { "type": "Point", "coordinates": [ -3.94458843137171, 39.033142645693154 ] } },
{ "type": "Feature", "properties": { "Plot": "OL5", "Column": null, "Line": null, "ID": 308 }, "geometry": { "type": "Point", "coordinates": [ -3.944552206187808, 39.033172191832016 ] } },
{ "type": "Feature", "properties": { "Plot": "OL5", "Column": null, "Line": null, "ID": 309 }, "geometry": { "type": "Point", "coordinates": [ -3.944514169744711, 39.033196110125871 ] } },
{ "type": "Feature", "properties": { "Plot": "OL5", "Column": null, "Line": null, "ID": 310 }, "geometry": { "type": "Point", "coordinates": [ -3.944471605153625, 39.033232691030214 ] } },
{ "type": "Feature", "properties": { "Plot": "OL5", "Column": null, "Line": null, "ID": 311 }, "geometry": { "type": "Point", "coordinates": [ -3.94442904056254, 39.033262237131453 ] } },
{ "type": "Feature", "properties": { "Plot": "OL5", "Column": null, "Line": null, "ID": 312 }, "geometry": { "type": "Point", "coordinates": [ -3.94439553226743, 39.033282638003648 ] } },
{ "type": "Feature", "properties": { "Plot": "OL5", "Column": null, "Line": null, "ID": 313 }, "geometry": { "type": "Point", "coordinates": [ -3.944361118342723, 39.033317108429529 ] } },
{ "type": "Feature", "properties": { "Plot": "OL5", "Column": null, "Line": null, "ID": 314 }, "geometry": { "type": "Point", "coordinates": [ -3.944320365010833, 39.033345951017836 ] } },
{ "type": "Feature", "properties": { "Plot": "OL5", "Column": null, "Line": null, "ID": 315 }, "geometry": { "type": "Point", "coordinates": [ -3.944284139826931, 39.033372683162355 ] } },
{ "type": "Feature", "properties": { "Plot": "OL5", "Column": null, "Line": null, "ID": 316 }, "geometry": { "type": "Point", "coordinates": [ -3.944241575235846, 39.033407153544303 ] } },
{ "type": "Feature", "properties": { "Plot": "OL5", "Column": null, "Line": null, "ID": 317 }, "geometry": { "type": "Point", "coordinates": [ -3.944210783829529, 39.033441623909439 ] } },
{ "type": "Feature", "properties": { "Plot": "OL5", "Column": null, "Line": null, "ID": 318 }, "geometry": { "type": "Point", "coordinates": [ -3.944160068572065, 39.033472576876044 ] } },
{ "type": "Feature", "properties": { "Plot": "OL5", "Column": null, "Line": null, "ID": 319 }, "geometry": { "type": "Point", "coordinates": [ -3.944122937758566, 39.033499308972651 ] } },
{ "type": "Feature", "properties": { "Plot": "OL5", "Column": null, "Line": null, "ID": 320 }, "geometry": { "type": "Point", "coordinates": [ -3.944088523833858, 39.03352885496242 ] } },
{ "type": "Feature", "properties": { "Plot": "OL5", "Column": 1, "Line": 1, "ID": 321 }, "geometry": { "type": "Point", "coordinates": [ -3.945670658740791, 39.032401173838331 ] } },
{ "type": "Feature", "properties": { "Plot": "OL5", "Column": null, "Line": null, "ID": 322 }, "geometry": { "type": "Point", "coordinates": [ -3.945626282890511, 39.032430720303672 ] } },
{ "type": "Feature", "properties": { "Plot": "OL5", "Column": null, "Line": null, "ID": 323 }, "geometry": { "type": "Point", "coordinates": [ -3.945586435188218, 39.032457452809275 ] } },
{ "type": "Feature", "properties": { "Plot": "OL5", "Column": null, "Line": null, "ID": 324 }, "geometry": { "type": "Point", "coordinates": [ -3.94554477622673, 39.032488406224189 ] } },
{ "type": "Feature", "properties": { "Plot": "OL5", "Column": null, "Line": null, "ID": 325 }, "geometry": { "type": "Point", "coordinates": [ -3.945503117265243, 39.032520063111782 ] } },
{ "type": "Feature", "properties": { "Plot": "OL5", "Column": null, "Line": null, "ID": 326 }, "geometry": { "type": "Point", "coordinates": [ -3.945465986451743, 39.03254890604147 ] } },
{ "type": "Feature", "properties": { "Plot": "OL5", "Column": null, "Line": null, "ID": 327 }, "geometry": { "type": "Point", "coordinates": [ -3.945429761267841, 39.032578452445037 ] } },
{ "type": "Feature", "properties": { "Plot": "OL5", "Column": null, "Line": null, "ID": 328 }, "geometry": { "type": "Point", "coordinates": [ -3.945389913565548, 39.032612923233593 ] } },
{ "type": "Feature", "properties": { "Plot": "OL5", "Column": null, "Line": null, "ID": 329 }, "geometry": { "type": "Point", "coordinates": [ -3.945347348974463, 39.032650207945139 ] } },
{ "type": "Feature", "properties": { "Plot": "OL5", "Column": null, "Line": null, "ID": 330 }, "geometry": { "type": "Point", "coordinates": [ -3.945310218160963, 39.032679050821706 ] } },
{ "type": "Feature", "properties": { "Plot": "OL5", "Column": null, "Line": null, "ID": 331 }, "geometry": { "type": "Point", "coordinates": [ -3.945275804236256, 39.03270226581138 ] } },
{ "type": "Feature", "properties": { "Plot": "OL5", "Column": null, "Line": null, "ID": 332 }, "geometry": { "type": "Point", "coordinates": [ -3.945236862163561, 39.032732515634962 ] } },
{ "type": "Feature", "properties": { "Plot": "OL5", "Column": null, "Line": null, "ID": 333 }, "geometry": { "type": "Point", "coordinates": [ -3.945198825720464, 39.032762061961762 ] } },
{ "type": "Feature", "properties": { "Plot": "OL5", "Column": null, "Line": null, "ID": 334 }, "geometry": { "type": "Point", "coordinates": [ -3.945159883647769, 39.032791608276213 ] } },
{ "type": "Feature", "properties": { "Plot": "OL5", "Column": null, "Line": null, "ID": 335 }, "geometry": { "type": "Point", "coordinates": [ -3.945114602167891, 39.03282185806156 ] } },
{ "type": "Feature", "properties": { "Plot": "OL5", "Column": null, "Line": null, "ID": 336 }, "geometry": { "type": "Point", "coordinates": [ -3.945082905131976, 39.032847886936246 ] } },
{ "type": "Feature", "properties": { "Plot": "OL5", "Column": null, "Line": null, "ID": 337 }, "geometry": { "type": "Point", "coordinates": [ -3.945045774318476, 39.032883764558619 ] } },
{ "type": "Feature", "properties": { "Plot": "OL5", "Column": null, "Line": null, "ID": 338 }, "geometry": { "type": "Point", "coordinates": [ -3.945001398468196, 39.032909793410504 ] } },
{ "type": "Feature", "properties": { "Plot": "OL5", "Column": null, "Line": null, "ID": 339 }, "geometry": { "type": "Point", "coordinates": [ -3.944964267654696, 39.032940043145253 ] } },
{ "type": "Feature", "properties": { "Plot": "OL5", "Column": null, "Line": null, "ID": 340 }, "geometry": { "type": "Point", "coordinates": [ -3.944928042470794, 39.032971699830547 ] } },
{ "type": "Feature", "properties": { "Plot": "OL5", "Column": null, "Line": null, "ID": 341 }, "geometry": { "type": "Point", "coordinates": [ -3.944884572250111, 39.032997728650059 ] } },
{ "type": "Feature", "properties": { "Plot": "OL5", "Column": null, "Line": null, "ID": 342 }, "geometry": { "type": "Point", "coordinates": [ -3.944844724547818, 39.033035716639695 ] } },
{ "type": "Feature", "properties": { "Plot": "OL5", "Column": null, "Line": null, "ID": 343 }, "geometry": { "type": "Point", "coordinates": [ -3.944809404993514, 39.033061041954781 ] } },
{ "type": "Feature", "properties": { "Plot": "OL5", "Column": null, "Line": null, "ID": 344 }, "geometry": { "type": "Point", "coordinates": [ -3.944775896698405, 39.03309058814424 ] } },
{ "type": "Feature", "properties": { "Plot": "OL5", "Column": null, "Line": null, "ID": 345 }, "geometry": { "type": "Point", "coordinates": [ -3.944738765884904, 39.033122948242323 ] } },
{ "type": "Feature", "properties": { "Plot": "OL5", "Column": null, "Line": null, "ID": 346 }, "geometry": { "type": "Point", "coordinates": [ -3.944698918182612, 39.033151790925963 ] } },
{ "type": "Feature", "properties": { "Plot": "OL5", "Column": null, "Line": null, "ID": 347 }, "geometry": { "type": "Point", "coordinates": [ -3.944653636702734, 39.033182040557136 ] } },
{ "type": "Feature", "properties": { "Plot": "OL5", "Column": null, "Line": null, "ID": 348 }, "geometry": { "type": "Point", "coordinates": [ -3.944617411518832, 39.033211586695998 ] } },
{ "type": "Feature", "properties": { "Plot": "OL5", "Column": null, "Line": null, "ID": 349 }, "geometry": { "type": "Point", "coordinates": [ -3.944579375075735, 39.033235504989854 ] } },
{ "type": "Feature", "properties": { "Plot": "OL5", "Column": null, "Line": null, "ID": 350 }, "geometry": { "type": "Point", "coordinates": [ -3.944536810484649, 39.033272085894197 ] } },
{ "type": "Feature", "properties": { "Plot": "OL5", "Column": null, "Line": null, "ID": 351 }, "geometry": { "type": "Point", "coordinates": [ -3.944494245893564, 39.033301631995435 ] } },
{ "type": "Feature", "properties": { "Plot": "OL5", "Column": null, "Line": null, "ID": 352 }, "geometry": { "type": "Point", "coordinates": [ -3.944460737598454, 39.03332203286763 ] } },
{ "type": "Feature", "properties": { "Plot": "OL5", "Column": null, "Line": null, "ID": 353 }, "geometry": { "type": "Point", "coordinates": [ -3.944426323673747, 39.033356503293511 ] } },
{ "type": "Feature", "properties": { "Plot": "OL5", "Column": null, "Line": null, "ID": 354 }, "geometry": { "type": "Point", "coordinates": [ -3.944385570341857, 39.033385345881818 ] } },
{ "type": "Feature", "properties": { "Plot": "OL5", "Column": null, "Line": null, "ID": 355 }, "geometry": { "type": "Point", "coordinates": [ -3.944349345157955, 39.033412078026338 ] } },
{ "type": "Feature", "properties": { "Plot": "OL5", "Column": null, "Line": null, "ID": 356 }, "geometry": { "type": "Point", "coordinates": [ -3.944306780566869, 39.033446548408286 ] } },
{ "type": "Feature", "properties": { "Plot": "OL5", "Column": null, "Line": null, "ID": 357 }, "geometry": { "type": "Point", "coordinates": [ -3.944275989160553, 39.033481018773422 ] } },
{ "type": "Feature", "properties": { "Plot": "OL5", "Column": null, "Line": null, "ID": 358 }, "geometry": { "type": "Point", "coordinates": [ -3.944225273903089, 39.033511971740026 ] } },
{ "type": "Feature", "properties": { "Plot": "OL5", "Column": null, "Line": null, "ID": 359 }, "geometry": { "type": "Point", "coordinates": [ -3.94418814308959, 39.033538703836633 ] } },
{ "type": "Feature", "properties": { "Plot": "OL5", "Column": null, "Line": null, "ID": 360 }, "geometry": { "type": "Point", "coordinates": [ -3.944153729164882, 39.033568249826402 ] } },
{ "type": "Feature", "properties": { "Plot": "OL5", "Column": 1, "Line": 1, "ID": 361 }, "geometry": { "type": "Point", "coordinates": [ -3.945724996516645, 39.032457452177368 ] } },
{ "type": "Feature", "properties": { "Plot": "OL5", "Column": null, "Line": null, "ID": 362 }, "geometry": { "type": "Point", "coordinates": [ -3.945680620666365, 39.03248699864271 ] } },
{ "type": "Feature", "properties": { "Plot": "OL5", "Column": null, "Line": null, "ID": 363 }, "geometry": { "type": "Point", "coordinates": [ -3.945640772964071, 39.032513731148313 ] } },
{ "type": "Feature", "properties": { "Plot": "OL5", "Column": null, "Line": null, "ID": 364 }, "geometry": { "type": "Point", "coordinates": [ -3.945599114002584, 39.032544684563227 ] } },
{ "type": "Feature", "properties": { "Plot": "OL5", "Column": null, "Line": null, "ID": 365 }, "geometry": { "type": "Point", "coordinates": [ -3.945557455041097, 39.03257634145082 ] } },
{ "type": "Feature", "properties": { "Plot": "OL5", "Column": null, "Line": null, "ID": 366 }, "geometry": { "type": "Point", "coordinates": [ -3.945520324227597, 39.032605184380508 ] } },
{ "type": "Feature", "properties": { "Plot": "OL5", "Column": null, "Line": null, "ID": 367 }, "geometry": { "type": "Point", "coordinates": [ -3.945484099043695, 39.032634730784075 ] } },
{ "type": "Feature", "properties": { "Plot": "OL5", "Column": null, "Line": null, "ID": 368 }, "geometry": { "type": "Point", "coordinates": [ -3.945444251341402, 39.032669201572631 ] } },
{ "type": "Feature", "properties": { "Plot": "OL5", "Column": null, "Line": null, "ID": 369 }, "geometry": { "type": "Point", "coordinates": [ -3.945401686750317, 39.032706486284177 ] } },
{ "type": "Feature", "properties": { "Plot": "OL5", "Column": null, "Line": null, "ID": 370 }, "geometry": { "type": "Point", "coordinates": [ -3.945364555936817, 39.032735329160744 ] } },
{ "type": "Feature", "properties": { "Plot": "OL5", "Column": null, "Line": null, "ID": 371 }, "geometry": { "type": "Point", "coordinates": [ -3.94533014201211, 39.032758544150418 ] } },
{ "type": "Feature", "properties": { "Plot": "OL5", "Column": null, "Line": null, "ID": 372 }, "geometry": { "type": "Point", "coordinates": [ -3.945291199939414, 39.032788793973999 ] } },
{ "type": "Feature", "properties": { "Plot": "OL5", "Column": null, "Line": null, "ID": 373 }, "geometry": { "type": "Point", "coordinates": [ -3.945253163496317, 39.0328183403008 ] } },
{ "type": "Feature", "properties": { "Plot": "OL5", "Column": null, "Line": null, "ID": 374 }, "geometry": { "type": "Point", "coordinates": [ -3.945214221423623, 39.032847886615251 ] } },
{ "type": "Feature", "properties": { "Plot": "OL5", "Column": null, "Line": null, "ID": 375 }, "geometry": { "type": "Point", "coordinates": [ -3.945168939943745, 39.032878136400598 ] } },
{ "type": "Feature", "properties": { "Plot": "OL5", "Column": null, "Line": null, "ID": 376 }, "geometry": { "type": "Point", "coordinates": [ -3.94513724290783, 39.032904165275284 ] } },
{ "type": "Feature", "properties": { "Plot": "OL5", "Column": null, "Line": null, "ID": 377 }, "geometry": { "type": "Point", "coordinates": [ -3.94510011209433, 39.032940042897657 ] } },
{ "type": "Feature", "properties": { "Plot": "OL5", "Column": null, "Line": null, "ID": 378 }, "geometry": { "type": "Point", "coordinates": [ -3.94505573624405, 39.032966071749541 ] } },
{ "type": "Feature", "properties": { "Plot": "OL5", "Column": null, "Line": null, "ID": 379 }, "geometry": { "type": "Point", "coordinates": [ -3.94501860543055, 39.032996321484291 ] } },
{ "type": "Feature", "properties": { "Plot": "OL5", "Column": null, "Line": null, "ID": 380 }, "geometry": { "type": "Point", "coordinates": [ -3.944982380246647, 39.033027978169585 ] } },
{ "type": "Feature", "properties": { "Plot": "OL5", "Column": null, "Line": null, "ID": 381 }, "geometry": { "type": "Point", "coordinates": [ -3.944938910025965, 39.033054006989097 ] } },
{ "type": "Feature", "properties": { "Plot": "OL5", "Column": null, "Line": null, "ID": 382 }, "geometry": { "type": "Point", "coordinates": [ -3.944899062323672, 39.033091994978733 ] } },
{ "type": "Feature", "properties": { "Plot": "OL5", "Column": null, "Line": null, "ID": 383 }, "geometry": { "type": "Point", "coordinates": [ -3.944863742769368, 39.033117320293819 ] } },
{ "type": "Feature", "properties": { "Plot": "OL5", "Column": null, "Line": null, "ID": 384 }, "geometry": { "type": "Point", "coordinates": [ -3.944830234474259, 39.033146866483278 ] } },
{ "type": "Feature", "properties": { "Plot": "OL5", "Column": null, "Line": null, "ID": 385 }, "geometry": { "type": "Point", "coordinates": [ -3.944793103660758, 39.03317922658136 ] } },
{ "type": "Feature", "properties": { "Plot": "OL5", "Column": null, "Line": null, "ID": 386 }, "geometry": { "type": "Point", "coordinates": [ -3.944753255958466, 39.033208069265001 ] } },
{ "type": "Feature", "properties": { "Plot": "OL5", "Column": null, "Line": null, "ID": 387 }, "geometry": { "type": "Point", "coordinates": [ -3.944707974478588, 39.033238318896174 ] } },
{ "type": "Feature", "properties": { "Plot": "OL5", "Column": null, "Line": null, "ID": 388 }, "geometry": { "type": "Point", "coordinates": [ -3.944671749294686, 39.033267865035036 ] } },
{ "type": "Feature", "properties": { "Plot": "OL5", "Column": null, "Line": null, "ID": 389 }, "geometry": { "type": "Point", "coordinates": [ -3.944633712851588, 39.033291783328892 ] } },
{ "type": "Feature", "properties": { "Plot": "OL5", "Column": null, "Line": null, "ID": 390 }, "geometry": { "type": "Point", "coordinates": [ -3.944591148260503, 39.033328364233235 ] } },
{ "type": "Feature", "properties": { "Plot": "OL5", "Column": null, "Line": null, "ID": 391 }, "geometry": { "type": "Point", "coordinates": [ -3.944548583669418, 39.033357910334473 ] } },
{ "type": "Feature", "properties": { "Plot": "OL5", "Column": null, "Line": null, "ID": 392 }, "geometry": { "type": "Point", "coordinates": [ -3.944515075374308, 39.033378311206668 ] } },
{ "type": "Feature", "properties": { "Plot": "OL5", "Column": null, "Line": null, "ID": 393 }, "geometry": { "type": "Point", "coordinates": [ -3.944480661449601, 39.033412781632549 ] } },
{ "type": "Feature", "properties": { "Plot": "OL5", "Column": null, "Line": null, "ID": 394 }, "geometry": { "type": "Point", "coordinates": [ -3.944439908117711, 39.033441624220856 ] } },
{ "type": "Feature", "properties": { "Plot": "OL5", "Column": null, "Line": null, "ID": 395 }, "geometry": { "type": "Point", "coordinates": [ -3.944403682933809, 39.033468356365375 ] } },
{ "type": "Feature", "properties": { "Plot": "OL5", "Column": null, "Line": null, "ID": 396 }, "geometry": { "type": "Point", "coordinates": [ -3.944361118342723, 39.033502826747323 ] } },
{ "type": "Feature", "properties": { "Plot": "OL5", "Column": null, "Line": null, "ID": 397 }, "geometry": { "type": "Point", "coordinates": [ -3.944330326936407, 39.03353729711246 ] } },
{ "type": "Feature", "properties": { "Plot": "OL5", "Column": null, "Line": null, "ID": 398 }, "geometry": { "type": "Point", "coordinates": [ -3.944279611678943, 39.033568250079064 ] } },
{ "type": "Feature", "properties": { "Plot": "OL5", "Column": null, "Line": null, "ID": 399 }, "geometry": { "type": "Point", "coordinates": [ -3.944242480865443, 39.033594982175671 ] } },
{ "type": "Feature", "properties": { "Plot": "OL5", "Column": null, "Line": null, "ID": 400 }, "geometry": { "type": "Point", "coordinates": [ -3.944208066940736, 39.03362452816544 ] } },
{ "type": "Feature", "properties": { "Plot": "OL5", "Column": 1, "Line": 1, "ID": 401 }, "geometry": { "type": "Point", "coordinates": [ -3.945772089255717, 39.032505288730299 ] } },
{ "type": "Feature", "properties": { "Plot": "OL5", "Column": null, "Line": null, "ID": 402 }, "geometry": { "type": "Point", "coordinates": [ -3.945727713405438, 39.032534835195641 ] } },
{ "type": "Feature", "properties": { "Plot": "OL5", "Column": null, "Line": null, "ID": 403 }, "geometry": { "type": "Point", "coordinates": [ -3.945687865703144, 39.032561567701244 ] } },
{ "type": "Feature", "properties": { "Plot": "OL5", "Column": null, "Line": null, "ID": 404 }, "geometry": { "type": "Point", "coordinates": [ -3.945646206741657, 39.032592521116158 ] } },
{ "type": "Feature", "properties": { "Plot": "OL5", "Column": null, "Line": null, "ID": 405 }, "geometry": { "type": "Point", "coordinates": [ -3.94560454778017, 39.032624178003751 ] } },
{ "type": "Feature", "properties": { "Plot": "OL5", "Column": null, "Line": null, "ID": 406 }, "geometry": { "type": "Point", "coordinates": [ -3.94556741696667, 39.032653020933438 ] } },
{ "type": "Feature", "properties": { "Plot": "OL5", "Column": null, "Line": null, "ID": 407 }, "geometry": { "type": "Point", "coordinates": [ -3.945531191782767, 39.032682567337005 ] } },
{ "type": "Feature", "properties": { "Plot": "OL5", "Column": null, "Line": null, "ID": 408 }, "geometry": { "type": "Point", "coordinates": [ -3.945491344080475, 39.032717038125561 ] } },
{ "type": "Feature", "properties": { "Plot": "OL5", "Column": null, "Line": null, "ID": 409 }, "geometry": { "type": "Point", "coordinates": [ -3.94544877948939, 39.032754322837107 ] } },
{ "type": "Feature", "properties": { "Plot": "OL5", "Column": null, "Line": null, "ID": 410 }, "geometry": { "type": "Point", "coordinates": [ -3.945411648675889, 39.032783165713674 ] } },
{ "type": "Feature", "properties": { "Plot": "OL5", "Column": null, "Line": null, "ID": 411 }, "geometry": { "type": "Point", "coordinates": [ -3.945377234751183, 39.032806380703349 ] } },
{ "type": "Feature", "properties": { "Plot": "OL5", "Column": null, "Line": null, "ID": 412 }, "geometry": { "type": "Point", "coordinates": [ -3.945338292678487, 39.03283663052693 ] } },
{ "type": "Feature", "properties": { "Plot": "OL5", "Column": null, "Line": null, "ID": 413 }, "geometry": { "type": "Point", "coordinates": [ -3.94530025623539, 39.03286617685373 ] } },
{ "type": "Feature", "properties": { "Plot": "OL5", "Column": null, "Line": null, "ID": 414 }, "geometry": { "type": "Point", "coordinates": [ -3.945261314162695, 39.032895723168181 ] } },
{ "type": "Feature", "properties": { "Plot": "OL5", "Column": null, "Line": null, "ID": 415 }, "geometry": { "type": "Point", "coordinates": [ -3.945216032682818, 39.032925972953528 ] } },
{ "type": "Feature", "properties": { "Plot": "OL5", "Column": null, "Line": null, "ID": 416 }, "geometry": { "type": "Point", "coordinates": [ -3.945184335646903, 39.032952001828214 ] } },
{ "type": "Feature", "properties": { "Plot": "OL5", "Column": null, "Line": null, "ID": 417 }, "geometry": { "type": "Point", "coordinates": [ -3.945147204833403, 39.032987879450587 ] } },
{ "type": "Feature", "properties": { "Plot": "OL5", "Column": null, "Line": null, "ID": 418 }, "geometry": { "type": "Point", "coordinates": [ -3.945102828983123, 39.033013908302472 ] } },
{ "type": "Feature", "properties": { "Plot": "OL5", "Column": null, "Line": null, "ID": 419 }, "geometry": { "type": "Point", "coordinates": [ -3.945065698169623, 39.033044158037221 ] } },
{ "type": "Feature", "properties": { "Plot": "OL5", "Column": null, "Line": null, "ID": 420 }, "geometry": { "type": "Point", "coordinates": [ -3.94502947298572, 39.033075814722515 ] } },
{ "type": "Feature", "properties": { "Plot": "OL5", "Column": null, "Line": null, "ID": 421 }, "geometry": { "type": "Point", "coordinates": [ -3.944986002765038, 39.033101843542028 ] } },
{ "type": "Feature", "properties": { "Plot": "OL5", "Column": null, "Line": null, "ID": 422 }, "geometry": { "type": "Point", "coordinates": [ -3.944946155062745, 39.033139831531663 ] } },
{ "type": "Feature", "properties": { "Plot": "OL5", "Column": null, "Line": null, "ID": 423 }, "geometry": { "type": "Point", "coordinates": [ -3.94491083550844, 39.033165156846749 ] } },
{ "type": "Feature", "properties": { "Plot": "OL5", "Column": null, "Line": null, "ID": 424 }, "geometry": { "type": "Point", "coordinates": [ -3.944877327213332, 39.033194703036209 ] } },
{ "type": "Feature", "properties": { "Plot": "OL5", "Column": null, "Line": null, "ID": 425 }, "geometry": { "type": "Point", "coordinates": [ -3.944840196399831, 39.033227063134291 ] } },
{ "type": "Feature", "properties": { "Plot": "OL5", "Column": null, "Line": null, "ID": 426 }, "geometry": { "type": "Point", "coordinates": [ -3.944800348697539, 39.033255905817931 ] } },
{ "type": "Feature", "properties": { "Plot": "OL5", "Column": null, "Line": null, "ID": 427 }, "geometry": { "type": "Point", "coordinates": [ -3.944755067217661, 39.033286155449105 ] } },
{ "type": "Feature", "properties": { "Plot": "OL5", "Column": null, "Line": null, "ID": 428 }, "geometry": { "type": "Point", "coordinates": [ -3.944718842033759, 39.033315701587966 ] } },
{ "type": "Feature", "properties": { "Plot": "OL5", "Column": null, "Line": null, "ID": 429 }, "geometry": { "type": "Point", "coordinates": [ -3.944680805590661, 39.033339619881822 ] } },
{ "type": "Feature", "properties": { "Plot": "OL5", "Column": null, "Line": null, "ID": 430 }, "geometry": { "type": "Point", "coordinates": [ -3.944638240999575, 39.033376200786165 ] } },
{ "type": "Feature", "properties": { "Plot": "OL5", "Column": null, "Line": null, "ID": 431 }, "geometry": { "type": "Point", "coordinates": [ -3.944595676408491, 39.033405746887404 ] } },
{ "type": "Feature", "properties": { "Plot": "OL5", "Column": null, "Line": null, "ID": 432 }, "geometry": { "type": "Point", "coordinates": [ -3.944562168113381, 39.033426147759599 ] } },
{ "type": "Feature", "properties": { "Plot": "OL5", "Column": null, "Line": null, "ID": 433 }, "geometry": { "type": "Point", "coordinates": [ -3.944527754188674, 39.03346061818548 ] } },
{ "type": "Feature", "properties": { "Plot": "OL5", "Column": null, "Line": null, "ID": 434 }, "geometry": { "type": "Point", "coordinates": [ -3.944487000856784, 39.033489460773787 ] } },
{ "type": "Feature", "properties": { "Plot": "OL5", "Column": null, "Line": null, "ID": 435 }, "geometry": { "type": "Point", "coordinates": [ -3.944450775672882, 39.033516192918306 ] } },
{ "type": "Feature", "properties": { "Plot": "OL5", "Column": null, "Line": null, "ID": 436 }, "geometry": { "type": "Point", "coordinates": [ -3.944408211081796, 39.033550663300254 ] } },
{ "type": "Feature", "properties": { "Plot": "OL5", "Column": null, "Line": null, "ID": 437 }, "geometry": { "type": "Point", "coordinates": [ -3.94437741967548, 39.03358513366539 ] } },
{ "type": "Feature", "properties": { "Plot": "OL5", "Column": null, "Line": null, "ID": 438 }, "geometry": { "type": "Point", "coordinates": [ -3.944326704418016, 39.033616086631994 ] } },
{ "type": "Feature", "properties": { "Plot": "OL5", "Column": null, "Line": null, "ID": 439 }, "geometry": { "type": "Point", "coordinates": [ -3.944289573604516, 39.033642818728602 ] } },
{ "type": "Feature", "properties": { "Plot": "OL5", "Column": null, "Line": null, "ID": 440 }, "geometry": { "type": "Point", "coordinates": [ -3.944255159679809, 39.03367236471837 ] } },
{ "type": "Feature", "properties": { "Plot": "OL5", "Column": 1, "Line": 1, "ID": 441 }, "geometry": { "type": "Point", "coordinates": [ -3.945848162141913, 39.032539055689348 ] } },
{ "type": "Feature", "properties": { "Plot": "OL5", "Column": null, "Line": null, "ID": 442 }, "geometry": { "type": "Point", "coordinates": [ -3.945803786291633, 39.03256860215469 ] } },
{ "type": "Feature", "properties": { "Plot": "OL5", "Column": null, "Line": null, "ID": 443 }, "geometry": { "type": "Point", "coordinates": [ -3.945763938589339, 39.032595334660293 ] } },
{ "type": "Feature", "properties": { "Plot": "OL5", "Column": null, "Line": null, "ID": 444 }, "geometry": { "type": "Point", "coordinates": [ -3.945722279627852, 39.032626288075207 ] } },
{ "type": "Feature", "properties": { "Plot": "OL5", "Column": null, "Line": null, "ID": 445 }, "geometry": { "type": "Point", "coordinates": [ -3.945680620666365, 39.0326579449628 ] } },
{ "type": "Feature", "properties": { "Plot": "OL5", "Column": null, "Line": null, "ID": 446 }, "geometry": { "type": "Point", "coordinates": [ -3.945643489852865, 39.032686787892487 ] } },
{ "type": "Feature", "properties": { "Plot": "OL5", "Column": null, "Line": null, "ID": 447 }, "geometry": { "type": "Point", "coordinates": [ -3.945607264668963, 39.032716334296055 ] } },
{ "type": "Feature", "properties": { "Plot": "OL5", "Column": null, "Line": null, "ID": 448 }, "geometry": { "type": "Point", "coordinates": [ -3.94556741696667, 39.032750805084611 ] } },
{ "type": "Feature", "properties": { "Plot": "OL5", "Column": null, "Line": null, "ID": 449 }, "geometry": { "type": "Point", "coordinates": [ -3.945524852375585, 39.032788089796156 ] } },
{ "type": "Feature", "properties": { "Plot": "OL5", "Column": null, "Line": null, "ID": 450 }, "geometry": { "type": "Point", "coordinates": [ -3.945487721562085, 39.032816932672723 ] } },
{ "type": "Feature", "properties": { "Plot": "OL5", "Column": null, "Line": null, "ID": 451 }, "geometry": { "type": "Point", "coordinates": [ -3.945453307637378, 39.032840147662398 ] } },
{ "type": "Feature", "properties": { "Plot": "OL5", "Column": null, "Line": null, "ID": 452 }, "geometry": { "type": "Point", "coordinates": [ -3.945414365564683, 39.032870397485979 ] } },
{ "type": "Feature", "properties": { "Plot": "OL5", "Column": null, "Line": null, "ID": 453 }, "geometry": { "type": "Point", "coordinates": [ -3.945376329121586, 39.032899943812779 ] } },
{ "type": "Feature", "properties": { "Plot": "OL5", "Column": null, "Line": null, "ID": 454 }, "geometry": { "type": "Point", "coordinates": [ -3.945337387048891, 39.032929490127231 ] } },
{ "type": "Feature", "properties": { "Plot": "OL5", "Column": null, "Line": null, "ID": 455 }, "geometry": { "type": "Point", "coordinates": [ -3.945292105569013, 39.032959739912577 ] } },
{ "type": "Feature", "properties": { "Plot": "OL5", "Column": null, "Line": null, "ID": 456 }, "geometry": { "type": "Point", "coordinates": [ -3.945260408533098, 39.032985768787263 ] } },
{ "type": "Feature", "properties": { "Plot": "OL5", "Column": null, "Line": null, "ID": 457 }, "geometry": { "type": "Point", "coordinates": [ -3.945223277719598, 39.033021646409637 ] } },
{ "type": "Feature", "properties": { "Plot": "OL5", "Column": null, "Line": null, "ID": 458 }, "geometry": { "type": "Point", "coordinates": [ -3.945178901869318, 39.033047675261521 ] } },
{ "type": "Feature", "properties": { "Plot": "OL5", "Column": null, "Line": null, "ID": 459 }, "geometry": { "type": "Point", "coordinates": [ -3.945141771055818, 39.03307792499627 ] } },
{ "type": "Feature", "properties": { "Plot": "OL5", "Column": null, "Line": null, "ID": 460 }, "geometry": { "type": "Point", "coordinates": [ -3.945105545871916, 39.033109581681565 ] } },
{ "type": "Feature", "properties": { "Plot": "OL5", "Column": null, "Line": null, "ID": 461 }, "geometry": { "type": "Point", "coordinates": [ -3.945062075651233, 39.033135610501077 ] } },
{ "type": "Feature", "properties": { "Plot": "OL5", "Column": null, "Line": null, "ID": 462 }, "geometry": { "type": "Point", "coordinates": [ -3.94502222794894, 39.033173598490713 ] } },
{ "type": "Feature", "properties": { "Plot": "OL5", "Column": null, "Line": null, "ID": 463 }, "geometry": { "type": "Point", "coordinates": [ -3.944986908394636, 39.033198923805799 ] } },
{ "type": "Feature", "properties": { "Plot": "OL5", "Column": null, "Line": null, "ID": 464 }, "geometry": { "type": "Point", "coordinates": [ -3.944953400099527, 39.033228469995258 ] } },
{ "type": "Feature", "properties": { "Plot": "OL5", "Column": null, "Line": null, "ID": 465 }, "geometry": { "type": "Point", "coordinates": [ -3.944916269286026, 39.03326083009334 ] } },
{ "type": "Feature", "properties": { "Plot": "OL5", "Column": null, "Line": null, "ID": 466 }, "geometry": { "type": "Point", "coordinates": [ -3.944876421583734, 39.033289672776981 ] } },
{ "type": "Feature", "properties": { "Plot": "OL5", "Column": null, "Line": null, "ID": 467 }, "geometry": { "type": "Point", "coordinates": [ -3.944831140103856, 39.033319922408154 ] } },
{ "type": "Feature", "properties": { "Plot": "OL5", "Column": null, "Line": null, "ID": 468 }, "geometry": { "type": "Point", "coordinates": [ -3.944794914919954, 39.033349468547016 ] } },
{ "type": "Feature", "properties": { "Plot": "OL5", "Column": null, "Line": null, "ID": 469 }, "geometry": { "type": "Point", "coordinates": [ -3.944756878476857, 39.033373386840871 ] } },
{ "type": "Feature", "properties": { "Plot": "OL5", "Column": null, "Line": null, "ID": 470 }, "geometry": { "type": "Point", "coordinates": [ -3.944714313885771, 39.033409967745214 ] } },
{ "type": "Feature", "properties": { "Plot": "OL5", "Column": null, "Line": null, "ID": 471 }, "geometry": { "type": "Point", "coordinates": [ -3.944671749294686, 39.033439513846453 ] } },
{ "type": "Feature", "properties": { "Plot": "OL5", "Column": null, "Line": null, "ID": 472 }, "geometry": { "type": "Point", "coordinates": [ -3.944638240999576, 39.033459914718648 ] } },
{ "type": "Feature", "properties": { "Plot": "OL5", "Column": null, "Line": null, "ID": 473 }, "geometry": { "type": "Point", "coordinates": [ -3.944603827074869, 39.033494385144529 ] } },
{ "type": "Feature", "properties": { "Plot": "OL5", "Column": null, "Line": null, "ID": 474 }, "geometry": { "type": "Point", "coordinates": [ -3.944563073742979, 39.033523227732836 ] } },
{ "type": "Feature", "properties": { "Plot": "OL5", "Column": null, "Line": null, "ID": 475 }, "geometry": { "type": "Point", "coordinates": [ -3.944526848559077, 39.033549959877355 ] } },
{ "type": "Feature", "properties": { "Plot": "OL5", "Column": null, "Line": null, "ID": 476 }, "geometry": { "type": "Point", "coordinates": [ -3.944484283967991, 39.033584430259303 ] } },
{ "type": "Feature", "properties": { "Plot": "OL5", "Column": null, "Line": null, "ID": 477 }, "geometry": { "type": "Point", "coordinates": [ -3.944453492561675, 39.03361890062444 ] } },
{ "type": "Feature", "properties": { "Plot": "OL5", "Column": null, "Line": null, "ID": 478 }, "geometry": { "type": "Point", "coordinates": [ -3.944402777304211, 39.033649853591044 ] } },
{ "type": "Feature", "properties": { "Plot": "OL5", "Column": null, "Line": null, "ID": 479 }, "geometry": { "type": "Point", "coordinates": [ -3.944365646490712, 39.033676585687651 ] } },
{ "type": "Feature", "properties": { "Plot": "OL5", "Column": null, "Line": null, "ID": 480 }, "geometry": { "type": "Point", "coordinates": [ -3.944331232566004, 39.03370613167742 ] } },
{ "type": "Feature", "properties": { "Plot": "OL5", "Column": 1, "Line": 1, "ID": 481 }, "geometry": { "type": "Point", "coordinates": [ -3.945895254880985, 39.032589706097674 ] } },
{ "type": "Feature", "properties": { "Plot": "OL5", "Column": null, "Line": null, "ID": 482 }, "geometry": { "type": "Point", "coordinates": [ -3.945850879030706, 39.032619252563016 ] } },
{ "type": "Feature", "properties": { "Plot": "OL5", "Column": null, "Line": null, "ID": 483 }, "geometry": { "type": "Point", "coordinates": [ -3.945811031328412, 39.032645985068619 ] } },
{ "type": "Feature", "properties": { "Plot": "OL5", "Column": null, "Line": null, "ID": 484 }, "geometry": { "type": "Point", "coordinates": [ -3.945769372366925, 39.032676938483533 ] } },
{ "type": "Feature", "properties": { "Plot": "OL5", "Column": null, "Line": null, "ID": 485 }, "geometry": { "type": "Point", "coordinates": [ -3.945727713405438, 39.032708595371126 ] } },
{ "type": "Feature", "properties": { "Plot": "OL5", "Column": null, "Line": null, "ID": 486 }, "geometry": { "type": "Point", "coordinates": [ -3.945690582591938, 39.032737438300813 ] } },
{ "type": "Feature", "properties": { "Plot": "OL5", "Column": null, "Line": null, "ID": 487 }, "geometry": { "type": "Point", "coordinates": [ -3.945654357408035, 39.032766984704381 ] } },
{ "type": "Feature", "properties": { "Plot": "OL5", "Column": null, "Line": null, "ID": 488 }, "geometry": { "type": "Point", "coordinates": [ -3.945614509705743, 39.032801455492937 ] } },
{ "type": "Feature", "properties": { "Plot": "OL5", "Column": null, "Line": null, "ID": 489 }, "geometry": { "type": "Point", "coordinates": [ -3.945571945114658, 39.032838740204483 ] } },
{ "type": "Feature", "properties": { "Plot": "OL5", "Column": null, "Line": null, "ID": 490 }, "geometry": { "type": "Point", "coordinates": [ -3.945534814301157, 39.03286758308105 ] } },
{ "type": "Feature", "properties": { "Plot": "OL5", "Column": null, "Line": null, "ID": 491 }, "geometry": { "type": "Point", "coordinates": [ -3.945500400376451, 39.032890798070724 ] } },
{ "type": "Feature", "properties": { "Plot": "OL5", "Column": null, "Line": null, "ID": 492 }, "geometry": { "type": "Point", "coordinates": [ -3.945461458303755, 39.032921047894305 ] } },
{ "type": "Feature", "properties": { "Plot": "OL5", "Column": null, "Line": null, "ID": 493 }, "geometry": { "type": "Point", "coordinates": [ -3.945423421860658, 39.032950594221106 ] } },
{ "type": "Feature", "properties": { "Plot": "OL5", "Column": null, "Line": null, "ID": 494 }, "geometry": { "type": "Point", "coordinates": [ -3.945384479787963, 39.032980140535557 ] } },
{ "type": "Feature", "properties": { "Plot": "OL5", "Column": null, "Line": null, "ID": 495 }, "geometry": { "type": "Point", "coordinates": [ -3.945339198308086, 39.033010390320904 ] } },
{ "type": "Feature", "properties": { "Plot": "OL5", "Column": null, "Line": null, "ID": 496 }, "geometry": { "type": "Point", "coordinates": [ -3.945307501272171, 39.033036419195589 ] } },
{ "type": "Feature", "properties": { "Plot": "OL5", "Column": null, "Line": null, "ID": 497 }, "geometry": { "type": "Point", "coordinates": [ -3.945270370458671, 39.033072296817963 ] } },
{ "type": "Feature", "properties": { "Plot": "OL5", "Column": null, "Line": null, "ID": 498 }, "geometry": { "type": "Point", "coordinates": [ -3.945225994608391, 39.033098325669847 ] } },
{ "type": "Feature", "properties": { "Plot": "OL5", "Column": null, "Line": null, "ID": 499 }, "geometry": { "type": "Point", "coordinates": [ -3.945188863794891, 39.033128575404596 ] } },
{ "type": "Feature", "properties": { "Plot": "OL5", "Column": null, "Line": null, "ID": 500 }, "geometry": { "type": "Point", "coordinates": [ -3.945152638610988, 39.033160232089891 ] } },
{ "type": "Feature", "properties": { "Plot": "OL5", "Column": null, "Line": null, "ID": 501 }, "geometry": { "type": "Point", "coordinates": [ -3.945109168390306, 39.033186260909403 ] } },
{ "type": "Feature", "properties": { "Plot": "OL5", "Column": null, "Line": null, "ID": 502 }, "geometry": { "type": "Point", "coordinates": [ -3.945069320688013, 39.033224248899039 ] } },
{ "type": "Feature", "properties": { "Plot": "OL5", "Column": null, "Line": null, "ID": 503 }, "geometry": { "type": "Point", "coordinates": [ -3.945034001133708, 39.033249574214125 ] } },
{ "type": "Feature", "properties": { "Plot": "OL5", "Column": null, "Line": null, "ID": 504 }, "geometry": { "type": "Point", "coordinates": [ -3.9450004928386, 39.033279120403584 ] } },
{ "type": "Feature", "properties": { "Plot": "OL5", "Column": null, "Line": null, "ID": 505 }, "geometry": { "type": "Point", "coordinates": [ -3.944963362025099, 39.033311480501666 ] } },
{ "type": "Feature", "properties": { "Plot": "OL5", "Column": null, "Line": null, "ID": 506 }, "geometry": { "type": "Point", "coordinates": [ -3.944923514322807, 39.033340323185307 ] } },
{ "type": "Feature", "properties": { "Plot": "OL5", "Column": null, "Line": null, "ID": 507 }, "geometry": { "type": "Point", "coordinates": [ -3.944878232842929, 39.03337057281648 ] } },
{ "type": "Feature", "properties": { "Plot": "OL5", "Column": null, "Line": null, "ID": 508 }, "geometry": { "type": "Point", "coordinates": [ -3.944842007659027, 39.033400118955342 ] } },
{ "type": "Feature", "properties": { "Plot": "OL5", "Column": null, "Line": null, "ID": 509 }, "geometry": { "type": "Point", "coordinates": [ -3.944803971215929, 39.033424037249198 ] } },
{ "type": "Feature", "properties": { "Plot": "OL5", "Column": null, "Line": null, "ID": 510 }, "geometry": { "type": "Point", "coordinates": [ -3.944761406624843, 39.033460618153541 ] } },
{ "type": "Feature", "properties": { "Plot": "OL5", "Column": null, "Line": null, "ID": 511 }, "geometry": { "type": "Point", "coordinates": [ -3.944718842033759, 39.033490164254779 ] } },
{ "type": "Feature", "properties": { "Plot": "OL5", "Column": null, "Line": null, "ID": 512 }, "geometry": { "type": "Point", "coordinates": [ -3.944685333738649, 39.033510565126974 ] } },
{ "type": "Feature", "properties": { "Plot": "OL5", "Column": null, "Line": null, "ID": 513 }, "geometry": { "type": "Point", "coordinates": [ -3.944650919813942, 39.033545035552855 ] } },
{ "type": "Feature", "properties": { "Plot": "OL5", "Column": null, "Line": null, "ID": 514 }, "geometry": { "type": "Point", "coordinates": [ -3.944610166482052, 39.033573878141162 ] } },
{ "type": "Feature", "properties": { "Plot": "OL5", "Column": null, "Line": null, "ID": 515 }, "geometry": { "type": "Point", "coordinates": [ -3.94457394129815, 39.033600610285681 ] } },
{ "type": "Feature", "properties": { "Plot": "OL5", "Column": null, "Line": null, "ID": 516 }, "geometry": { "type": "Point", "coordinates": [ -3.944531376707064, 39.033635080667629 ] } },
{ "type": "Feature", "properties": { "Plot": "OL5", "Column": null, "Line": null, "ID": 517 }, "geometry": { "type": "Point", "coordinates": [ -3.944500585300748, 39.033669551032766 ] } },
{ "type": "Feature", "properties": { "Plot": "OL5", "Column": null, "Line": null, "ID": 518 }, "geometry": { "type": "Point", "coordinates": [ -3.944449870043284, 39.03370050399937 ] } },
{ "type": "Feature", "properties": { "Plot": "OL5", "Column": null, "Line": null, "ID": 519 }, "geometry": { "type": "Point", "coordinates": [ -3.944412739229784, 39.033727236095977 ] } },
{ "type": "Feature", "properties": { "Plot": "OL5", "Column": null, "Line": null, "ID": 520 }, "geometry": { "type": "Point", "coordinates": [ -3.944378325305077, 39.033756782085746 ] } },
{ "type": "Feature", "properties": { "Plot": "OL5", "Column": 1, "Line": 1, "ID": 521 }, "geometry": { "type": "Point", "coordinates": [ -3.945949592656839, 39.032634728652368 ] } },
{ "type": "Feature", "properties": { "Plot": "OL5", "Column": null, "Line": null, "ID": 522 }, "geometry": { "type": "Point", "coordinates": [ -3.945905216806559, 39.03266427511771 ] } },
{ "type": "Feature", "properties": { "Plot": "OL5", "Column": null, "Line": null, "ID": 523 }, "geometry": { "type": "Point", "coordinates": [ -3.945865369104266, 39.032691007623313 ] } },
{ "type": "Feature", "properties": { "Plot": "OL5", "Column": null, "Line": null, "ID": 524 }, "geometry": { "type": "Point", "coordinates": [ -3.945823710142778, 39.032721961038227 ] } },
{ "type": "Feature", "properties": { "Plot": "OL5", "Column": null, "Line": null, "ID": 525 }, "geometry": { "type": "Point", "coordinates": [ -3.945782051181291, 39.03275361792582 ] } },
{ "type": "Feature", "properties": { "Plot": "OL5", "Column": null, "Line": null, "ID": 526 }, "geometry": { "type": "Point", "coordinates": [ -3.945744920367792, 39.032782460855508 ] } },
{ "type": "Feature", "properties": { "Plot": "OL5", "Column": null, "Line": null, "ID": 527 }, "geometry": { "type": "Point", "coordinates": [ -3.945708695183889, 39.032812007259075 ] } },
{ "type": "Feature", "properties": { "Plot": "OL5", "Column": null, "Line": null, "ID": 528 }, "geometry": { "type": "Point", "coordinates": [ -3.945668847481596, 39.032846478047631 ] } },
{ "type": "Feature", "properties": { "Plot": "OL5", "Column": null, "Line": null, "ID": 529 }, "geometry": { "type": "Point", "coordinates": [ -3.945626282890511, 39.032883762759177 ] } },
{ "type": "Feature", "properties": { "Plot": "OL5", "Column": null, "Line": null, "ID": 530 }, "geometry": { "type": "Point", "coordinates": [ -3.945589152077011, 39.032912605635744 ] } },
{ "type": "Feature", "properties": { "Plot": "OL5", "Column": null, "Line": null, "ID": 531 }, "geometry": { "type": "Point", "coordinates": [ -3.945554738152304, 39.032935820625418 ] } },
{ "type": "Feature", "properties": { "Plot": "OL5", "Column": null, "Line": null, "ID": 532 }, "geometry": { "type": "Point", "coordinates": [ -3.945515796079609, 39.032966070449 ] } },
{ "type": "Feature", "properties": { "Plot": "OL5", "Column": null, "Line": null, "ID": 533 }, "geometry": { "type": "Point", "coordinates": [ -3.945477759636512, 39.0329956167758 ] } },
{ "type": "Feature", "properties": { "Plot": "OL5", "Column": null, "Line": null, "ID": 534 }, "geometry": { "type": "Point", "coordinates": [ -3.945438817563817, 39.033025163090251 ] } },
{ "type": "Feature", "properties": { "Plot": "OL5", "Column": null, "Line": null, "ID": 535 }, "geometry": { "type": "Point", "coordinates": [ -3.945393536083939, 39.033055412875598 ] } },
{ "type": "Feature", "properties": { "Plot": "OL5", "Column": null, "Line": null, "ID": 536 }, "geometry": { "type": "Point", "coordinates": [ -3.945361839048024, 39.033081441750284 ] } },
{ "type": "Feature", "properties": { "Plot": "OL5", "Column": null, "Line": null, "ID": 537 }, "geometry": { "type": "Point", "coordinates": [ -3.945324708234525, 39.033117319372657 ] } },
{ "type": "Feature", "properties": { "Plot": "OL5", "Column": null, "Line": null, "ID": 538 }, "geometry": { "type": "Point", "coordinates": [ -3.945280332384244, 39.033143348224542 ] } },
{ "type": "Feature", "properties": { "Plot": "OL5", "Column": null, "Line": null, "ID": 539 }, "geometry": { "type": "Point", "coordinates": [ -3.945243201570744, 39.033173597959291 ] } },
{ "type": "Feature", "properties": { "Plot": "OL5", "Column": null, "Line": null, "ID": 540 }, "geometry": { "type": "Point", "coordinates": [ -3.945206976386842, 39.033205254644585 ] } },
{ "type": "Feature", "properties": { "Plot": "OL5", "Column": null, "Line": null, "ID": 541 }, "geometry": { "type": "Point", "coordinates": [ -3.94516350616616, 39.033231283464097 ] } },
{ "type": "Feature", "properties": { "Plot": "OL5", "Column": null, "Line": null, "ID": 542 }, "geometry": { "type": "Point", "coordinates": [ -3.945123658463866, 39.033269271453733 ] } },
{ "type": "Feature", "properties": { "Plot": "OL5", "Column": null, "Line": null, "ID": 543 }, "geometry": { "type": "Point", "coordinates": [ -3.945088338909562, 39.033294596768819 ] } },
{ "type": "Feature", "properties": { "Plot": "OL5", "Column": null, "Line": null, "ID": 544 }, "geometry": { "type": "Point", "coordinates": [ -3.945054830614453, 39.033324142958278 ] } },
{ "type": "Feature", "properties": { "Plot": "OL5", "Column": null, "Line": null, "ID": 545 }, "geometry": { "type": "Point", "coordinates": [ -3.945017699800953, 39.033356503056361 ] } },
{ "type": "Feature", "properties": { "Plot": "OL5", "Column": null, "Line": null, "ID": 546 }, "geometry": { "type": "Point", "coordinates": [ -3.94497785209866, 39.033385345740001 ] } },
{ "type": "Feature", "properties": { "Plot": "OL5", "Column": null, "Line": null, "ID": 547 }, "geometry": { "type": "Point", "coordinates": [ -3.944932570618782, 39.033415595371174 ] } },
{ "type": "Feature", "properties": { "Plot": "OL5", "Column": null, "Line": null, "ID": 548 }, "geometry": { "type": "Point", "coordinates": [ -3.94489634543488, 39.033445141510036 ] } },
{ "type": "Feature", "properties": { "Plot": "OL5", "Column": null, "Line": null, "ID": 549 }, "geometry": { "type": "Point", "coordinates": [ -3.944858308991783, 39.033469059803892 ] } },
{ "type": "Feature", "properties": { "Plot": "OL5", "Column": null, "Line": null, "ID": 550 }, "geometry": { "type": "Point", "coordinates": [ -3.944815744400697, 39.033505640708235 ] } },
{ "type": "Feature", "properties": { "Plot": "OL5", "Column": null, "Line": null, "ID": 551 }, "geometry": { "type": "Point", "coordinates": [ -3.944773179809612, 39.033535186809473 ] } },
{ "type": "Feature", "properties": { "Plot": "OL5", "Column": null, "Line": null, "ID": 552 }, "geometry": { "type": "Point", "coordinates": [ -3.944739671514502, 39.033555587681668 ] } },
{ "type": "Feature", "properties": { "Plot": "OL5", "Column": null, "Line": null, "ID": 553 }, "geometry": { "type": "Point", "coordinates": [ -3.944705257589795, 39.033590058107549 ] } },
{ "type": "Feature", "properties": { "Plot": "OL5", "Column": null, "Line": null, "ID": 554 }, "geometry": { "type": "Point", "coordinates": [ -3.944664504257905, 39.033618900695856 ] } },
{ "type": "Feature", "properties": { "Plot": "OL5", "Column": null, "Line": null, "ID": 555 }, "geometry": { "type": "Point", "coordinates": [ -3.944628279074003, 39.033645632840376 ] } },
{ "type": "Feature", "properties": { "Plot": "OL5", "Column": null, "Line": null, "ID": 556 }, "geometry": { "type": "Point", "coordinates": [ -3.944585714482918, 39.033680103222324 ] } },
{ "type": "Feature", "properties": { "Plot": "OL5", "Column": null, "Line": null, "ID": 557 }, "geometry": { "type": "Point", "coordinates": [ -3.944554923076601, 39.03371457358746 ] } },
{ "type": "Feature", "properties": { "Plot": "OL5", "Column": null, "Line": null, "ID": 558 }, "geometry": { "type": "Point", "coordinates": [ -3.944504207819138, 39.033745526554064 ] } },
{ "type": "Feature", "properties": { "Plot": "OL5", "Column": null, "Line": null, "ID": 559 }, "geometry": { "type": "Point", "coordinates": [ -3.944467077005638, 39.033772258650671 ] } },
{ "type": "Feature", "properties": { "Plot": "OL5", "Column": null, "Line": null, "ID": 560 }, "geometry": { "type": "Point", "coordinates": [ -3.944432663080931, 39.03380180464044 ] } },
{ "type": "Feature", "properties": { "Plot": "OL5", "Column": 1, "Line": 1, "ID": 561 }, "geometry": { "type": "Point", "coordinates": [ -3.946011175469473, 39.032679751178392 ] } },
{ "type": "Feature", "properties": { "Plot": "OL5", "Column": null, "Line": null, "ID": 562 }, "geometry": { "type": "Point", "coordinates": [ -3.945966799619193, 39.032709297643734 ] } },
{ "type": "Feature", "properties": { "Plot": "OL5", "Column": null, "Line": null, "ID": 563 }, "geometry": { "type": "Point", "coordinates": [ -3.9459269519169, 39.032736030149337 ] } },
{ "type": "Feature", "properties": { "Plot": "OL5", "Column": null, "Line": null, "ID": 564 }, "geometry": { "type": "Point", "coordinates": [ -3.945885292955412, 39.032766983564251 ] } },
{ "type": "Feature", "properties": { "Plot": "OL5", "Column": null, "Line": null, "ID": 565 }, "geometry": { "type": "Point", "coordinates": [ -3.945843633993925, 39.032798640451844 ] } },
{ "type": "Feature", "properties": { "Plot": "OL5", "Column": null, "Line": null, "ID": 566 }, "geometry": { "type": "Point", "coordinates": [ -3.945806503180426, 39.032827483381531 ] } },
{ "type": "Feature", "properties": { "Plot": "OL5", "Column": null, "Line": null, "ID": 567 }, "geometry": { "type": "Point", "coordinates": [ -3.945770277996523, 39.032857029785099 ] } },
{ "type": "Feature", "properties": { "Plot": "OL5", "Column": null, "Line": null, "ID": 568 }, "geometry": { "type": "Point", "coordinates": [ -3.945730430294231, 39.032891500573655 ] } },
{ "type": "Feature", "properties": { "Plot": "OL5", "Column": null, "Line": null, "ID": 569 }, "geometry": { "type": "Point", "coordinates": [ -3.945687865703146, 39.0329287852852 ] } },
{ "type": "Feature", "properties": { "Plot": "OL5", "Column": null, "Line": null, "ID": 570 }, "geometry": { "type": "Point", "coordinates": [ -3.945650734889645, 39.032957628161768 ] } },
{ "type": "Feature", "properties": { "Plot": "OL5", "Column": null, "Line": null, "ID": 571 }, "geometry": { "type": "Point", "coordinates": [ -3.945616320964938, 39.032980843151442 ] } },
{ "type": "Feature", "properties": { "Plot": "OL5", "Column": null, "Line": null, "ID": 572 }, "geometry": { "type": "Point", "coordinates": [ -3.945577378892243, 39.033011092975023 ] } },
{ "type": "Feature", "properties": { "Plot": "OL5", "Column": null, "Line": null, "ID": 573 }, "geometry": { "type": "Point", "coordinates": [ -3.945539342449146, 39.033040639301824 ] } },
{ "type": "Feature", "properties": { "Plot": "OL5", "Column": null, "Line": null, "ID": 574 }, "geometry": { "type": "Point", "coordinates": [ -3.945500400376451, 39.033070185616275 ] } },
{ "type": "Feature", "properties": { "Plot": "OL5", "Column": null, "Line": null, "ID": 575 }, "geometry": { "type": "Point", "coordinates": [ -3.945455118896573, 39.033100435401622 ] } },
{ "type": "Feature", "properties": { "Plot": "OL5", "Column": null, "Line": null, "ID": 576 }, "geometry": { "type": "Point", "coordinates": [ -3.945423421860658, 39.033126464276307 ] } },
{ "type": "Feature", "properties": { "Plot": "OL5", "Column": null, "Line": null, "ID": 577 }, "geometry": { "type": "Point", "coordinates": [ -3.945386291047159, 39.033162341898681 ] } },
{ "type": "Feature", "properties": { "Plot": "OL5", "Column": null, "Line": null, "ID": 578 }, "geometry": { "type": "Point", "coordinates": [ -3.945341915196879, 39.033188370750565 ] } },
{ "type": "Feature", "properties": { "Plot": "OL5", "Column": null, "Line": null, "ID": 579 }, "geometry": { "type": "Point", "coordinates": [ -3.945304784383378, 39.033218620485314 ] } },
{ "type": "Feature", "properties": { "Plot": "OL5", "Column": null, "Line": null, "ID": 580 }, "geometry": { "type": "Point", "coordinates": [ -3.945268559199476, 39.033250277170609 ] } },
{ "type": "Feature", "properties": { "Plot": "OL5", "Column": null, "Line": null, "ID": 581 }, "geometry": { "type": "Point", "coordinates": [ -3.945225088978794, 39.033276305990121 ] } },
{ "type": "Feature", "properties": { "Plot": "OL5", "Column": null, "Line": null, "ID": 582 }, "geometry": { "type": "Point", "coordinates": [ -3.9451852412765, 39.033314293979757 ] } },
{ "type": "Feature", "properties": { "Plot": "OL5", "Column": null, "Line": null, "ID": 583 }, "geometry": { "type": "Point", "coordinates": [ -3.945149921722196, 39.033339619294843 ] } },
{ "type": "Feature", "properties": { "Plot": "OL5", "Column": null, "Line": null, "ID": 584 }, "geometry": { "type": "Point", "coordinates": [ -3.945116413427087, 39.033369165484302 ] } },
{ "type": "Feature", "properties": { "Plot": "OL5", "Column": null, "Line": null, "ID": 585 }, "geometry": { "type": "Point", "coordinates": [ -3.945079282613587, 39.033401525582384 ] } },
{ "type": "Feature", "properties": { "Plot": "OL5", "Column": null, "Line": null, "ID": 586 }, "geometry": { "type": "Point", "coordinates": [ -3.945039434911294, 39.033430368266025 ] } },
{ "type": "Feature", "properties": { "Plot": "OL5", "Column": null, "Line": null, "ID": 587 }, "geometry": { "type": "Point", "coordinates": [ -3.944994153431416, 39.033460617897198 ] } },
{ "type": "Feature", "properties": { "Plot": "OL5", "Column": null, "Line": null, "ID": 588 }, "geometry": { "type": "Point", "coordinates": [ -3.944957928247514, 39.03349016403606 ] } },
{ "type": "Feature", "properties": { "Plot": "OL5", "Column": null, "Line": null, "ID": 589 }, "geometry": { "type": "Point", "coordinates": [ -3.944919891804417, 39.033514082329916 ] } },
{ "type": "Feature", "properties": { "Plot": "OL5", "Column": null, "Line": null, "ID": 590 }, "geometry": { "type": "Point", "coordinates": [ -3.944877327213331, 39.033550663234259 ] } },
{ "type": "Feature", "properties": { "Plot": "OL5", "Column": null, "Line": null, "ID": 591 }, "geometry": { "type": "Point", "coordinates": [ -3.944834762622246, 39.033580209335497 ] } },
{ "type": "Feature", "properties": { "Plot": "OL5", "Column": null, "Line": null, "ID": 592 }, "geometry": { "type": "Point", "coordinates": [ -3.944801254327137, 39.033600610207692 ] } },
{ "type": "Feature", "properties": { "Plot": "OL5", "Column": null, "Line": null, "ID": 593 }, "geometry": { "type": "Point", "coordinates": [ -3.944766840402429, 39.033635080633573 ] } },
{ "type": "Feature", "properties": { "Plot": "OL5", "Column": null, "Line": null, "ID": 594 }, "geometry": { "type": "Point", "coordinates": [ -3.944726087070539, 39.03366392322188 ] } },
{ "type": "Feature", "properties": { "Plot": "OL5", "Column": null, "Line": null, "ID": 595 }, "geometry": { "type": "Point", "coordinates": [ -3.944689861886638, 39.033690655366399 ] } },
{ "type": "Feature", "properties": { "Plot": "OL5", "Column": null, "Line": null, "ID": 596 }, "geometry": { "type": "Point", "coordinates": [ -3.944647297295552, 39.033725125748347 ] } },
{ "type": "Feature", "properties": { "Plot": "OL5", "Column": null, "Line": null, "ID": 597 }, "geometry": { "type": "Point", "coordinates": [ -3.944616505889235, 39.033759596113484 ] } },
{ "type": "Feature", "properties": { "Plot": "OL5", "Column": null, "Line": null, "ID": 598 }, "geometry": { "type": "Point", "coordinates": [ -3.944565790631772, 39.033790549080088 ] } },
{ "type": "Feature", "properties": { "Plot": "OL5", "Column": null, "Line": null, "ID": 599 }, "geometry": { "type": "Point", "coordinates": [ -3.944528659818272, 39.033817281176695 ] } },
{ "type": "Feature", "properties": { "Plot": "OL5", "Column": null, "Line": null, "ID": 600 }, "geometry": { "type": "Point", "coordinates": [ -3.944494245893565, 39.033846827166464 ] } },
{ "type": "Feature", "properties": { "Plot": "OL5", "Column": 1, "Line": 1, "ID": 601 }, "geometry": { "type": "Point", "coordinates": [ -3.946061890726936, 39.032719145865137 ] } },
{ "type": "Feature", "properties": { "Plot": "OL5", "Column": null, "Line": null, "ID": 602 }, "geometry": { "type": "Point", "coordinates": [ -3.946017514876656, 39.032748692330479 ] } },
{ "type": "Feature", "properties": { "Plot": "OL5", "Column": null, "Line": null, "ID": 603 }, "geometry": { "type": "Point", "coordinates": [ -3.945977667174362, 39.032775424836082 ] } },
{ "type": "Feature", "properties": { "Plot": "OL5", "Column": null, "Line": null, "ID": 604 }, "geometry": { "type": "Point", "coordinates": [ -3.945936008212875, 39.032806378250996 ] } },
{ "type": "Feature", "properties": { "Plot": "OL5", "Column": null, "Line": null, "ID": 605 }, "geometry": { "type": "Point", "coordinates": [ -3.945894349251388, 39.032838035138589 ] } },
{ "type": "Feature", "properties": { "Plot": "OL5", "Column": null, "Line": null, "ID": 606 }, "geometry": { "type": "Point", "coordinates": [ -3.945857218437888, 39.032866878068276 ] } },
{ "type": "Feature", "properties": { "Plot": "OL5", "Column": null, "Line": null, "ID": 607 }, "geometry": { "type": "Point", "coordinates": [ -3.945820993253986, 39.032896424471843 ] } },
{ "type": "Feature", "properties": { "Plot": "OL5", "Column": null, "Line": null, "ID": 608 }, "geometry": { "type": "Point", "coordinates": [ -3.945781145551693, 39.032930895260399 ] } },
{ "type": "Feature", "properties": { "Plot": "OL5", "Column": null, "Line": null, "ID": 609 }, "geometry": { "type": "Point", "coordinates": [ -3.945738580960608, 39.032968179971945 ] } },
{ "type": "Feature", "properties": { "Plot": "OL5", "Column": null, "Line": null, "ID": 610 }, "geometry": { "type": "Point", "coordinates": [ -3.945701450147108, 39.032997022848512 ] } },
{ "type": "Feature", "properties": { "Plot": "OL5", "Column": null, "Line": null, "ID": 611 }, "geometry": { "type": "Point", "coordinates": [ -3.945667036222401, 39.033020237838187 ] } },
{ "type": "Feature", "properties": { "Plot": "OL5", "Column": null, "Line": null, "ID": 612 }, "geometry": { "type": "Point", "coordinates": [ -3.945628094149706, 39.033050487661768 ] } },
{ "type": "Feature", "properties": { "Plot": "OL5", "Column": null, "Line": null, "ID": 613 }, "geometry": { "type": "Point", "coordinates": [ -3.945590057706609, 39.033080033988568 ] } },
{ "type": "Feature", "properties": { "Plot": "OL5", "Column": null, "Line": null, "ID": 614 }, "geometry": { "type": "Point", "coordinates": [ -3.945551115633914, 39.033109580303019 ] } },
{ "type": "Feature", "properties": { "Plot": "OL5", "Column": null, "Line": null, "ID": 615 }, "geometry": { "type": "Point", "coordinates": [ -3.945505834154036, 39.033139830088366 ] } },
{ "type": "Feature", "properties": { "Plot": "OL5", "Column": null, "Line": null, "ID": 616 }, "geometry": { "type": "Point", "coordinates": [ -3.945474137118121, 39.033165858963052 ] } },
{ "type": "Feature", "properties": { "Plot": "OL5", "Column": null, "Line": null, "ID": 617 }, "geometry": { "type": "Point", "coordinates": [ -3.945437006304621, 39.033201736585426 ] } },
{ "type": "Feature", "properties": { "Plot": "OL5", "Column": null, "Line": null, "ID": 618 }, "geometry": { "type": "Point", "coordinates": [ -3.945392630454341, 39.03322776543731 ] } },
{ "type": "Feature", "properties": { "Plot": "OL5", "Column": null, "Line": null, "ID": 619 }, "geometry": { "type": "Point", "coordinates": [ -3.945355499640841, 39.033258015172059 ] } },
{ "type": "Feature", "properties": { "Plot": "OL5", "Column": null, "Line": null, "ID": 620 }, "geometry": { "type": "Point", "coordinates": [ -3.945319274456939, 39.033289671857354 ] } },
{ "type": "Feature", "properties": { "Plot": "OL5", "Column": null, "Line": null, "ID": 621 }, "geometry": { "type": "Point", "coordinates": [ -3.945275804236256, 39.033315700676866 ] } },
{ "type": "Feature", "properties": { "Plot": "OL5", "Column": null, "Line": null, "ID": 622 }, "geometry": { "type": "Point", "coordinates": [ -3.945235956533963, 39.033353688666502 ] } },
{ "type": "Feature", "properties": { "Plot": "OL5", "Column": null, "Line": null, "ID": 623 }, "geometry": { "type": "Point", "coordinates": [ -3.945200636979659, 39.033379013981587 ] } },
{ "type": "Feature", "properties": { "Plot": "OL5", "Column": null, "Line": null, "ID": 624 }, "geometry": { "type": "Point", "coordinates": [ -3.94516712868455, 39.033408560171047 ] } },
{ "type": "Feature", "properties": { "Plot": "OL5", "Column": null, "Line": null, "ID": 625 }, "geometry": { "type": "Point", "coordinates": [ -3.945129997871049, 39.033440920269129 ] } },
{ "type": "Feature", "properties": { "Plot": "OL5", "Column": null, "Line": null, "ID": 626 }, "geometry": { "type": "Point", "coordinates": [ -3.945090150168757, 39.03346976295277 ] } },
{ "type": "Feature", "properties": { "Plot": "OL5", "Column": null, "Line": null, "ID": 627 }, "geometry": { "type": "Point", "coordinates": [ -3.945044868688879, 39.033500012583943 ] } },
{ "type": "Feature", "properties": { "Plot": "OL5", "Column": null, "Line": null, "ID": 628 }, "geometry": { "type": "Point", "coordinates": [ -3.945008643504977, 39.033529558722805 ] } },
{ "type": "Feature", "properties": { "Plot": "OL5", "Column": null, "Line": null, "ID": 629 }, "geometry": { "type": "Point", "coordinates": [ -3.94497060706188, 39.03355347701666 ] } },
{ "type": "Feature", "properties": { "Plot": "OL5", "Column": null, "Line": null, "ID": 630 }, "geometry": { "type": "Point", "coordinates": [ -3.944928042470794, 39.033590057921003 ] } },
{ "type": "Feature", "properties": { "Plot": "OL5", "Column": null, "Line": null, "ID": 631 }, "geometry": { "type": "Point", "coordinates": [ -3.944885477879709, 39.033619604022242 ] } },
{ "type": "Feature", "properties": { "Plot": "OL5", "Column": null, "Line": null, "ID": 632 }, "geometry": { "type": "Point", "coordinates": [ -3.944851969584599, 39.033640004894437 ] } },
{ "type": "Feature", "properties": { "Plot": "OL5", "Column": null, "Line": null, "ID": 633 }, "geometry": { "type": "Point", "coordinates": [ -3.944817555659892, 39.033674475320318 ] } },
{ "type": "Feature", "properties": { "Plot": "OL5", "Column": null, "Line": null, "ID": 634 }, "geometry": { "type": "Point", "coordinates": [ -3.944776802328002, 39.033703317908625 ] } },
{ "type": "Feature", "properties": { "Plot": "OL5", "Column": null, "Line": null, "ID": 635 }, "geometry": { "type": "Point", "coordinates": [ -3.9447405771441, 39.033730050053144 ] } },
{ "type": "Feature", "properties": { "Plot": "OL5", "Column": null, "Line": null, "ID": 636 }, "geometry": { "type": "Point", "coordinates": [ -3.944698012553014, 39.033764520435092 ] } },
{ "type": "Feature", "properties": { "Plot": "OL5", "Column": null, "Line": null, "ID": 637 }, "geometry": { "type": "Point", "coordinates": [ -3.944667221146698, 39.033798990800229 ] } },
{ "type": "Feature", "properties": { "Plot": "OL5", "Column": null, "Line": null, "ID": 638 }, "geometry": { "type": "Point", "coordinates": [ -3.944616505889234, 39.033829943766833 ] } },
{ "type": "Feature", "properties": { "Plot": "OL5", "Column": null, "Line": null, "ID": 639 }, "geometry": { "type": "Point", "coordinates": [ -3.944579375075735, 39.03385667586344 ] } },
{ "type": "Feature", "properties": { "Plot": "OL5", "Column": null, "Line": null, "ID": 640 }, "geometry": { "type": "Point", "coordinates": [ -3.944544961151027, 39.033886221853209 ] } },
{ "type": "Feature", "properties": { "Plot": "OL5", "Column": 1, "Line": 1, "ID": 641 }, "geometry": { "type": "Point", "coordinates": [ -3.94611985102118, 39.032766982240929 ] } },
{ "type": "Feature", "properties": { "Plot": "OL5", "Column": null, "Line": null, "ID": 642 }, "geometry": { "type": "Point", "coordinates": [ -3.9460754751709, 39.032796528706271 ] } },
{ "type": "Feature", "properties": { "Plot": "OL5", "Column": null, "Line": null, "ID": 643 }, "geometry": { "type": "Point", "coordinates": [ -3.946035627468607, 39.032823261211874 ] } },
{ "type": "Feature", "properties": { "Plot": "OL5", "Column": null, "Line": null, "ID": 644 }, "geometry": { "type": "Point", "coordinates": [ -3.945993968507119, 39.032854214626788 ] } },
{ "type": "Feature", "properties": { "Plot": "OL5", "Column": null, "Line": null, "ID": 645 }, "geometry": { "type": "Point", "coordinates": [ -3.945952309545632, 39.032885871514381 ] } },
{ "type": "Feature", "properties": { "Plot": "OL5", "Column": null, "Line": null, "ID": 646 }, "geometry": { "type": "Point", "coordinates": [ -3.945915178732133, 39.032914714444068 ] } },
{ "type": "Feature", "properties": { "Plot": "OL5", "Column": null, "Line": null, "ID": 647 }, "geometry": { "type": "Point", "coordinates": [ -3.94587895354823, 39.032944260847636 ] } },
{ "type": "Feature", "properties": { "Plot": "OL5", "Column": null, "Line": null, "ID": 648 }, "geometry": { "type": "Point", "coordinates": [ -3.945839105845938, 39.032978731636192 ] } },
{ "type": "Feature", "properties": { "Plot": "OL5", "Column": null, "Line": null, "ID": 649 }, "geometry": { "type": "Point", "coordinates": [ -3.945796541254853, 39.033016016347737 ] } },
{ "type": "Feature", "properties": { "Plot": "OL5", "Column": null, "Line": null, "ID": 650 }, "geometry": { "type": "Point", "coordinates": [ -3.945759410441352, 39.033044859224304 ] } },
{ "type": "Feature", "properties": { "Plot": "OL5", "Column": null, "Line": null, "ID": 651 }, "geometry": { "type": "Point", "coordinates": [ -3.945724996516645, 39.033068074213979 ] } },
{ "type": "Feature", "properties": { "Plot": "OL5", "Column": null, "Line": null, "ID": 652 }, "geometry": { "type": "Point", "coordinates": [ -3.94568605444395, 39.03309832403756 ] } },
{ "type": "Feature", "properties": { "Plot": "OL5", "Column": null, "Line": null, "ID": 653 }, "geometry": { "type": "Point", "coordinates": [ -3.945648018000853, 39.03312787036436 ] } },
{ "type": "Feature", "properties": { "Plot": "OL5", "Column": null, "Line": null, "ID": 654 }, "geometry": { "type": "Point", "coordinates": [ -3.945609075928158, 39.033157416678812 ] } },
{ "type": "Feature", "properties": { "Plot": "OL5", "Column": null, "Line": null, "ID": 655 }, "geometry": { "type": "Point", "coordinates": [ -3.94556379444828, 39.033187666464158 ] } },
{ "type": "Feature", "properties": { "Plot": "OL5", "Column": null, "Line": null, "ID": 656 }, "geometry": { "type": "Point", "coordinates": [ -3.945532097412365, 39.033213695338844 ] } },
{ "type": "Feature", "properties": { "Plot": "OL5", "Column": null, "Line": null, "ID": 657 }, "geometry": { "type": "Point", "coordinates": [ -3.945494966598866, 39.033249572961218 ] } },
{ "type": "Feature", "properties": { "Plot": "OL5", "Column": null, "Line": null, "ID": 658 }, "geometry": { "type": "Point", "coordinates": [ -3.945450590748586, 39.033275601813102 ] } },
{ "type": "Feature", "properties": { "Plot": "OL5", "Column": null, "Line": null, "ID": 659 }, "geometry": { "type": "Point", "coordinates": [ -3.945413459935085, 39.033305851547851 ] } },
{ "type": "Feature", "properties": { "Plot": "OL5", "Column": null, "Line": null, "ID": 660 }, "geometry": { "type": "Point", "coordinates": [ -3.945377234751183, 39.033337508233146 ] } },
{ "type": "Feature", "properties": { "Plot": "OL5", "Column": null, "Line": null, "ID": 661 }, "geometry": { "type": "Point", "coordinates": [ -3.945333764530501, 39.033363537052658 ] } },
{ "type": "Feature", "properties": { "Plot": "OL5", "Column": null, "Line": null, "ID": 662 }, "geometry": { "type": "Point", "coordinates": [ -3.945293916828208, 39.033401525042294 ] } },
{ "type": "Feature", "properties": { "Plot": "OL5", "Column": null, "Line": null, "ID": 663 }, "geometry": { "type": "Point", "coordinates": [ -3.945258597273903, 39.03342685035738 ] } },
{ "type": "Feature", "properties": { "Plot": "OL5", "Column": null, "Line": null, "ID": 664 }, "geometry": { "type": "Point", "coordinates": [ -3.945225088978794, 39.033456396546839 ] } },
{ "type": "Feature", "properties": { "Plot": "OL5", "Column": null, "Line": null, "ID": 665 }, "geometry": { "type": "Point", "coordinates": [ -3.945187958165294, 39.033488756644921 ] } },
{ "type": "Feature", "properties": { "Plot": "OL5", "Column": null, "Line": null, "ID": 666 }, "geometry": { "type": "Point", "coordinates": [ -3.945148110463002, 39.033517599328562 ] } },
{ "type": "Feature", "properties": { "Plot": "OL5", "Column": null, "Line": null, "ID": 667 }, "geometry": { "type": "Point", "coordinates": [ -3.945102828983123, 39.033547848959735 ] } },
{ "type": "Feature", "properties": { "Plot": "OL5", "Column": null, "Line": null, "ID": 668 }, "geometry": { "type": "Point", "coordinates": [ -3.945066603799221, 39.033577395098597 ] } },
{ "type": "Feature", "properties": { "Plot": "OL5", "Column": null, "Line": null, "ID": 669 }, "geometry": { "type": "Point", "coordinates": [ -3.945028567356124, 39.033601313392452 ] } },
{ "type": "Feature", "properties": { "Plot": "OL5", "Column": null, "Line": null, "ID": 670 }, "geometry": { "type": "Point", "coordinates": [ -3.944986002765038, 39.033637894296795 ] } },
{ "type": "Feature", "properties": { "Plot": "OL5", "Column": null, "Line": null, "ID": 671 }, "geometry": { "type": "Point", "coordinates": [ -3.944943438173953, 39.033667440398034 ] } },
{ "type": "Feature", "properties": { "Plot": "OL5", "Column": null, "Line": null, "ID": 672 }, "geometry": { "type": "Point", "coordinates": [ -3.944909929878844, 39.033687841270229 ] } },
{ "type": "Feature", "properties": { "Plot": "OL5", "Column": null, "Line": null, "ID": 673 }, "geometry": { "type": "Point", "coordinates": [ -3.944875515954136, 39.03372231169611 ] } },
{ "type": "Feature", "properties": { "Plot": "OL5", "Column": null, "Line": null, "ID": 674 }, "geometry": { "type": "Point", "coordinates": [ -3.944834762622246, 39.033751154284417 ] } },
{ "type": "Feature", "properties": { "Plot": "OL5", "Column": null, "Line": null, "ID": 675 }, "geometry": { "type": "Point", "coordinates": [ -3.944798537438345, 39.033777886428936 ] } },
{ "type": "Feature", "properties": { "Plot": "OL5", "Column": null, "Line": null, "ID": 676 }, "geometry": { "type": "Point", "coordinates": [ -3.944755972847259, 39.033812356810884 ] } },
{ "type": "Feature", "properties": { "Plot": "OL5", "Column": null, "Line": null, "ID": 677 }, "geometry": { "type": "Point", "coordinates": [ -3.944725181440942, 39.033846827176021 ] } },
{ "type": "Feature", "properties": { "Plot": "OL5", "Column": null, "Line": null, "ID": 678 }, "geometry": { "type": "Point", "coordinates": [ -3.944674466183479, 39.033877780142625 ] } },
{ "type": "Feature", "properties": { "Plot": "OL5", "Column": null, "Line": null, "ID": 679 }, "geometry": { "type": "Point", "coordinates": [ -3.944637335369979, 39.033904512239232 ] } },
{ "type": "Feature", "properties": { "Plot": "OL5", "Column": null, "Line": null, "ID": 680 }, "geometry": { "type": "Point", "coordinates": [ -3.944602921445272, 39.033934058229001 ] } },
{ "type": "Feature", "properties": { "Plot": "OL5", "Column": 1, "Line": 1, "ID": 681 }, "geometry": { "type": "Point", "coordinates": [ -3.946181433833813, 39.032803562977044 ] } },
{ "type": "Feature", "properties": { "Plot": "OL5", "Column": null, "Line": null, "ID": 682 }, "geometry": { "type": "Point", "coordinates": [ -3.946137057983533, 39.032833109442386 ] } },
{ "type": "Feature", "properties": { "Plot": "OL5", "Column": null, "Line": null, "ID": 683 }, "geometry": { "type": "Point", "coordinates": [ -3.94609721028124, 39.032859841947989 ] } },
{ "type": "Feature", "properties": { "Plot": "OL5", "Column": null, "Line": null, "ID": 684 }, "geometry": { "type": "Point", "coordinates": [ -3.946055551319752, 39.032890795362903 ] } },
{ "type": "Feature", "properties": { "Plot": "OL5", "Column": null, "Line": null, "ID": 685 }, "geometry": { "type": "Point", "coordinates": [ -3.946013892358265, 39.032922452250496 ] } },
{ "type": "Feature", "properties": { "Plot": "OL5", "Column": null, "Line": null, "ID": 686 }, "geometry": { "type": "Point", "coordinates": [ -3.945976761544766, 39.032951295180183 ] } },
{ "type": "Feature", "properties": { "Plot": "OL5", "Column": null, "Line": null, "ID": 687 }, "geometry": { "type": "Point", "coordinates": [ -3.945940536360863, 39.03298084158375 ] } },
{ "type": "Feature", "properties": { "Plot": "OL5", "Column": null, "Line": null, "ID": 688 }, "geometry": { "type": "Point", "coordinates": [ -3.945900688658571, 39.033015312372306 ] } },
{ "type": "Feature", "properties": { "Plot": "OL5", "Column": null, "Line": null, "ID": 689 }, "geometry": { "type": "Point", "coordinates": [ -3.945858124067485, 39.033052597083852 ] } },
{ "type": "Feature", "properties": { "Plot": "OL5", "Column": null, "Line": null, "ID": 690 }, "geometry": { "type": "Point", "coordinates": [ -3.945820993253985, 39.033081439960419 ] } },
{ "type": "Feature", "properties": { "Plot": "OL5", "Column": null, "Line": null, "ID": 691 }, "geometry": { "type": "Point", "coordinates": [ -3.945786579329278, 39.033104654950094 ] } },
{ "type": "Feature", "properties": { "Plot": "OL5", "Column": null, "Line": null, "ID": 692 }, "geometry": { "type": "Point", "coordinates": [ -3.945747637256583, 39.033134904773675 ] } },
{ "type": "Feature", "properties": { "Plot": "OL5", "Column": null, "Line": null, "ID": 693 }, "geometry": { "type": "Point", "coordinates": [ -3.945709600813486, 39.033164451100475 ] } },
{ "type": "Feature", "properties": { "Plot": "OL5", "Column": null, "Line": null, "ID": 694 }, "geometry": { "type": "Point", "coordinates": [ -3.945670658740791, 39.033193997414926 ] } },
{ "type": "Feature", "properties": { "Plot": "OL5", "Column": null, "Line": null, "ID": 695 }, "geometry": { "type": "Point", "coordinates": [ -3.945625377260913, 39.033224247200273 ] } },
{ "type": "Feature", "properties": { "Plot": "OL5", "Column": null, "Line": null, "ID": 696 }, "geometry": { "type": "Point", "coordinates": [ -3.945593680224998, 39.033250276074959 ] } },
{ "type": "Feature", "properties": { "Plot": "OL5", "Column": null, "Line": null, "ID": 697 }, "geometry": { "type": "Point", "coordinates": [ -3.945556549411499, 39.033286153697333 ] } },
{ "type": "Feature", "properties": { "Plot": "OL5", "Column": null, "Line": null, "ID": 698 }, "geometry": { "type": "Point", "coordinates": [ -3.945512173561219, 39.033312182549217 ] } },
{ "type": "Feature", "properties": { "Plot": "OL5", "Column": null, "Line": null, "ID": 699 }, "geometry": { "type": "Point", "coordinates": [ -3.945475042747718, 39.033342432283966 ] } },
{ "type": "Feature", "properties": { "Plot": "OL5", "Column": null, "Line": null, "ID": 700 }, "geometry": { "type": "Point", "coordinates": [ -3.945438817563816, 39.033374088969261 ] } },
{ "type": "Feature", "properties": { "Plot": "OL5", "Column": null, "Line": null, "ID": 701 }, "geometry": { "type": "Point", "coordinates": [ -3.945395347343134, 39.033400117788773 ] } },
{ "type": "Feature", "properties": { "Plot": "OL5", "Column": null, "Line": null, "ID": 702 }, "geometry": { "type": "Point", "coordinates": [ -3.94535549964084, 39.033438105778409 ] } },
{ "type": "Feature", "properties": { "Plot": "OL5", "Column": null, "Line": null, "ID": 703 }, "geometry": { "type": "Point", "coordinates": [ -3.945320180086536, 39.033463431093494 ] } },
{ "type": "Feature", "properties": { "Plot": "OL5", "Column": null, "Line": null, "ID": 704 }, "geometry": { "type": "Point", "coordinates": [ -3.945286671791427, 39.033492977282954 ] } },
{ "type": "Feature", "properties": { "Plot": "OL5", "Column": null, "Line": null, "ID": 705 }, "geometry": { "type": "Point", "coordinates": [ -3.945249540977927, 39.033525337381036 ] } },
{ "type": "Feature", "properties": { "Plot": "OL5", "Column": null, "Line": null, "ID": 706 }, "geometry": { "type": "Point", "coordinates": [ -3.945209693275634, 39.033554180064677 ] } },
{ "type": "Feature", "properties": { "Plot": "OL5", "Column": null, "Line": null, "ID": 707 }, "geometry": { "type": "Point", "coordinates": [ -3.945164411795756, 39.03358442969585 ] } },
{ "type": "Feature", "properties": { "Plot": "OL5", "Column": null, "Line": null, "ID": 708 }, "geometry": { "type": "Point", "coordinates": [ -3.945128186611854, 39.033613975834712 ] } },
{ "type": "Feature", "properties": { "Plot": "OL5", "Column": null, "Line": null, "ID": 709 }, "geometry": { "type": "Point", "coordinates": [ -3.945090150168757, 39.033637894128567 ] } },
{ "type": "Feature", "properties": { "Plot": "OL5", "Column": null, "Line": null, "ID": 710 }, "geometry": { "type": "Point", "coordinates": [ -3.945047585577671, 39.03367447503291 ] } },
{ "type": "Feature", "properties": { "Plot": "OL5", "Column": null, "Line": null, "ID": 711 }, "geometry": { "type": "Point", "coordinates": [ -3.945005020986586, 39.033704021134149 ] } },
{ "type": "Feature", "properties": { "Plot": "OL5", "Column": null, "Line": null, "ID": 712 }, "geometry": { "type": "Point", "coordinates": [ -3.944971512691477, 39.033724422006344 ] } },
{ "type": "Feature", "properties": { "Plot": "OL5", "Column": null, "Line": null, "ID": 713 }, "geometry": { "type": "Point", "coordinates": [ -3.944937098766769, 39.033758892432225 ] } },
{ "type": "Feature", "properties": { "Plot": "OL5", "Column": null, "Line": null, "ID": 714 }, "geometry": { "type": "Point", "coordinates": [ -3.944896345434879, 39.033787735020532 ] } },
{ "type": "Feature", "properties": { "Plot": "OL5", "Column": null, "Line": null, "ID": 715 }, "geometry": { "type": "Point", "coordinates": [ -3.944860120250977, 39.033814467165051 ] } },
{ "type": "Feature", "properties": { "Plot": "OL5", "Column": null, "Line": null, "ID": 716 }, "geometry": { "type": "Point", "coordinates": [ -3.944817555659892, 39.033848937546999 ] } },
{ "type": "Feature", "properties": { "Plot": "OL5", "Column": null, "Line": null, "ID": 717 }, "geometry": { "type": "Point", "coordinates": [ -3.944786764253575, 39.033883407912136 ] } },
{ "type": "Feature", "properties": { "Plot": "OL5", "Column": null, "Line": null, "ID": 718 }, "geometry": { "type": "Point", "coordinates": [ -3.944736048996112, 39.03391436087874 ] } },
{ "type": "Feature", "properties": { "Plot": "OL5", "Column": null, "Line": null, "ID": 719 }, "geometry": { "type": "Point", "coordinates": [ -3.944698918182612, 39.033941092975347 ] } },
{ "type": "Feature", "properties": { "Plot": "OL5", "Column": null, "Line": null, "ID": 720 }, "geometry": { "type": "Point", "coordinates": [ -3.944664504257905, 39.033970638965116 ] } },
{ "type": "Feature", "properties": { "Plot": "OL5", "Column": 1, "Line": 1, "ID": 721 }, "geometry": { "type": "Point", "coordinates": [ -3.946235771609667, 39.032859840995634 ] } },
{ "type": "Feature", "properties": { "Plot": "OL5", "Column": null, "Line": null, "ID": 722 }, "geometry": { "type": "Point", "coordinates": [ -3.946191395759387, 39.032889387460976 ] } },
{ "type": "Feature", "properties": { "Plot": "OL5", "Column": null, "Line": null, "ID": 723 }, "geometry": { "type": "Point", "coordinates": [ -3.946151548057094, 39.032916119966579 ] } },
{ "type": "Feature", "properties": { "Plot": "OL5", "Column": null, "Line": null, "ID": 724 }, "geometry": { "type": "Point", "coordinates": [ -3.946109889095606, 39.032947073381493 ] } },
{ "type": "Feature", "properties": { "Plot": "OL5", "Column": null, "Line": null, "ID": 725 }, "geometry": { "type": "Point", "coordinates": [ -3.946068230134119, 39.032978730269086 ] } },
{ "type": "Feature", "properties": { "Plot": "OL5", "Column": null, "Line": null, "ID": 726 }, "geometry": { "type": "Point", "coordinates": [ -3.94603109932062, 39.033007573198773 ] } },
{ "type": "Feature", "properties": { "Plot": "OL5", "Column": null, "Line": null, "ID": 727 }, "geometry": { "type": "Point", "coordinates": [ -3.945994874136717, 39.033037119602341 ] } },
{ "type": "Feature", "properties": { "Plot": "OL5", "Column": null, "Line": null, "ID": 728 }, "geometry": { "type": "Point", "coordinates": [ -3.945955026434425, 39.033071590390897 ] } },
{ "type": "Feature", "properties": { "Plot": "OL5", "Column": null, "Line": null, "ID": 729 }, "geometry": { "type": "Point", "coordinates": [ -3.945912461843339, 39.033108875102442 ] } },
{ "type": "Feature", "properties": { "Plot": "OL5", "Column": null, "Line": null, "ID": 730 }, "geometry": { "type": "Point", "coordinates": [ -3.945875331029839, 39.03313771797901 ] } },
{ "type": "Feature", "properties": { "Plot": "OL5", "Column": null, "Line": null, "ID": 731 }, "geometry": { "type": "Point", "coordinates": [ -3.945840917105132, 39.033160932968684 ] } },
{ "type": "Feature", "properties": { "Plot": "OL5", "Column": null, "Line": null, "ID": 732 }, "geometry": { "type": "Point", "coordinates": [ -3.945801975032437, 39.033191182792265 ] } },
{ "type": "Feature", "properties": { "Plot": "OL5", "Column": null, "Line": null, "ID": 733 }, "geometry": { "type": "Point", "coordinates": [ -3.94576393858934, 39.033220729119066 ] } },
{ "type": "Feature", "properties": { "Plot": "OL5", "Column": null, "Line": null, "ID": 734 }, "geometry": { "type": "Point", "coordinates": [ -3.945724996516645, 39.033250275433517 ] } },
{ "type": "Feature", "properties": { "Plot": "OL5", "Column": null, "Line": null, "ID": 735 }, "geometry": { "type": "Point", "coordinates": [ -3.945679715036767, 39.033280525218863 ] } },
{ "type": "Feature", "properties": { "Plot": "OL5", "Column": null, "Line": null, "ID": 736 }, "geometry": { "type": "Point", "coordinates": [ -3.945648018000852, 39.033306554093549 ] } },
{ "type": "Feature", "properties": { "Plot": "OL5", "Column": null, "Line": null, "ID": 737 }, "geometry": { "type": "Point", "coordinates": [ -3.945610887187353, 39.033342431715923 ] } },
{ "type": "Feature", "properties": { "Plot": "OL5", "Column": null, "Line": null, "ID": 738 }, "geometry": { "type": "Point", "coordinates": [ -3.945566511337073, 39.033368460567807 ] } },
{ "type": "Feature", "properties": { "Plot": "OL5", "Column": null, "Line": null, "ID": 739 }, "geometry": { "type": "Point", "coordinates": [ -3.945529380523572, 39.033398710302556 ] } },
{ "type": "Feature", "properties": { "Plot": "OL5", "Column": null, "Line": null, "ID": 740 }, "geometry": { "type": "Point", "coordinates": [ -3.94549315533967, 39.033430366987851 ] } },
{ "type": "Feature", "properties": { "Plot": "OL5", "Column": null, "Line": null, "ID": 741 }, "geometry": { "type": "Point", "coordinates": [ -3.945449685118988, 39.033456395807363 ] } },
{ "type": "Feature", "properties": { "Plot": "OL5", "Column": null, "Line": null, "ID": 742 }, "geometry": { "type": "Point", "coordinates": [ -3.945409837416694, 39.033494383796999 ] } },
{ "type": "Feature", "properties": { "Plot": "OL5", "Column": null, "Line": null, "ID": 743 }, "geometry": { "type": "Point", "coordinates": [ -3.94537451786239, 39.033519709112085 ] } },
{ "type": "Feature", "properties": { "Plot": "OL5", "Column": null, "Line": null, "ID": 744 }, "geometry": { "type": "Point", "coordinates": [ -3.945341009567281, 39.033549255301544 ] } },
{ "type": "Feature", "properties": { "Plot": "OL5", "Column": null, "Line": null, "ID": 745 }, "geometry": { "type": "Point", "coordinates": [ -3.945303878753781, 39.033581615399626 ] } },
{ "type": "Feature", "properties": { "Plot": "OL5", "Column": null, "Line": null, "ID": 746 }, "geometry": { "type": "Point", "coordinates": [ -3.945264031051488, 39.033610458083267 ] } },
{ "type": "Feature", "properties": { "Plot": "OL5", "Column": null, "Line": null, "ID": 747 }, "geometry": { "type": "Point", "coordinates": [ -3.94521874957161, 39.03364070771444 ] } },
{ "type": "Feature", "properties": { "Plot": "OL5", "Column": null, "Line": null, "ID": 748 }, "geometry": { "type": "Point", "coordinates": [ -3.945182524387708, 39.033670253853302 ] } },
{ "type": "Feature", "properties": { "Plot": "OL5", "Column": null, "Line": null, "ID": 749 }, "geometry": { "type": "Point", "coordinates": [ -3.945144487944611, 39.033694172147158 ] } },
{ "type": "Feature", "properties": { "Plot": "OL5", "Column": null, "Line": null, "ID": 750 }, "geometry": { "type": "Point", "coordinates": [ -3.945101923353525, 39.033730753051501 ] } },
{ "type": "Feature", "properties": { "Plot": "OL5", "Column": null, "Line": null, "ID": 751 }, "geometry": { "type": "Point", "coordinates": [ -3.94505935876244, 39.033760299152739 ] } },
{ "type": "Feature", "properties": { "Plot": "OL5", "Column": null, "Line": null, "ID": 752 }, "geometry": { "type": "Point", "coordinates": [ -3.945025850467331, 39.033780700024934 ] } },
{ "type": "Feature", "properties": { "Plot": "OL5", "Column": null, "Line": null, "ID": 753 }, "geometry": { "type": "Point", "coordinates": [ -3.944991436542623, 39.033815170450815 ] } },
{ "type": "Feature", "properties": { "Plot": "OL5", "Column": null, "Line": null, "ID": 754 }, "geometry": { "type": "Point", "coordinates": [ -3.944950683210733, 39.033844013039122 ] } },
{ "type": "Feature", "properties": { "Plot": "OL5", "Column": null, "Line": null, "ID": 755 }, "geometry": { "type": "Point", "coordinates": [ -3.944914458026831, 39.033870745183641 ] } },
{ "type": "Feature", "properties": { "Plot": "OL5", "Column": null, "Line": null, "ID": 756 }, "geometry": { "type": "Point", "coordinates": [ -3.944871893435746, 39.033905215565589 ] } },
{ "type": "Feature", "properties": { "Plot": "OL5", "Column": null, "Line": null, "ID": 757 }, "geometry": { "type": "Point", "coordinates": [ -3.944841102029429, 39.033939685930726 ] } },
{ "type": "Feature", "properties": { "Plot": "OL5", "Column": null, "Line": null, "ID": 758 }, "geometry": { "type": "Point", "coordinates": [ -3.944790386771966, 39.03397063889733 ] } },
{ "type": "Feature", "properties": { "Plot": "OL5", "Column": null, "Line": null, "ID": 759 }, "geometry": { "type": "Point", "coordinates": [ -3.944753255958466, 39.033997370993937 ] } },
{ "type": "Feature", "properties": { "Plot": "OL5", "Column": null, "Line": null, "ID": 760 }, "geometry": { "type": "Point", "coordinates": [ -3.944718842033759, 39.034026916983706 ] } },
{ "type": "Feature", "properties": { "Plot": "OL5", "Column": 1, "Line": 1, "ID": 761 }, "geometry": { "type": "Point", "coordinates": [ -3.946293731903911, 39.032899235581986 ] } },
{ "type": "Feature", "properties": { "Plot": "OL5", "Column": null, "Line": null, "ID": 762 }, "geometry": { "type": "Point", "coordinates": [ -3.946249356053631, 39.032928782047328 ] } },
{ "type": "Feature", "properties": { "Plot": "OL5", "Column": null, "Line": null, "ID": 763 }, "geometry": { "type": "Point", "coordinates": [ -3.946209508351338, 39.032955514552931 ] } },
{ "type": "Feature", "properties": { "Plot": "OL5", "Column": null, "Line": null, "ID": 764 }, "geometry": { "type": "Point", "coordinates": [ -3.94616784938985, 39.032986467967845 ] } },
{ "type": "Feature", "properties": { "Plot": "OL5", "Column": null, "Line": null, "ID": 765 }, "geometry": { "type": "Point", "coordinates": [ -3.946126190428363, 39.033018124855438 ] } },
{ "type": "Feature", "properties": { "Plot": "OL5", "Column": null, "Line": null, "ID": 766 }, "geometry": { "type": "Point", "coordinates": [ -3.946089059614863, 39.033046967785126 ] } },
{ "type": "Feature", "properties": { "Plot": "OL5", "Column": null, "Line": null, "ID": 767 }, "geometry": { "type": "Point", "coordinates": [ -3.946052834430961, 39.033076514188693 ] } },
{ "type": "Feature", "properties": { "Plot": "OL5", "Column": null, "Line": null, "ID": 768 }, "geometry": { "type": "Point", "coordinates": [ -3.946012986728668, 39.033110984977249 ] } },
{ "type": "Feature", "properties": { "Plot": "OL5", "Column": null, "Line": null, "ID": 769 }, "geometry": { "type": "Point", "coordinates": [ -3.945970422137583, 39.033148269688795 ] } },
{ "type": "Feature", "properties": { "Plot": "OL5", "Column": null, "Line": null, "ID": 770 }, "geometry": { "type": "Point", "coordinates": [ -3.945933291324083, 39.033177112565362 ] } },
{ "type": "Feature", "properties": { "Plot": "OL5", "Column": null, "Line": null, "ID": 771 }, "geometry": { "type": "Point", "coordinates": [ -3.945898877399376, 39.033200327555036 ] } },
{ "type": "Feature", "properties": { "Plot": "OL5", "Column": null, "Line": null, "ID": 772 }, "geometry": { "type": "Point", "coordinates": [ -3.945859935326681, 39.033230577378617 ] } },
{ "type": "Feature", "properties": { "Plot": "OL5", "Column": null, "Line": null, "ID": 773 }, "geometry": { "type": "Point", "coordinates": [ -3.945821898883584, 39.033260123705418 ] } },
{ "type": "Feature", "properties": { "Plot": "OL5", "Column": null, "Line": null, "ID": 774 }, "geometry": { "type": "Point", "coordinates": [ -3.945782956810889, 39.033289670019869 ] } },
{ "type": "Feature", "properties": { "Plot": "OL5", "Column": null, "Line": null, "ID": 775 }, "geometry": { "type": "Point", "coordinates": [ -3.945737675331011, 39.033319919805216 ] } },
{ "type": "Feature", "properties": { "Plot": "OL5", "Column": null, "Line": null, "ID": 776 }, "geometry": { "type": "Point", "coordinates": [ -3.945705978295096, 39.033345948679901 ] } },
{ "type": "Feature", "properties": { "Plot": "OL5", "Column": null, "Line": null, "ID": 777 }, "geometry": { "type": "Point", "coordinates": [ -3.945668847481596, 39.033381826302275 ] } },
{ "type": "Feature", "properties": { "Plot": "OL5", "Column": null, "Line": null, "ID": 778 }, "geometry": { "type": "Point", "coordinates": [ -3.945624471631316, 39.033407855154159 ] } },
{ "type": "Feature", "properties": { "Plot": "OL5", "Column": null, "Line": null, "ID": 779 }, "geometry": { "type": "Point", "coordinates": [ -3.945587340817816, 39.033438104888909 ] } },
{ "type": "Feature", "properties": { "Plot": "OL5", "Column": null, "Line": null, "ID": 780 }, "geometry": { "type": "Point", "coordinates": [ -3.945551115633914, 39.033469761574203 ] } },
{ "type": "Feature", "properties": { "Plot": "OL5", "Column": null, "Line": null, "ID": 781 }, "geometry": { "type": "Point", "coordinates": [ -3.945507645413231, 39.033495790393715 ] } },
{ "type": "Feature", "properties": { "Plot": "OL5", "Column": null, "Line": null, "ID": 782 }, "geometry": { "type": "Point", "coordinates": [ -3.945467797710938, 39.033533778383351 ] } },
{ "type": "Feature", "properties": { "Plot": "OL5", "Column": null, "Line": null, "ID": 783 }, "geometry": { "type": "Point", "coordinates": [ -3.945432478156634, 39.033559103698437 ] } },
{ "type": "Feature", "properties": { "Plot": "OL5", "Column": null, "Line": null, "ID": 784 }, "geometry": { "type": "Point", "coordinates": [ -3.945398969861525, 39.033588649887896 ] } },
{ "type": "Feature", "properties": { "Plot": "OL5", "Column": null, "Line": null, "ID": 785 }, "geometry": { "type": "Point", "coordinates": [ -3.945361839048025, 39.033621009985978 ] } },
{ "type": "Feature", "properties": { "Plot": "OL5", "Column": null, "Line": null, "ID": 786 }, "geometry": { "type": "Point", "coordinates": [ -3.945321991345732, 39.033649852669619 ] } },
{ "type": "Feature", "properties": { "Plot": "OL5", "Column": null, "Line": null, "ID": 787 }, "geometry": { "type": "Point", "coordinates": [ -3.945276709865854, 39.033680102300792 ] } },
{ "type": "Feature", "properties": { "Plot": "OL5", "Column": null, "Line": null, "ID": 788 }, "geometry": { "type": "Point", "coordinates": [ -3.945240484681952, 39.033709648439654 ] } },
{ "type": "Feature", "properties": { "Plot": "OL5", "Column": null, "Line": null, "ID": 789 }, "geometry": { "type": "Point", "coordinates": [ -3.945202448238855, 39.03373356673351 ] } },
{ "type": "Feature", "properties": { "Plot": "OL5", "Column": null, "Line": null, "ID": 790 }, "geometry": { "type": "Point", "coordinates": [ -3.945159883647769, 39.033770147637853 ] } },
{ "type": "Feature", "properties": { "Plot": "OL5", "Column": null, "Line": null, "ID": 791 }, "geometry": { "type": "Point", "coordinates": [ -3.945117319056684, 39.033799693739091 ] } },
{ "type": "Feature", "properties": { "Plot": "OL5", "Column": null, "Line": null, "ID": 792 }, "geometry": { "type": "Point", "coordinates": [ -3.945083810761574, 39.033820094611286 ] } },
{ "type": "Feature", "properties": { "Plot": "OL5", "Column": null, "Line": null, "ID": 793 }, "geometry": { "type": "Point", "coordinates": [ -3.945049396836867, 39.033854565037167 ] } },
{ "type": "Feature", "properties": { "Plot": "OL5", "Column": null, "Line": null, "ID": 794 }, "geometry": { "type": "Point", "coordinates": [ -3.945008643504977, 39.033883407625474 ] } },
{ "type": "Feature", "properties": { "Plot": "OL5", "Column": null, "Line": null, "ID": 795 }, "geometry": { "type": "Point", "coordinates": [ -3.944972418321075, 39.033910139769993 ] } },
{ "type": "Feature", "properties": { "Plot": "OL5", "Column": null, "Line": null, "ID": 796 }, "geometry": { "type": "Point", "coordinates": [ -3.944929853729989, 39.033944610151941 ] } },
{ "type": "Feature", "properties": { "Plot": "OL5", "Column": null, "Line": null, "ID": 797 }, "geometry": { "type": "Point", "coordinates": [ -3.944899062323673, 39.033979080517078 ] } },
{ "type": "Feature", "properties": { "Plot": "OL5", "Column": null, "Line": null, "ID": 798 }, "geometry": { "type": "Point", "coordinates": [ -3.944848347066209, 39.034010033483682 ] } },
{ "type": "Feature", "properties": { "Plot": "OL5", "Column": null, "Line": null, "ID": 799 }, "geometry": { "type": "Point", "coordinates": [ -3.94481121625271, 39.034036765580289 ] } },
{ "type": "Feature", "properties": { "Plot": "OL5", "Column": null, "Line": null, "ID": 800 }, "geometry": { "type": "Point", "coordinates": [ -3.944776802328002, 39.034066311570058 ] } },
{ "type": "Feature", "properties": { "Plot": "OL5", "Column": 1, "Line": 1, "ID": 801 }, "geometry": { "type": "Point", "coordinates": [ -3.946344447161374, 39.032947071835885 ] } },
{ "type": "Feature", "properties": { "Plot": "OL5", "Column": null, "Line": null, "ID": 802 }, "geometry": { "type": "Point", "coordinates": [ -3.946300071311094, 39.032976618301227 ] } },
{ "type": "Feature", "properties": { "Plot": "OL5", "Column": null, "Line": null, "ID": 803 }, "geometry": { "type": "Point", "coordinates": [ -3.946260223608801, 39.03300335080683 ] } },
{ "type": "Feature", "properties": { "Plot": "OL5", "Column": null, "Line": null, "ID": 804 }, "geometry": { "type": "Point", "coordinates": [ -3.946218564647313, 39.033034304221744 ] } },
{ "type": "Feature", "properties": { "Plot": "OL5", "Column": null, "Line": null, "ID": 805 }, "geometry": { "type": "Point", "coordinates": [ -3.946176905685826, 39.033065961109337 ] } },
{ "type": "Feature", "properties": { "Plot": "OL5", "Column": null, "Line": null, "ID": 806 }, "geometry": { "type": "Point", "coordinates": [ -3.946139774872327, 39.033094804039024 ] } },
{ "type": "Feature", "properties": { "Plot": "OL5", "Column": null, "Line": null, "ID": 807 }, "geometry": { "type": "Point", "coordinates": [ -3.946103549688424, 39.033124350442591 ] } },
{ "type": "Feature", "properties": { "Plot": "OL5", "Column": null, "Line": null, "ID": 808 }, "geometry": { "type": "Point", "coordinates": [ -3.946063701986132, 39.033158821231147 ] } },
{ "type": "Feature", "properties": { "Plot": "OL5", "Column": null, "Line": null, "ID": 809 }, "geometry": { "type": "Point", "coordinates": [ -3.946021137395046, 39.033196105942693 ] } },
{ "type": "Feature", "properties": { "Plot": "OL5", "Column": null, "Line": null, "ID": 810 }, "geometry": { "type": "Point", "coordinates": [ -3.945984006581546, 39.03322494881926 ] } },
{ "type": "Feature", "properties": { "Plot": "OL5", "Column": null, "Line": null, "ID": 811 }, "geometry": { "type": "Point", "coordinates": [ -3.945949592656839, 39.033248163808935 ] } },
{ "type": "Feature", "properties": { "Plot": "OL5", "Column": null, "Line": null, "ID": 812 }, "geometry": { "type": "Point", "coordinates": [ -3.945910650584144, 39.033278413632516 ] } },
{ "type": "Feature", "properties": { "Plot": "OL5", "Column": null, "Line": null, "ID": 813 }, "geometry": { "type": "Point", "coordinates": [ -3.945872614141047, 39.033307959959316 ] } },
{ "type": "Feature", "properties": { "Plot": "OL5", "Column": null, "Line": null, "ID": 814 }, "geometry": { "type": "Point", "coordinates": [ -3.945833672068352, 39.033337506273767 ] } },
{ "type": "Feature", "properties": { "Plot": "OL5", "Column": null, "Line": null, "ID": 815 }, "geometry": { "type": "Point", "coordinates": [ -3.945788390588474, 39.033367756059114 ] } },
{ "type": "Feature", "properties": { "Plot": "OL5", "Column": null, "Line": null, "ID": 816 }, "geometry": { "type": "Point", "coordinates": [ -3.945756693552559, 39.0333937849338 ] } },
{ "type": "Feature", "properties": { "Plot": "OL5", "Column": null, "Line": null, "ID": 817 }, "geometry": { "type": "Point", "coordinates": [ -3.94571956273906, 39.033429662556173 ] } },
{ "type": "Feature", "properties": { "Plot": "OL5", "Column": null, "Line": null, "ID": 818 }, "geometry": { "type": "Point", "coordinates": [ -3.94567518688878, 39.033455691408058 ] } },
{ "type": "Feature", "properties": { "Plot": "OL5", "Column": null, "Line": null, "ID": 819 }, "geometry": { "type": "Point", "coordinates": [ -3.945638056075279, 39.033485941142807 ] } },
{ "type": "Feature", "properties": { "Plot": "OL5", "Column": null, "Line": null, "ID": 820 }, "geometry": { "type": "Point", "coordinates": [ -3.945601830891377, 39.033517597828101 ] } },
{ "type": "Feature", "properties": { "Plot": "OL5", "Column": null, "Line": null, "ID": 821 }, "geometry": { "type": "Point", "coordinates": [ -3.945558360670695, 39.033543626647614 ] } },
{ "type": "Feature", "properties": { "Plot": "OL5", "Column": null, "Line": null, "ID": 822 }, "geometry": { "type": "Point", "coordinates": [ -3.945518512968401, 39.033581614637249 ] } },
{ "type": "Feature", "properties": { "Plot": "OL5", "Column": null, "Line": null, "ID": 823 }, "geometry": { "type": "Point", "coordinates": [ -3.945483193414097, 39.033606939952335 ] } },
{ "type": "Feature", "properties": { "Plot": "OL5", "Column": null, "Line": null, "ID": 824 }, "geometry": { "type": "Point", "coordinates": [ -3.945449685118988, 39.033636486141795 ] } },
{ "type": "Feature", "properties": { "Plot": "OL5", "Column": null, "Line": null, "ID": 825 }, "geometry": { "type": "Point", "coordinates": [ -3.945412554305488, 39.033668846239877 ] } },
{ "type": "Feature", "properties": { "Plot": "OL5", "Column": null, "Line": null, "ID": 826 }, "geometry": { "type": "Point", "coordinates": [ -3.945372706603195, 39.033697688923517 ] } },
{ "type": "Feature", "properties": { "Plot": "OL5", "Column": null, "Line": null, "ID": 827 }, "geometry": { "type": "Point", "coordinates": [ -3.945327425123317, 39.033727938554691 ] } },
{ "type": "Feature", "properties": { "Plot": "OL5", "Column": null, "Line": null, "ID": 828 }, "geometry": { "type": "Point", "coordinates": [ -3.945291199939415, 39.033757484693552 ] } },
{ "type": "Feature", "properties": { "Plot": "OL5", "Column": null, "Line": null, "ID": 829 }, "geometry": { "type": "Point", "coordinates": [ -3.945253163496318, 39.033781402987408 ] } },
{ "type": "Feature", "properties": { "Plot": "OL5", "Column": null, "Line": null, "ID": 830 }, "geometry": { "type": "Point", "coordinates": [ -3.945210598905232, 39.033817983891751 ] } },
{ "type": "Feature", "properties": { "Plot": "OL5", "Column": null, "Line": null, "ID": 831 }, "geometry": { "type": "Point", "coordinates": [ -3.945168034314147, 39.03384752999299 ] } },
{ "type": "Feature", "properties": { "Plot": "OL5", "Column": null, "Line": null, "ID": 832 }, "geometry": { "type": "Point", "coordinates": [ -3.945134526019038, 39.033867930865185 ] } },
{ "type": "Feature", "properties": { "Plot": "OL5", "Column": null, "Line": null, "ID": 833 }, "geometry": { "type": "Point", "coordinates": [ -3.94510011209433, 39.033902401291066 ] } },
{ "type": "Feature", "properties": { "Plot": "OL5", "Column": null, "Line": null, "ID": 834 }, "geometry": { "type": "Point", "coordinates": [ -3.94505935876244, 39.033931243879373 ] } },
{ "type": "Feature", "properties": { "Plot": "OL5", "Column": null, "Line": null, "ID": 835 }, "geometry": { "type": "Point", "coordinates": [ -3.945023133578538, 39.033957976023892 ] } },
{ "type": "Feature", "properties": { "Plot": "OL5", "Column": null, "Line": null, "ID": 836 }, "geometry": { "type": "Point", "coordinates": [ -3.944980568987453, 39.03399244640584 ] } },
{ "type": "Feature", "properties": { "Plot": "OL5", "Column": null, "Line": null, "ID": 837 }, "geometry": { "type": "Point", "coordinates": [ -3.944949777581136, 39.034026916770976 ] } },
{ "type": "Feature", "properties": { "Plot": "OL5", "Column": null, "Line": null, "ID": 838 }, "geometry": { "type": "Point", "coordinates": [ -3.944899062323673, 39.03405786973758 ] } },
{ "type": "Feature", "properties": { "Plot": "OL5", "Column": null, "Line": null, "ID": 839 }, "geometry": { "type": "Point", "coordinates": [ -3.944861931510173, 39.034084601834188 ] } },
{ "type": "Feature", "properties": { "Plot": "OL5", "Column": null, "Line": null, "ID": 840 }, "geometry": { "type": "Point", "coordinates": [ -3.944827517585466, 39.034114147823956 ] } },
{ "type": "Feature", "properties": { "Plot": "OL5", "Column": 1, "Line": 1, "ID": 841 }, "geometry": { "type": "Point", "coordinates": [ -3.946402407455617, 39.03298928026831 ] } },
{ "type": "Feature", "properties": { "Plot": "OL5", "Column": null, "Line": null, "ID": 842 }, "geometry": { "type": "Point", "coordinates": [ -3.946358031605337, 39.033018826733652 ] } },
{ "type": "Feature", "properties": { "Plot": "OL5", "Column": null, "Line": null, "ID": 843 }, "geometry": { "type": "Point", "coordinates": [ -3.946318183903044, 39.033045559239255 ] } },
{ "type": "Feature", "properties": { "Plot": "OL5", "Column": null, "Line": null, "ID": 844 }, "geometry": { "type": "Point", "coordinates": [ -3.946276524941557, 39.033076512654169 ] } },
{ "type": "Feature", "properties": { "Plot": "OL5", "Column": null, "Line": null, "ID": 845 }, "geometry": { "type": "Point", "coordinates": [ -3.946234865980069, 39.033108169541762 ] } },
{ "type": "Feature", "properties": { "Plot": "OL5", "Column": null, "Line": null, "ID": 846 }, "geometry": { "type": "Point", "coordinates": [ -3.94619773516657, 39.03313701247145 ] } },
{ "type": "Feature", "properties": { "Plot": "OL5", "Column": null, "Line": null, "ID": 847 }, "geometry": { "type": "Point", "coordinates": [ -3.946161509982667, 39.033166558875017 ] } },
{ "type": "Feature", "properties": { "Plot": "OL5", "Column": null, "Line": null, "ID": 848 }, "geometry": { "type": "Point", "coordinates": [ -3.946121662280375, 39.033201029663573 ] } },
{ "type": "Feature", "properties": { "Plot": "OL5", "Column": null, "Line": null, "ID": 849 }, "geometry": { "type": "Point", "coordinates": [ -3.94607909768929, 39.033238314375119 ] } },
{ "type": "Feature", "properties": { "Plot": "OL5", "Column": null, "Line": null, "ID": 850 }, "geometry": { "type": "Point", "coordinates": [ -3.946041966875789, 39.033267157251686 ] } },
{ "type": "Feature", "properties": { "Plot": "OL5", "Column": null, "Line": null, "ID": 851 }, "geometry": { "type": "Point", "coordinates": [ -3.946007552951083, 39.03329037224136 ] } },
{ "type": "Feature", "properties": { "Plot": "OL5", "Column": null, "Line": null, "ID": 852 }, "geometry": { "type": "Point", "coordinates": [ -3.945968610878387, 39.033320622064942 ] } },
{ "type": "Feature", "properties": { "Plot": "OL5", "Column": null, "Line": null, "ID": 853 }, "geometry": { "type": "Point", "coordinates": [ -3.94593057443529, 39.033350168391742 ] } },
{ "type": "Feature", "properties": { "Plot": "OL5", "Column": null, "Line": null, "ID": 854 }, "geometry": { "type": "Point", "coordinates": [ -3.945891632362595, 39.033379714706193 ] } },
{ "type": "Feature", "properties": { "Plot": "OL5", "Column": null, "Line": null, "ID": 855 }, "geometry": { "type": "Point", "coordinates": [ -3.945846350882718, 39.03340996449154 ] } },
{ "type": "Feature", "properties": { "Plot": "OL5", "Column": null, "Line": null, "ID": 856 }, "geometry": { "type": "Point", "coordinates": [ -3.945814653846802, 39.033435993366226 ] } },
{ "type": "Feature", "properties": { "Plot": "OL5", "Column": null, "Line": null, "ID": 857 }, "geometry": { "type": "Point", "coordinates": [ -3.945777523033303, 39.033471870988599 ] } },
{ "type": "Feature", "properties": { "Plot": "OL5", "Column": null, "Line": null, "ID": 858 }, "geometry": { "type": "Point", "coordinates": [ -3.945733147183023, 39.033497899840484 ] } },
{ "type": "Feature", "properties": { "Plot": "OL5", "Column": null, "Line": null, "ID": 859 }, "geometry": { "type": "Point", "coordinates": [ -3.945696016369522, 39.033528149575233 ] } },
{ "type": "Feature", "properties": { "Plot": "OL5", "Column": null, "Line": null, "ID": 860 }, "geometry": { "type": "Point", "coordinates": [ -3.94565979118562, 39.033559806260527 ] } },
{ "type": "Feature", "properties": { "Plot": "OL5", "Column": null, "Line": null, "ID": 861 }, "geometry": { "type": "Point", "coordinates": [ -3.945616320964938, 39.033585835080039 ] } },
{ "type": "Feature", "properties": { "Plot": "OL5", "Column": null, "Line": null, "ID": 862 }, "geometry": { "type": "Point", "coordinates": [ -3.945576473262645, 39.033623823069675 ] } },
{ "type": "Feature", "properties": { "Plot": "OL5", "Column": null, "Line": null, "ID": 863 }, "geometry": { "type": "Point", "coordinates": [ -3.94554115370834, 39.033649148384761 ] } },
{ "type": "Feature", "properties": { "Plot": "OL5", "Column": null, "Line": null, "ID": 864 }, "geometry": { "type": "Point", "coordinates": [ -3.945507645413231, 39.03367869457422 ] } },
{ "type": "Feature", "properties": { "Plot": "OL5", "Column": null, "Line": null, "ID": 865 }, "geometry": { "type": "Point", "coordinates": [ -3.945470514599731, 39.033711054672303 ] } },
{ "type": "Feature", "properties": { "Plot": "OL5", "Column": null, "Line": null, "ID": 866 }, "geometry": { "type": "Point", "coordinates": [ -3.945430666897439, 39.033739897355943 ] } },
{ "type": "Feature", "properties": { "Plot": "OL5", "Column": null, "Line": null, "ID": 867 }, "geometry": { "type": "Point", "coordinates": [ -3.94538538541756, 39.033770146987116 ] } },
{ "type": "Feature", "properties": { "Plot": "OL5", "Column": null, "Line": null, "ID": 868 }, "geometry": { "type": "Point", "coordinates": [ -3.945349160233659, 39.033799693125978 ] } },
{ "type": "Feature", "properties": { "Plot": "OL5", "Column": null, "Line": null, "ID": 869 }, "geometry": { "type": "Point", "coordinates": [ -3.945311123790561, 39.033823611419834 ] } },
{ "type": "Feature", "properties": { "Plot": "OL5", "Column": null, "Line": null, "ID": 870 }, "geometry": { "type": "Point", "coordinates": [ -3.945268559199475, 39.033860192324177 ] } },
{ "type": "Feature", "properties": { "Plot": "OL5", "Column": null, "Line": null, "ID": 871 }, "geometry": { "type": "Point", "coordinates": [ -3.945225994608391, 39.033889738425415 ] } },
{ "type": "Feature", "properties": { "Plot": "OL5", "Column": null, "Line": null, "ID": 872 }, "geometry": { "type": "Point", "coordinates": [ -3.945192486313281, 39.03391013929761 ] } },
{ "type": "Feature", "properties": { "Plot": "OL5", "Column": null, "Line": null, "ID": 873 }, "geometry": { "type": "Point", "coordinates": [ -3.945158072388574, 39.033944609723491 ] } },
{ "type": "Feature", "properties": { "Plot": "OL5", "Column": null, "Line": null, "ID": 874 }, "geometry": { "type": "Point", "coordinates": [ -3.945117319056684, 39.033973452311798 ] } },
{ "type": "Feature", "properties": { "Plot": "OL5", "Column": null, "Line": null, "ID": 875 }, "geometry": { "type": "Point", "coordinates": [ -3.945081093872782, 39.034000184456318 ] } },
{ "type": "Feature", "properties": { "Plot": "OL5", "Column": null, "Line": null, "ID": 876 }, "geometry": { "type": "Point", "coordinates": [ -3.945038529281696, 39.034034654838266 ] } },
{ "type": "Feature", "properties": { "Plot": "OL5", "Column": null, "Line": null, "ID": 877 }, "geometry": { "type": "Point", "coordinates": [ -3.945007737875379, 39.034069125203402 ] } },
{ "type": "Feature", "properties": { "Plot": "OL5", "Column": null, "Line": null, "ID": 878 }, "geometry": { "type": "Point", "coordinates": [ -3.944957022617916, 39.034100078170006 ] } },
{ "type": "Feature", "properties": { "Plot": "OL5", "Column": null, "Line": null, "ID": 879 }, "geometry": { "type": "Point", "coordinates": [ -3.944919891804416, 39.034126810266613 ] } },
{ "type": "Feature", "properties": { "Plot": "OL5", "Column": null, "Line": null, "ID": 880 }, "geometry": { "type": "Point", "coordinates": [ -3.944885477879709, 39.034156356256382 ] } },
{ "type": "Feature", "properties": { "Plot": "OL5", "Column": 1, "Line": 1, "ID": 881 }, "geometry": { "type": "Point", "coordinates": [ -3.946460367749861, 39.033028674782507 ] } },
{ "type": "Feature", "properties": { "Plot": "OL5", "Column": null, "Line": null, "ID": 882 }, "geometry": { "type": "Point", "coordinates": [ -3.946415991899581, 39.033058221247849 ] } },
{ "type": "Feature", "properties": { "Plot": "OL5", "Column": null, "Line": null, "ID": 883 }, "geometry": { "type": "Point", "coordinates": [ -3.946376144197288, 39.033084953753452 ] } },
{ "type": "Feature", "properties": { "Plot": "OL5", "Column": null, "Line": null, "ID": 884 }, "geometry": { "type": "Point", "coordinates": [ -3.9463344852358, 39.033115907168366 ] } },
{ "type": "Feature", "properties": { "Plot": "OL5", "Column": null, "Line": null, "ID": 885 }, "geometry": { "type": "Point", "coordinates": [ -3.946292826274313, 39.033147564055959 ] } },
{ "type": "Feature", "properties": { "Plot": "OL5", "Column": null, "Line": null, "ID": 886 }, "geometry": { "type": "Point", "coordinates": [ -3.946255695460814, 39.033176406985646 ] } },
{ "type": "Feature", "properties": { "Plot": "OL5", "Column": null, "Line": null, "ID": 887 }, "geometry": { "type": "Point", "coordinates": [ -3.946219470276911, 39.033205953389214 ] } },
{ "type": "Feature", "properties": { "Plot": "OL5", "Column": null, "Line": null, "ID": 888 }, "geometry": { "type": "Point", "coordinates": [ -3.946179622574618, 39.03324042417777 ] } },
{ "type": "Feature", "properties": { "Plot": "OL5", "Column": null, "Line": null, "ID": 889 }, "geometry": { "type": "Point", "coordinates": [ -3.946137057983533, 39.033277708889315 ] } },
{ "type": "Feature", "properties": { "Plot": "OL5", "Column": null, "Line": null, "ID": 890 }, "geometry": { "type": "Point", "coordinates": [ -3.946099927170033, 39.033306551765882 ] } },
{ "type": "Feature", "properties": { "Plot": "OL5", "Column": null, "Line": null, "ID": 891 }, "geometry": { "type": "Point", "coordinates": [ -3.946065513245326, 39.033329766755557 ] } },
{ "type": "Feature", "properties": { "Plot": "OL5", "Column": null, "Line": null, "ID": 892 }, "geometry": { "type": "Point", "coordinates": [ -3.946026571172631, 39.033360016579138 ] } },
{ "type": "Feature", "properties": { "Plot": "OL5", "Column": null, "Line": null, "ID": 893 }, "geometry": { "type": "Point", "coordinates": [ -3.945988534729534, 39.033389562905938 ] } },
{ "type": "Feature", "properties": { "Plot": "OL5", "Column": null, "Line": null, "ID": 894 }, "geometry": { "type": "Point", "coordinates": [ -3.945949592656839, 39.033419109220389 ] } },
{ "type": "Feature", "properties": { "Plot": "OL5", "Column": null, "Line": null, "ID": 895 }, "geometry": { "type": "Point", "coordinates": [ -3.945904311176961, 39.033449359005736 ] } },
{ "type": "Feature", "properties": { "Plot": "OL5", "Column": null, "Line": null, "ID": 896 }, "geometry": { "type": "Point", "coordinates": [ -3.945872614141046, 39.033475387880422 ] } },
{ "type": "Feature", "properties": { "Plot": "OL5", "Column": null, "Line": null, "ID": 897 }, "geometry": { "type": "Point", "coordinates": [ -3.945835483327547, 39.033511265502796 ] } },
{ "type": "Feature", "properties": { "Plot": "OL5", "Column": null, "Line": null, "ID": 898 }, "geometry": { "type": "Point", "coordinates": [ -3.945791107477266, 39.03353729435468 ] } },
{ "type": "Feature", "properties": { "Plot": "OL5", "Column": null, "Line": null, "ID": 899 }, "geometry": { "type": "Point", "coordinates": [ -3.945753976663766, 39.033567544089429 ] } },
{ "type": "Feature", "properties": { "Plot": "OL5", "Column": null, "Line": null, "ID": 900 }, "geometry": { "type": "Point", "coordinates": [ -3.945717751479864, 39.033599200774724 ] } },
{ "type": "Feature", "properties": { "Plot": "OL5", "Column": null, "Line": null, "ID": 901 }, "geometry": { "type": "Point", "coordinates": [ -3.945674281259182, 39.033625229594236 ] } },
{ "type": "Feature", "properties": { "Plot": "OL5", "Column": null, "Line": null, "ID": 902 }, "geometry": { "type": "Point", "coordinates": [ -3.945634433556888, 39.033663217583872 ] } },
{ "type": "Feature", "properties": { "Plot": "OL5", "Column": null, "Line": null, "ID": 903 }, "geometry": { "type": "Point", "coordinates": [ -3.945599114002584, 39.033688542898958 ] } },
{ "type": "Feature", "properties": { "Plot": "OL5", "Column": null, "Line": null, "ID": 904 }, "geometry": { "type": "Point", "coordinates": [ -3.945565605707475, 39.033718089088417 ] } },
{ "type": "Feature", "properties": { "Plot": "OL5", "Column": null, "Line": null, "ID": 905 }, "geometry": { "type": "Point", "coordinates": [ -3.945528474893975, 39.033750449186499 ] } },
{ "type": "Feature", "properties": { "Plot": "OL5", "Column": null, "Line": null, "ID": 906 }, "geometry": { "type": "Point", "coordinates": [ -3.945488627191682, 39.03377929187014 ] } },
{ "type": "Feature", "properties": { "Plot": "OL5", "Column": null, "Line": null, "ID": 907 }, "geometry": { "type": "Point", "coordinates": [ -3.945443345711804, 39.033809541501313 ] } },
{ "type": "Feature", "properties": { "Plot": "OL5", "Column": null, "Line": null, "ID": 908 }, "geometry": { "type": "Point", "coordinates": [ -3.945407120527902, 39.033839087640175 ] } },
{ "type": "Feature", "properties": { "Plot": "OL5", "Column": null, "Line": null, "ID": 909 }, "geometry": { "type": "Point", "coordinates": [ -3.945369084084805, 39.03386300593403 ] } },
{ "type": "Feature", "properties": { "Plot": "OL5", "Column": null, "Line": null, "ID": 910 }, "geometry": { "type": "Point", "coordinates": [ -3.945326519493719, 39.033899586838373 ] } },
{ "type": "Feature", "properties": { "Plot": "OL5", "Column": null, "Line": null, "ID": 911 }, "geometry": { "type": "Point", "coordinates": [ -3.945283954902634, 39.033929132939612 ] } },
{ "type": "Feature", "properties": { "Plot": "OL5", "Column": null, "Line": null, "ID": 912 }, "geometry": { "type": "Point", "coordinates": [ -3.945250446607524, 39.033949533811807 ] } },
{ "type": "Feature", "properties": { "Plot": "OL5", "Column": null, "Line": null, "ID": 913 }, "geometry": { "type": "Point", "coordinates": [ -3.945216032682817, 39.033984004237688 ] } },
{ "type": "Feature", "properties": { "Plot": "OL5", "Column": null, "Line": null, "ID": 914 }, "geometry": { "type": "Point", "coordinates": [ -3.945175279350927, 39.034012846825995 ] } },
{ "type": "Feature", "properties": { "Plot": "OL5", "Column": null, "Line": null, "ID": 915 }, "geometry": { "type": "Point", "coordinates": [ -3.945139054167025, 39.034039578970514 ] } },
{ "type": "Feature", "properties": { "Plot": "OL5", "Column": null, "Line": null, "ID": 916 }, "geometry": { "type": "Point", "coordinates": [ -3.94509648957594, 39.034074049352462 ] } },
{ "type": "Feature", "properties": { "Plot": "OL5", "Column": null, "Line": null, "ID": 917 }, "geometry": { "type": "Point", "coordinates": [ -3.945065698169623, 39.034108519717599 ] } },
{ "type": "Feature", "properties": { "Plot": "OL5", "Column": null, "Line": null, "ID": 918 }, "geometry": { "type": "Point", "coordinates": [ -3.94501498291216, 39.034139472684203 ] } },
{ "type": "Feature", "properties": { "Plot": "OL5", "Column": null, "Line": null, "ID": 919 }, "geometry": { "type": "Point", "coordinates": [ -3.94497785209866, 39.03416620478081 ] } },
{ "type": "Feature", "properties": { "Plot": "OL5", "Column": null, "Line": null, "ID": 920 }, "geometry": { "type": "Point", "coordinates": [ -3.944943438173953, 39.034195750770579 ] } },
{ "type": "Feature", "properties": { "Plot": "OL5", "Column": 1, "Line": 1, "ID": 921 }, "geometry": { "type": "Point", "coordinates": [ -3.946514705525715, 39.033068069274741 ] } },
{ "type": "Feature", "properties": { "Plot": "OL5", "Column": null, "Line": null, "ID": 922 }, "geometry": { "type": "Point", "coordinates": [ -3.946470329675435, 39.033097615740083 ] } },
{ "type": "Feature", "properties": { "Plot": "OL5", "Column": null, "Line": null, "ID": 923 }, "geometry": { "type": "Point", "coordinates": [ -3.946430481973142, 39.033124348245686 ] } },
{ "type": "Feature", "properties": { "Plot": "OL5", "Column": null, "Line": null, "ID": 924 }, "geometry": { "type": "Point", "coordinates": [ -3.946388823011654, 39.033155301660599 ] } },
{ "type": "Feature", "properties": { "Plot": "OL5", "Column": null, "Line": null, "ID": 925 }, "geometry": { "type": "Point", "coordinates": [ -3.946347164050167, 39.033186958548193 ] } },
{ "type": "Feature", "properties": { "Plot": "OL5", "Column": null, "Line": null, "ID": 926 }, "geometry": { "type": "Point", "coordinates": [ -3.946310033236668, 39.03321580147788 ] } },
{ "type": "Feature", "properties": { "Plot": "OL5", "Column": null, "Line": null, "ID": 927 }, "geometry": { "type": "Point", "coordinates": [ -3.946273808052765, 39.033245347881447 ] } },
{ "type": "Feature", "properties": { "Plot": "OL5", "Column": null, "Line": null, "ID": 928 }, "geometry": { "type": "Point", "coordinates": [ -3.946233960350472, 39.033279818670003 ] } },
{ "type": "Feature", "properties": { "Plot": "OL5", "Column": null, "Line": null, "ID": 929 }, "geometry": { "type": "Point", "coordinates": [ -3.946191395759387, 39.033317103381549 ] } },
{ "type": "Feature", "properties": { "Plot": "OL5", "Column": null, "Line": null, "ID": 930 }, "geometry": { "type": "Point", "coordinates": [ -3.946154264945887, 39.033345946258116 ] } },
{ "type": "Feature", "properties": { "Plot": "OL5", "Column": null, "Line": null, "ID": 931 }, "geometry": { "type": "Point", "coordinates": [ -3.94611985102118, 39.033369161247791 ] } },
{ "type": "Feature", "properties": { "Plot": "OL5", "Column": null, "Line": null, "ID": 932 }, "geometry": { "type": "Point", "coordinates": [ -3.946080908948485, 39.033399411071372 ] } },
{ "type": "Feature", "properties": { "Plot": "OL5", "Column": null, "Line": null, "ID": 933 }, "geometry": { "type": "Point", "coordinates": [ -3.946042872505388, 39.033428957398172 ] } },
{ "type": "Feature", "properties": { "Plot": "OL5", "Column": null, "Line": null, "ID": 934 }, "geometry": { "type": "Point", "coordinates": [ -3.946003930432693, 39.033458503712623 ] } },
{ "type": "Feature", "properties": { "Plot": "OL5", "Column": null, "Line": null, "ID": 935 }, "geometry": { "type": "Point", "coordinates": [ -3.945958648952815, 39.03348875349797 ] } },
{ "type": "Feature", "properties": { "Plot": "OL5", "Column": null, "Line": null, "ID": 936 }, "geometry": { "type": "Point", "coordinates": [ -3.9459269519169, 39.033514782372656 ] } },
{ "type": "Feature", "properties": { "Plot": "OL5", "Column": null, "Line": null, "ID": 937 }, "geometry": { "type": "Point", "coordinates": [ -3.945889821103401, 39.033550659995029 ] } },
{ "type": "Feature", "properties": { "Plot": "OL5", "Column": null, "Line": null, "ID": 938 }, "geometry": { "type": "Point", "coordinates": [ -3.94584544525312, 39.033576688846914 ] } },
{ "type": "Feature", "properties": { "Plot": "OL5", "Column": null, "Line": null, "ID": 939 }, "geometry": { "type": "Point", "coordinates": [ -3.94580831443962, 39.033606938581663 ] } },
{ "type": "Feature", "properties": { "Plot": "OL5", "Column": null, "Line": null, "ID": 940 }, "geometry": { "type": "Point", "coordinates": [ -3.945772089255718, 39.033638595266957 ] } },
{ "type": "Feature", "properties": { "Plot": "OL5", "Column": null, "Line": null, "ID": 941 }, "geometry": { "type": "Point", "coordinates": [ -3.945728619035036, 39.03366462408647 ] } },
{ "type": "Feature", "properties": { "Plot": "OL5", "Column": null, "Line": null, "ID": 942 }, "geometry": { "type": "Point", "coordinates": [ -3.945688771332742, 39.033702612076105 ] } },
{ "type": "Feature", "properties": { "Plot": "OL5", "Column": null, "Line": null, "ID": 943 }, "geometry": { "type": "Point", "coordinates": [ -3.945653451778438, 39.033727937391191 ] } },
{ "type": "Feature", "properties": { "Plot": "OL5", "Column": null, "Line": null, "ID": 944 }, "geometry": { "type": "Point", "coordinates": [ -3.945619943483329, 39.033757483580651 ] } },
{ "type": "Feature", "properties": { "Plot": "OL5", "Column": null, "Line": null, "ID": 945 }, "geometry": { "type": "Point", "coordinates": [ -3.945582812669829, 39.033789843678733 ] } },
{ "type": "Feature", "properties": { "Plot": "OL5", "Column": null, "Line": null, "ID": 946 }, "geometry": { "type": "Point", "coordinates": [ -3.945542964967536, 39.033818686362373 ] } },
{ "type": "Feature", "properties": { "Plot": "OL5", "Column": null, "Line": null, "ID": 947 }, "geometry": { "type": "Point", "coordinates": [ -3.945497683487658, 39.033848935993547 ] } },
{ "type": "Feature", "properties": { "Plot": "OL5", "Column": null, "Line": null, "ID": 948 }, "geometry": { "type": "Point", "coordinates": [ -3.945461458303756, 39.033878482132408 ] } },
{ "type": "Feature", "properties": { "Plot": "OL5", "Column": null, "Line": null, "ID": 949 }, "geometry": { "type": "Point", "coordinates": [ -3.945423421860659, 39.033902400426264 ] } },
{ "type": "Feature", "properties": { "Plot": "OL5", "Column": null, "Line": null, "ID": 950 }, "geometry": { "type": "Point", "coordinates": [ -3.945380857269573, 39.033938981330607 ] } },
{ "type": "Feature", "properties": { "Plot": "OL5", "Column": null, "Line": null, "ID": 951 }, "geometry": { "type": "Point", "coordinates": [ -3.945338292678488, 39.033968527431846 ] } },
{ "type": "Feature", "properties": { "Plot": "OL5", "Column": null, "Line": null, "ID": 952 }, "geometry": { "type": "Point", "coordinates": [ -3.945304784383378, 39.033988928304041 ] } },
{ "type": "Feature", "properties": { "Plot": "OL5", "Column": null, "Line": null, "ID": 953 }, "geometry": { "type": "Point", "coordinates": [ -3.945270370458671, 39.034023398729921 ] } },
{ "type": "Feature", "properties": { "Plot": "OL5", "Column": null, "Line": null, "ID": 954 }, "geometry": { "type": "Point", "coordinates": [ -3.945229617126781, 39.034052241318228 ] } },
{ "type": "Feature", "properties": { "Plot": "OL5", "Column": null, "Line": null, "ID": 955 }, "geometry": { "type": "Point", "coordinates": [ -3.945193391942879, 39.034078973462748 ] } },
{ "type": "Feature", "properties": { "Plot": "OL5", "Column": null, "Line": null, "ID": 956 }, "geometry": { "type": "Point", "coordinates": [ -3.945150827351794, 39.034113443844696 ] } },
{ "type": "Feature", "properties": { "Plot": "OL5", "Column": null, "Line": null, "ID": 957 }, "geometry": { "type": "Point", "coordinates": [ -3.945120035945477, 39.034147914209832 ] } },
{ "type": "Feature", "properties": { "Plot": "OL5", "Column": null, "Line": null, "ID": 958 }, "geometry": { "type": "Point", "coordinates": [ -3.945069320688014, 39.034178867176436 ] } },
{ "type": "Feature", "properties": { "Plot": "OL5", "Column": null, "Line": null, "ID": 959 }, "geometry": { "type": "Point", "coordinates": [ -3.945032189874514, 39.034205599273044 ] } },
{ "type": "Feature", "properties": { "Plot": "OL5", "Column": null, "Line": null, "ID": 960 }, "geometry": { "type": "Point", "coordinates": [ -3.944997775949806, 39.034235145262812 ] } }
]
}
