{
"type": "FeatureCollection",
"name": "Olive-Arbequina",
"crs": { "type": "name", "properties": { "name": "urn:ogc:def:crs:OGC:1.3:CRS84" } },
"features": [
{ "type": "Feature", "properties": { "Plot": "OL4", "Column": 1, "Line": 1, "ID": 1 }, "geometry": { "type": "Point", "coordinates": [ -3.945064783371675, 39.030005213029867 ] } },
{ "type": "Feature", "properties": { "Plot": "OL4", "Column": null, "Line": 2, "ID": 2 }, "geometry": { "type": "Point", "coordinates": [ -3.945023220168547, 39.030034809415675 ] } },
{ "type": "Feature", "properties": { "Plot": "OL4", "Column": null, "Line": 3, "ID": 3 }, "geometry": { "type": "Point", "coordinates": [ -3.944979925165288, 39.030065751078503 ] } },
{ "type": "Feature", "properties": { "Plot": "OL4", "Column": null, "Line": 4, "ID": 4 }, "geometry": { "type": "Point", "coordinates": [ -3.944945289162683, 39.030100728594078 ] } },
{ "type": "Feature", "properties": { "Plot": "OL4", "Column": null, "Line": 5, "ID": 5 }, "geometry": { "type": "Point", "coordinates": [ -3.944910653160076, 39.030124943787023 ] } },
{ "type": "Feature", "properties": { "Plot": "OL4", "Column": null, "Line": 6, "ID": 6 }, "geometry": { "type": "Point", "coordinates": [ -3.94487601715747, 39.030155885410394 ] } },
{ "type": "Feature", "properties": { "Plot": "OL4", "Column": null, "Line": null, "ID": 7 }, "geometry": { "type": "Point", "coordinates": [ -3.944834453954343, 39.030186827020202 ] } },
{ "type": "Feature", "properties": { "Plot": "OL4", "Column": null, "Line": null, "ID": 8 }, "geometry": { "type": "Point", "coordinates": [ -3.944794622551346, 39.030216423329968 ] } },
{ "type": "Feature", "properties": { "Plot": "OL4", "Column": null, "Line": null, "ID": 9 }, "geometry": { "type": "Point", "coordinates": [ -3.944747863947828, 39.030240638483285 ] } },
{ "type": "Feature", "properties": { "Plot": "OL4", "Column": null, "Line": null, "ID": 10 }, "geometry": { "type": "Point", "coordinates": [ -3.944701105344309, 39.03027292534145 ] } },
{ "type": "Feature", "properties": { "Plot": "OL4", "Column": null, "Line": null, "ID": 11 }, "geometry": { "type": "Point", "coordinates": [ -3.944678591942615, 39.030313283893435 ] } },
{ "type": "Feature", "properties": { "Plot": "OL4", "Column": null, "Line": null, "ID": 12 }, "geometry": { "type": "Point", "coordinates": [ -3.944633565139227, 39.030338844297781 ] } },
{ "type": "Feature", "properties": { "Plot": "OL4", "Column": null, "Line": null, "ID": 13 }, "geometry": { "type": "Point", "coordinates": [ -3.944588538335839, 39.030369785827496 ] } },
{ "type": "Feature", "properties": { "Plot": "OL4", "Column": null, "Line": null, "ID": 14 }, "geometry": { "type": "Point", "coordinates": [ -3.944555634133363, 39.030399382060644 ] } },
{ "type": "Feature", "properties": { "Plot": "OL4", "Column": null, "Line": null, "ID": 15 }, "geometry": { "type": "Point", "coordinates": [ -3.944522729930887, 39.0304289782814 ] } },
{ "type": "Feature", "properties": { "Plot": "OL4", "Column": null, "Line": null, "ID": 16 }, "geometry": { "type": "Point", "coordinates": [ -3.944474239527238, 39.030458574489757 ] } },
{ "type": "Feature", "properties": { "Plot": "OL4", "Column": null, "Line": null, "ID": 17 }, "geometry": { "type": "Point", "coordinates": [ -3.944436139924371, 39.030493551810927 ] } },
{ "type": "Feature", "properties": { "Plot": "OL4", "Column": null, "Line": null, "ID": 18 }, "geometry": { "type": "Point", "coordinates": [ -3.944401503921765, 39.030519112150074 ] } },
{ "type": "Feature", "properties": { "Plot": "OL4", "Column": null, "Line": null, "ID": 19 }, "geometry": { "type": "Point", "coordinates": [ -3.944361672518768, 39.030555434721371 ] } },
{ "type": "Feature", "properties": { "Plot": "OL4", "Column": null, "Line": null, "ID": 20 }, "geometry": { "type": "Point", "coordinates": [ -3.944321841115771, 39.030579649758536 ] } },
{ "type": "Feature", "properties": { "Plot": "OL4", "Column": null, "Line": null, "ID": 21 }, "geometry": { "type": "Point", "coordinates": [ -3.944287205113164, 39.030617317577629 ] } },
{ "type": "Feature", "properties": { "Plot": "OL4", "Column": null, "Line": null, "ID": 22 }, "geometry": { "type": "Point", "coordinates": [ -3.944242178309776, 39.03064018731515 ] } },
{ "type": "Feature", "properties": { "Plot": "OL4", "Column": null, "Line": null, "ID": 23 }, "geometry": { "type": "Point", "coordinates": [ -3.944198883306518, 39.030672473990798 ] } },
{ "type": "Feature", "properties": { "Plot": "OL4", "Column": null, "Line": null, "ID": 24 }, "geometry": { "type": "Point", "coordinates": [ -3.944167710904173, 39.030704760651716 ] } },
{ "type": "Feature", "properties": { "Plot": "OL4", "Column": null, "Line": null, "ID": 25 }, "geometry": { "type": "Point", "coordinates": [ -3.944124415900915, 39.030733011467902 ] } },
{ "type": "Feature", "properties": { "Plot": "OL4", "Column": null, "Line": null, "ID": 26 }, "geometry": { "type": "Point", "coordinates": [ -3.944088048098179, 39.030763952825069 ] } },
{ "type": "Feature", "properties": { "Plot": "OL4", "Column": null, "Line": null, "ID": 27 }, "geometry": { "type": "Point", "coordinates": [ -3.944048216695181, 39.030784131963749 ] } },
{ "type": "Feature", "properties": { "Plot": "OL4", "Column": null, "Line": null, "ID": 28 }, "geometry": { "type": "Point", "coordinates": [ -3.944015312492705, 39.030823144948847 ] } },
{ "type": "Feature", "properties": { "Plot": "OL4", "Column": null, "Line": null, "ID": 29 }, "geometry": { "type": "Point", "coordinates": [ -3.94398240829023, 39.030856776815284 ] } },
{ "type": "Feature", "properties": { "Plot": "OL4", "Column": null, "Line": null, "ID": 30 }, "geometry": { "type": "Point", "coordinates": [ -3.943937381486842, 39.030886372844513 ] } },
{ "type": "Feature", "properties": { "Plot": "OL4", "Column": null, "Line": null, "ID": 31 }, "geometry": { "type": "Point", "coordinates": [ -3.943899281883974, 39.030914623588103 ] } },
{ "type": "Feature", "properties": { "Plot": "OL4", "Column": null, "Line": null, "ID": 32 }, "geometry": { "type": "Point", "coordinates": [ -3.943859450480977, 39.03094556486576 ] } },
{ "type": "Feature", "properties": { "Plot": "OL4", "Column": null, "Line": null, "ID": 33 }, "geometry": { "type": "Point", "coordinates": [ -3.94381788727785, 39.030977851401907 ] } },
{ "type": "Feature", "properties": { "Plot": "OL4", "Column": null, "Line": null, "ID": 34 }, "geometry": { "type": "Point", "coordinates": [ -3.943781519475114, 39.031008792651889 ] } },
{ "type": "Feature", "properties": { "Plot": "OL4", "Column": null, "Line": null, "ID": 35 }, "geometry": { "type": "Point", "coordinates": [ -3.943748615272638, 39.031028971720659 ] } },
{ "type": "Feature", "properties": { "Plot": "OL4", "Column": null, "Line": null, "ID": 36 }, "geometry": { "type": "Point", "coordinates": [ -3.943717442870291, 39.031067984570612 ] } },
{ "type": "Feature", "properties": { "Plot": "OL4", "Column": null, "Line": null, "ID": 37 }, "geometry": { "type": "Point", "coordinates": [ -3.943668952466644, 39.031100271050846 ] } },
{ "type": "Feature", "properties": { "Plot": "OL4", "Column": null, "Line": null, "ID": 38 }, "geometry": { "type": "Point", "coordinates": [ -3.943622193863125, 39.031129866978098 ] } },
{ "type": "Feature", "properties": { "Plot": "OL4", "Column": null, "Line": null, "ID": 39 }, "geometry": null },
{ "type": "Feature", "properties": { "Plot": "OL4", "Column": null, "Line": null, "ID": 40 }, "geometry": { "type": "Point", "coordinates": [ -3.943585899407217, 39.031161626401335 ] } },
{ "type": "Feature", "properties": { "Plot": "OL4", "Column": null, "Line": null, "ID": 41 }, "geometry": { "type": "Point", "coordinates": [ -3.943549674223314, 39.031189766248133 ] } },
{ "type": "Feature", "properties": { "Plot": "OL4", "Column": null, "Line": null, "ID": 42 }, "geometry": { "type": "Point", "coordinates": [ -3.945119121147528, 39.030041795425696 ] } },
{ "type": "Feature", "properties": { "Plot": "OL4", "Column": null, "Line": null, "ID": 43 }, "geometry": { "type": "Point", "coordinates": [ -3.945077557944401, 39.030071391811504 ] } },
{ "type": "Feature", "properties": { "Plot": "OL4", "Column": null, "Line": null, "ID": 44 }, "geometry": { "type": "Point", "coordinates": [ -3.945034262941142, 39.030102333474332 ] } },
{ "type": "Feature", "properties": { "Plot": "OL4", "Column": null, "Line": null, "ID": 45 }, "geometry": { "type": "Point", "coordinates": [ -3.944999626938537, 39.030137310989907 ] } },
{ "type": "Feature", "properties": { "Plot": "OL4", "Column": null, "Line": null, "ID": 46 }, "geometry": { "type": "Point", "coordinates": [ -3.94496499093593, 39.030161526182852 ] } },
{ "type": "Feature", "properties": { "Plot": "OL4", "Column": null, "Line": null, "ID": 47 }, "geometry": { "type": "Point", "coordinates": [ -3.944930354933324, 39.030192467806224 ] } },
{ "type": "Feature", "properties": { "Plot": "OL4", "Column": null, "Line": null, "ID": 48 }, "geometry": { "type": "Point", "coordinates": [ -3.944888791730197, 39.030223409416031 ] } },
{ "type": "Feature", "properties": { "Plot": "OL4", "Column": null, "Line": null, "ID": 49 }, "geometry": { "type": "Point", "coordinates": [ -3.9448489603272, 39.030253005725797 ] } },
{ "type": "Feature", "properties": { "Plot": "OL4", "Column": null, "Line": null, "ID": 50 }, "geometry": { "type": "Point", "coordinates": [ -3.944802201723681, 39.030277220879114 ] } },
{ "type": "Feature", "properties": { "Plot": "OL4", "Column": null, "Line": null, "ID": 51 }, "geometry": { "type": "Point", "coordinates": [ -3.944755443120163, 39.030309507737279 ] } },
{ "type": "Feature", "properties": { "Plot": "OL4", "Column": null, "Line": null, "ID": 52 }, "geometry": { "type": "Point", "coordinates": [ -3.944732929718469, 39.030349866289264 ] } },
{ "type": "Feature", "properties": { "Plot": "OL4", "Column": null, "Line": null, "ID": 53 }, "geometry": { "type": "Point", "coordinates": [ -3.944687902915081, 39.03037542669361 ] } },
{ "type": "Feature", "properties": { "Plot": "OL4", "Column": null, "Line": null, "ID": 54 }, "geometry": { "type": "Point", "coordinates": [ -3.944642876111693, 39.030406368223325 ] } },
{ "type": "Feature", "properties": { "Plot": "OL4", "Column": null, "Line": null, "ID": 55 }, "geometry": { "type": "Point", "coordinates": [ -3.944609971909216, 39.030435964456473 ] } },
{ "type": "Feature", "properties": { "Plot": "OL4", "Column": null, "Line": null, "ID": 56 }, "geometry": { "type": "Point", "coordinates": [ -3.944577067706741, 39.030465560677229 ] } },
{ "type": "Feature", "properties": { "Plot": "OL4", "Column": null, "Line": null, "ID": 57 }, "geometry": { "type": "Point", "coordinates": [ -3.944528577303092, 39.030495156885586 ] } },
{ "type": "Feature", "properties": { "Plot": "OL4", "Column": null, "Line": null, "ID": 58 }, "geometry": { "type": "Point", "coordinates": [ -3.944490477700225, 39.030530134206757 ] } },
{ "type": "Feature", "properties": { "Plot": "OL4", "Column": null, "Line": null, "ID": 59 }, "geometry": { "type": "Point", "coordinates": [ -3.944455841697619, 39.030555694545903 ] } },
{ "type": "Feature", "properties": { "Plot": "OL4", "Column": null, "Line": null, "ID": 60 }, "geometry": { "type": "Point", "coordinates": [ -3.944416010294622, 39.0305920171172 ] } },
{ "type": "Feature", "properties": { "Plot": "OL4", "Column": null, "Line": null, "ID": 61 }, "geometry": { "type": "Point", "coordinates": [ -3.944376178891625, 39.030616232154365 ] } },
{ "type": "Feature", "properties": { "Plot": "OL4", "Column": null, "Line": null, "ID": 62 }, "geometry": { "type": "Point", "coordinates": [ -3.944341542889018, 39.030653899973458 ] } },
{ "type": "Feature", "properties": { "Plot": "OL4", "Column": null, "Line": null, "ID": 63 }, "geometry": { "type": "Point", "coordinates": [ -3.94429651608563, 39.030676769710979 ] } },
{ "type": "Feature", "properties": { "Plot": "OL4", "Column": null, "Line": null, "ID": 64 }, "geometry": { "type": "Point", "coordinates": [ -3.944253221082372, 39.030709056386627 ] } },
{ "type": "Feature", "properties": { "Plot": "OL4", "Column": null, "Line": null, "ID": 65 }, "geometry": { "type": "Point", "coordinates": [ -3.944222048680027, 39.030741343047545 ] } },
{ "type": "Feature", "properties": { "Plot": "OL4", "Column": null, "Line": null, "ID": 66 }, "geometry": { "type": "Point", "coordinates": [ -3.944178753676769, 39.030769593863731 ] } },
{ "type": "Feature", "properties": { "Plot": "OL4", "Column": null, "Line": null, "ID": 67 }, "geometry": { "type": "Point", "coordinates": [ -3.944142385874033, 39.030800535220898 ] } },
{ "type": "Feature", "properties": { "Plot": "OL4", "Column": null, "Line": null, "ID": 68 }, "geometry": { "type": "Point", "coordinates": [ -3.944102554471035, 39.030820714359578 ] } },
{ "type": "Feature", "properties": { "Plot": "OL4", "Column": null, "Line": null, "ID": 69 }, "geometry": { "type": "Point", "coordinates": [ -3.944069650268559, 39.030859727344676 ] } },
{ "type": "Feature", "properties": { "Plot": "OL4", "Column": null, "Line": null, "ID": 70 }, "geometry": { "type": "Point", "coordinates": [ -3.944036746066084, 39.030893359211113 ] } },
{ "type": "Feature", "properties": { "Plot": "OL4", "Column": null, "Line": null, "ID": 71 }, "geometry": { "type": "Point", "coordinates": [ -3.943991719262696, 39.030922955240342 ] } },
{ "type": "Feature", "properties": { "Plot": "OL4", "Column": null, "Line": null, "ID": 72 }, "geometry": { "type": "Point", "coordinates": [ -3.943953619659828, 39.030951205983932 ] } },
{ "type": "Feature", "properties": { "Plot": "OL4", "Column": null, "Line": null, "ID": 73 }, "geometry": { "type": "Point", "coordinates": [ -3.943913788256831, 39.030982147261589 ] } },
{ "type": "Feature", "properties": { "Plot": "OL4", "Column": null, "Line": null, "ID": 74 }, "geometry": { "type": "Point", "coordinates": [ -3.943872225053704, 39.031014433797736 ] } },
{ "type": "Feature", "properties": { "Plot": "OL4", "Column": null, "Line": null, "ID": 75 }, "geometry": { "type": "Point", "coordinates": [ -3.943835857250968, 39.031045375047718 ] } },
{ "type": "Feature", "properties": { "Plot": "OL4", "Column": null, "Line": null, "ID": 76 }, "geometry": { "type": "Point", "coordinates": [ -3.943802953048491, 39.031065554116488 ] } },
{ "type": "Feature", "properties": { "Plot": "OL4", "Column": null, "Line": null, "ID": 77 }, "geometry": { "type": "Point", "coordinates": [ -3.943771780646145, 39.031104566966441 ] } },
{ "type": "Feature", "properties": { "Plot": "OL4", "Column": null, "Line": null, "ID": 78 }, "geometry": { "type": "Point", "coordinates": [ -3.943723290242497, 39.031136853446675 ] } },
{ "type": "Feature", "properties": { "Plot": "OL4", "Column": null, "Line": null, "ID": 79 }, "geometry": { "type": "Point", "coordinates": [ -3.943676531638979, 39.031166449373927 ] } },
{ "type": "Feature", "properties": { "Plot": "OL4", "Column": null, "Line": null, "ID": 80 }, "geometry": { "type": "Point", "coordinates": [ -3.943640237183071, 39.031198208797164 ] } },
{ "type": "Feature", "properties": { "Plot": "OL4", "Column": null, "Line": null, "ID": 81 }, "geometry": { "type": "Point", "coordinates": [ -3.943604011999168, 39.031226348643962 ] } },
{ "type": "Feature", "properties": { "Plot": "OL4", "Column": null, "Line": null, "ID": 82 }, "geometry": { "type": "Point", "coordinates": [ -3.945180703960162, 39.030084005858896 ] } },
{ "type": "Feature", "properties": { "Plot": "OL4", "Column": null, "Line": null, "ID": 83 }, "geometry": { "type": "Point", "coordinates": [ -3.945139140757034, 39.030113602244704 ] } },
{ "type": "Feature", "properties": { "Plot": "OL4", "Column": null, "Line": null, "ID": 84 }, "geometry": { "type": "Point", "coordinates": [ -3.945095845753776, 39.030144543907532 ] } },
{ "type": "Feature", "properties": { "Plot": "OL4", "Column": null, "Line": null, "ID": 85 }, "geometry": { "type": "Point", "coordinates": [ -3.94506120975117, 39.030179521423108 ] } },
{ "type": "Feature", "properties": { "Plot": "OL4", "Column": null, "Line": null, "ID": 86 }, "geometry": { "type": "Point", "coordinates": [ -3.945026573748563, 39.030203736616052 ] } },
{ "type": "Feature", "properties": { "Plot": "OL4", "Column": null, "Line": null, "ID": 87 }, "geometry": { "type": "Point", "coordinates": [ -3.944991937745958, 39.030234678239424 ] } },
{ "type": "Feature", "properties": { "Plot": "OL4", "Column": null, "Line": null, "ID": 88 }, "geometry": { "type": "Point", "coordinates": [ -3.94495037454283, 39.030265619849231 ] } },
{ "type": "Feature", "properties": { "Plot": "OL4", "Column": null, "Line": null, "ID": 89 }, "geometry": { "type": "Point", "coordinates": [ -3.944910543139833, 39.030295216158997 ] } },
{ "type": "Feature", "properties": { "Plot": "OL4", "Column": null, "Line": null, "ID": 90 }, "geometry": { "type": "Point", "coordinates": [ -3.944863784536315, 39.030319431312314 ] } },
{ "type": "Feature", "properties": { "Plot": "OL4", "Column": null, "Line": null, "ID": 91 }, "geometry": { "type": "Point", "coordinates": [ -3.944817025932796, 39.030351718170479 ] } },
{ "type": "Feature", "properties": { "Plot": "OL4", "Column": null, "Line": null, "ID": 92 }, "geometry": { "type": "Point", "coordinates": [ -3.944794512531102, 39.030392076722464 ] } },
{ "type": "Feature", "properties": { "Plot": "OL4", "Column": null, "Line": null, "ID": 93 }, "geometry": { "type": "Point", "coordinates": [ -3.944749485727714, 39.03041763712681 ] } },
{ "type": "Feature", "properties": { "Plot": "OL4", "Column": null, "Line": null, "ID": 94 }, "geometry": { "type": "Point", "coordinates": [ -3.944704458924326, 39.030448578656525 ] } },
{ "type": "Feature", "properties": { "Plot": "OL4", "Column": null, "Line": null, "ID": 95 }, "geometry": { "type": "Point", "coordinates": [ -3.94467155472185, 39.030478174889673 ] } },
{ "type": "Feature", "properties": { "Plot": "OL4", "Column": null, "Line": null, "ID": 96 }, "geometry": { "type": "Point", "coordinates": [ -3.944638650519374, 39.030507771110429 ] } },
{ "type": "Feature", "properties": { "Plot": "OL4", "Column": null, "Line": null, "ID": 97 }, "geometry": { "type": "Point", "coordinates": [ -3.944590160115725, 39.030537367318786 ] } },
{ "type": "Feature", "properties": { "Plot": "OL4", "Column": null, "Line": null, "ID": 98 }, "geometry": { "type": "Point", "coordinates": [ -3.944552060512859, 39.030572344639957 ] } },
{ "type": "Feature", "properties": { "Plot": "OL4", "Column": null, "Line": null, "ID": 99 }, "geometry": { "type": "Point", "coordinates": [ -3.944517424510252, 39.030597904979103 ] } },
{ "type": "Feature", "properties": { "Plot": "OL4", "Column": null, "Line": null, "ID": 100 }, "geometry": { "type": "Point", "coordinates": [ -3.944477593107255, 39.030634227550401 ] } },
{ "type": "Feature", "properties": { "Plot": "OL4", "Column": null, "Line": null, "ID": 101 }, "geometry": { "type": "Point", "coordinates": [ -3.944437761704258, 39.030658442587566 ] } },
{ "type": "Feature", "properties": { "Plot": "OL4", "Column": null, "Line": null, "ID": 102 }, "geometry": { "type": "Point", "coordinates": [ -3.944403125701652, 39.030696110406659 ] } },
{ "type": "Feature", "properties": { "Plot": "OL4", "Column": null, "Line": null, "ID": 103 }, "geometry": { "type": "Point", "coordinates": [ -3.944358098898263, 39.030718980144179 ] } },
{ "type": "Feature", "properties": { "Plot": "OL4", "Column": null, "Line": null, "ID": 104 }, "geometry": { "type": "Point", "coordinates": [ -3.944314803895006, 39.030751266819827 ] } },
{ "type": "Feature", "properties": { "Plot": "OL4", "Column": null, "Line": null, "ID": 105 }, "geometry": { "type": "Point", "coordinates": [ -3.94428363149266, 39.030783553480745 ] } },
{ "type": "Feature", "properties": { "Plot": "OL4", "Column": null, "Line": null, "ID": 106 }, "geometry": { "type": "Point", "coordinates": [ -3.944240336489402, 39.030811804296931 ] } },
{ "type": "Feature", "properties": { "Plot": "OL4", "Column": null, "Line": null, "ID": 107 }, "geometry": { "type": "Point", "coordinates": [ -3.944203968686666, 39.030842745654098 ] } },
{ "type": "Feature", "properties": { "Plot": "OL4", "Column": null, "Line": null, "ID": 108 }, "geometry": { "type": "Point", "coordinates": [ -3.944164137283669, 39.030862924792778 ] } },
{ "type": "Feature", "properties": { "Plot": "OL4", "Column": null, "Line": null, "ID": 109 }, "geometry": { "type": "Point", "coordinates": [ -3.944131233081193, 39.030901937777877 ] } },
{ "type": "Feature", "properties": { "Plot": "OL4", "Column": null, "Line": null, "ID": 110 }, "geometry": { "type": "Point", "coordinates": [ -3.944098328878717, 39.030935569644313 ] } },
{ "type": "Feature", "properties": { "Plot": "OL4", "Column": null, "Line": null, "ID": 111 }, "geometry": { "type": "Point", "coordinates": [ -3.944053302075329, 39.030965165673543 ] } },
{ "type": "Feature", "properties": { "Plot": "OL4", "Column": null, "Line": null, "ID": 112 }, "geometry": { "type": "Point", "coordinates": [ -3.944015202472461, 39.030993416417132 ] } },
{ "type": "Feature", "properties": { "Plot": "OL4", "Column": null, "Line": null, "ID": 113 }, "geometry": { "type": "Point", "coordinates": [ -3.943975371069464, 39.03102435769479 ] } },
{ "type": "Feature", "properties": { "Plot": "OL4", "Column": null, "Line": null, "ID": 114 }, "geometry": { "type": "Point", "coordinates": [ -3.943933807866337, 39.031056644230937 ] } },
{ "type": "Feature", "properties": { "Plot": "OL4", "Column": null, "Line": null, "ID": 115 }, "geometry": { "type": "Point", "coordinates": [ -3.943897440063601, 39.031087585480918 ] } },
{ "type": "Feature", "properties": { "Plot": "OL4", "Column": null, "Line": null, "ID": 116 }, "geometry": { "type": "Point", "coordinates": [ -3.943864535861125, 39.031107764549688 ] } },
{ "type": "Feature", "properties": { "Plot": "OL4", "Column": null, "Line": null, "ID": 117 }, "geometry": { "type": "Point", "coordinates": [ -3.943833363458779, 39.031146777399641 ] } },
{ "type": "Feature", "properties": { "Plot": "OL4", "Column": null, "Line": null, "ID": 118 }, "geometry": { "type": "Point", "coordinates": [ -3.943784873055131, 39.031179063879875 ] } },
{ "type": "Feature", "properties": { "Plot": "OL4", "Column": null, "Line": null, "ID": 119 }, "geometry": { "type": "Point", "coordinates": [ -3.943738114451612, 39.031208659807128 ] } },
{ "type": "Feature", "properties": { "Plot": "OL4", "Column": null, "Line": null, "ID": 120 }, "geometry": { "type": "Point", "coordinates": [ -3.943701819995704, 39.031240419230365 ] } },
{ "type": "Feature", "properties": { "Plot": "OL4", "Column": null, "Line": null, "ID": 121 }, "geometry": { "type": "Point", "coordinates": [ -3.943665594811801, 39.031268559077162 ] } },
{ "type": "Feature", "properties": { "Plot": "OL4", "Column": null, "Line": null, "ID": 122 }, "geometry": { "type": "Point", "coordinates": [ -3.945227796699235, 39.030123402240463 ] } },
{ "type": "Feature", "properties": { "Plot": "OL4", "Column": null, "Line": null, "ID": 123 }, "geometry": { "type": "Point", "coordinates": [ -3.945186233496107, 39.030152998626271 ] } },
{ "type": "Feature", "properties": { "Plot": "OL4", "Column": null, "Line": null, "ID": 124 }, "geometry": { "type": "Point", "coordinates": [ -3.945142938492849, 39.030183940289099 ] } },
{ "type": "Feature", "properties": { "Plot": "OL4", "Column": null, "Line": null, "ID": 125 }, "geometry": { "type": "Point", "coordinates": [ -3.945108302490243, 39.030218917804675 ] } },
{ "type": "Feature", "properties": { "Plot": "OL4", "Column": null, "Line": null, "ID": 126 }, "geometry": { "type": "Point", "coordinates": [ -3.945073666487636, 39.030243132997619 ] } },
{ "type": "Feature", "properties": { "Plot": "OL4", "Column": null, "Line": null, "ID": 127 }, "geometry": { "type": "Point", "coordinates": [ -3.945039030485031, 39.030274074620991 ] } },
{ "type": "Feature", "properties": { "Plot": "OL4", "Column": null, "Line": null, "ID": 128 }, "geometry": { "type": "Point", "coordinates": [ -3.944997467281903, 39.030305016230798 ] } },
{ "type": "Feature", "properties": { "Plot": "OL4", "Column": null, "Line": null, "ID": 129 }, "geometry": { "type": "Point", "coordinates": [ -3.944957635878906, 39.030334612540564 ] } },
{ "type": "Feature", "properties": { "Plot": "OL4", "Column": null, "Line": null, "ID": 130 }, "geometry": { "type": "Point", "coordinates": [ -3.944910877275388, 39.030358827693881 ] } },
{ "type": "Feature", "properties": { "Plot": "OL4", "Column": null, "Line": null, "ID": 131 }, "geometry": { "type": "Point", "coordinates": [ -3.94486411867187, 39.030391114552046 ] } },
{ "type": "Feature", "properties": { "Plot": "OL4", "Column": null, "Line": null, "ID": 132 }, "geometry": { "type": "Point", "coordinates": [ -3.944841605270176, 39.030431473104031 ] } },
{ "type": "Feature", "properties": { "Plot": "OL4", "Column": null, "Line": null, "ID": 133 }, "geometry": { "type": "Point", "coordinates": [ -3.944796578466787, 39.030457033508377 ] } },
{ "type": "Feature", "properties": { "Plot": "OL4", "Column": null, "Line": null, "ID": 134 }, "geometry": { "type": "Point", "coordinates": [ -3.944751551663399, 39.030487975038092 ] } },
{ "type": "Feature", "properties": { "Plot": "OL4", "Column": null, "Line": null, "ID": 135 }, "geometry": { "type": "Point", "coordinates": [ -3.944718647460923, 39.03051757127124 ] } },
{ "type": "Feature", "properties": { "Plot": "OL4", "Column": null, "Line": null, "ID": 136 }, "geometry": { "type": "Point", "coordinates": [ -3.944685743258447, 39.030547167491996 ] } },
{ "type": "Feature", "properties": { "Plot": "OL4", "Column": null, "Line": null, "ID": 137 }, "geometry": { "type": "Point", "coordinates": [ -3.944637252854799, 39.030576763700353 ] } },
{ "type": "Feature", "properties": { "Plot": "OL4", "Column": null, "Line": null, "ID": 138 }, "geometry": { "type": "Point", "coordinates": [ -3.944599153251932, 39.030611741021524 ] } },
{ "type": "Feature", "properties": { "Plot": "OL4", "Column": null, "Line": null, "ID": 139 }, "geometry": { "type": "Point", "coordinates": [ -3.944564517249325, 39.03063730136067 ] } },
{ "type": "Feature", "properties": { "Plot": "OL4", "Column": null, "Line": null, "ID": 140 }, "geometry": { "type": "Point", "coordinates": [ -3.944524685846328, 39.030673623931968 ] } },
{ "type": "Feature", "properties": { "Plot": "OL4", "Column": null, "Line": null, "ID": 141 }, "geometry": { "type": "Point", "coordinates": [ -3.944484854443331, 39.030697838969132 ] } },
{ "type": "Feature", "properties": { "Plot": "OL4", "Column": null, "Line": null, "ID": 142 }, "geometry": { "type": "Point", "coordinates": [ -3.944450218440725, 39.030735506788226 ] } },
{ "type": "Feature", "properties": { "Plot": "OL4", "Column": null, "Line": null, "ID": 143 }, "geometry": { "type": "Point", "coordinates": [ -3.944405191637336, 39.030758376525746 ] } },
{ "type": "Feature", "properties": { "Plot": "OL4", "Column": null, "Line": null, "ID": 144 }, "geometry": { "type": "Point", "coordinates": [ -3.944361896634079, 39.030790663201394 ] } },
{ "type": "Feature", "properties": { "Plot": "OL4", "Column": null, "Line": null, "ID": 145 }, "geometry": { "type": "Point", "coordinates": [ -3.944330724231734, 39.030822949862312 ] } },
{ "type": "Feature", "properties": { "Plot": "OL4", "Column": null, "Line": null, "ID": 146 }, "geometry": { "type": "Point", "coordinates": [ -3.944287429228475, 39.030851200678498 ] } },
{ "type": "Feature", "properties": { "Plot": "OL4", "Column": null, "Line": null, "ID": 147 }, "geometry": { "type": "Point", "coordinates": [ -3.944251061425739, 39.030882142035665 ] } },
{ "type": "Feature", "properties": { "Plot": "OL4", "Column": null, "Line": null, "ID": 148 }, "geometry": { "type": "Point", "coordinates": [ -3.944211230022742, 39.030902321174345 ] } },
{ "type": "Feature", "properties": { "Plot": "OL4", "Column": null, "Line": null, "ID": 149 }, "geometry": { "type": "Point", "coordinates": [ -3.944178325820266, 39.030941334159444 ] } },
{ "type": "Feature", "properties": { "Plot": "OL4", "Column": null, "Line": null, "ID": 150 }, "geometry": { "type": "Point", "coordinates": [ -3.94414542161779, 39.03097496602588 ] } },
{ "type": "Feature", "properties": { "Plot": "OL4", "Column": null, "Line": null, "ID": 151 }, "geometry": { "type": "Point", "coordinates": [ -3.944100394814402, 39.031004562055109 ] } },
{ "type": "Feature", "properties": { "Plot": "OL4", "Column": null, "Line": null, "ID": 152 }, "geometry": { "type": "Point", "coordinates": [ -3.944062295211535, 39.031032812798699 ] } },
{ "type": "Feature", "properties": { "Plot": "OL4", "Column": null, "Line": null, "ID": 153 }, "geometry": { "type": "Point", "coordinates": [ -3.944022463808538, 39.031063754076357 ] } },
{ "type": "Feature", "properties": { "Plot": "OL4", "Column": null, "Line": null, "ID": 154 }, "geometry": { "type": "Point", "coordinates": [ -3.943980900605411, 39.031096040612503 ] } },
{ "type": "Feature", "properties": { "Plot": "OL4", "Column": null, "Line": null, "ID": 155 }, "geometry": { "type": "Point", "coordinates": [ -3.943944532802674, 39.031126981862485 ] } },
{ "type": "Feature", "properties": { "Plot": "OL4", "Column": null, "Line": null, "ID": 156 }, "geometry": { "type": "Point", "coordinates": [ -3.943911628600198, 39.031147160931255 ] } },
{ "type": "Feature", "properties": { "Plot": "OL4", "Column": null, "Line": null, "ID": 157 }, "geometry": { "type": "Point", "coordinates": [ -3.943880456197852, 39.031186173781208 ] } },
{ "type": "Feature", "properties": { "Plot": "OL4", "Column": null, "Line": null, "ID": 158 }, "geometry": { "type": "Point", "coordinates": [ -3.943831965794204, 39.031218460261442 ] } },
{ "type": "Feature", "properties": { "Plot": "OL4", "Column": null, "Line": null, "ID": 159 }, "geometry": { "type": "Point", "coordinates": [ -3.943785207190686, 39.031248056188694 ] } },
{ "type": "Feature", "properties": { "Plot": "OL4", "Column": null, "Line": null, "ID": 160 }, "geometry": { "type": "Point", "coordinates": [ -3.943748912734777, 39.031279815611931 ] } },
{ "type": "Feature", "properties": { "Plot": "OL4", "Column": null, "Line": null, "ID": 161 }, "geometry": { "type": "Point", "coordinates": [ -3.943712687550875, 39.031307955458729 ] } },
{ "type": "Feature", "properties": { "Plot": "OL4", "Column": null, "Line": null, "ID": 162 }, "geometry": { "type": "Point", "coordinates": [ -3.945285756993479, 39.030174054698797 ] } },
{ "type": "Feature", "properties": { "Plot": "OL4", "Column": null, "Line": null, "ID": 163 }, "geometry": { "type": "Point", "coordinates": [ -3.945244193790351, 39.030203651084605 ] } },
{ "type": "Feature", "properties": { "Plot": "OL4", "Column": null, "Line": null, "ID": 164 }, "geometry": { "type": "Point", "coordinates": [ -3.945200898787093, 39.030234592747433 ] } },
{ "type": "Feature", "properties": { "Plot": "OL4", "Column": null, "Line": null, "ID": 165 }, "geometry": { "type": "Point", "coordinates": [ -3.945166262784487, 39.030269570263009 ] } },
{ "type": "Feature", "properties": { "Plot": "OL4", "Column": null, "Line": null, "ID": 166 }, "geometry": { "type": "Point", "coordinates": [ -3.94513162678188, 39.030293785455953 ] } },
{ "type": "Feature", "properties": { "Plot": "OL4", "Column": null, "Line": null, "ID": 167 }, "geometry": { "type": "Point", "coordinates": [ -3.945096990779275, 39.030324727079325 ] } },
{ "type": "Feature", "properties": { "Plot": "OL4", "Column": null, "Line": null, "ID": 168 }, "geometry": { "type": "Point", "coordinates": [ -3.945055427576147, 39.030355668689133 ] } },
{ "type": "Feature", "properties": { "Plot": "OL4", "Column": null, "Line": null, "ID": 169 }, "geometry": { "type": "Point", "coordinates": [ -3.94501559617315, 39.030385264998898 ] } },
{ "type": "Feature", "properties": { "Plot": "OL4", "Column": null, "Line": null, "ID": 170 }, "geometry": { "type": "Point", "coordinates": [ -3.944968837569632, 39.030409480152215 ] } },
{ "type": "Feature", "properties": { "Plot": "OL4", "Column": null, "Line": null, "ID": 171 }, "geometry": { "type": "Point", "coordinates": [ -3.944922078966113, 39.03044176701038 ] } },
{ "type": "Feature", "properties": { "Plot": "OL4", "Column": null, "Line": null, "ID": 172 }, "geometry": { "type": "Point", "coordinates": [ -3.944899565564419, 39.030482125562365 ] } },
{ "type": "Feature", "properties": { "Plot": "OL4", "Column": null, "Line": null, "ID": 173 }, "geometry": { "type": "Point", "coordinates": [ -3.944854538761031, 39.030507685966711 ] } },
{ "type": "Feature", "properties": { "Plot": "OL4", "Column": null, "Line": null, "ID": 174 }, "geometry": { "type": "Point", "coordinates": [ -3.944809511957643, 39.030538627496426 ] } },
{ "type": "Feature", "properties": { "Plot": "OL4", "Column": null, "Line": null, "ID": 175 }, "geometry": { "type": "Point", "coordinates": [ -3.944776607755167, 39.030568223729574 ] } },
{ "type": "Feature", "properties": { "Plot": "OL4", "Column": null, "Line": null, "ID": 176 }, "geometry": { "type": "Point", "coordinates": [ -3.944743703552691, 39.03059781995033 ] } },
{ "type": "Feature", "properties": { "Plot": "OL4", "Column": null, "Line": null, "ID": 177 }, "geometry": { "type": "Point", "coordinates": [ -3.944695213149042, 39.030627416158687 ] } },
{ "type": "Feature", "properties": { "Plot": "OL4", "Column": null, "Line": null, "ID": 178 }, "geometry": { "type": "Point", "coordinates": [ -3.944657113546175, 39.030662393479858 ] } },
{ "type": "Feature", "properties": { "Plot": "OL4", "Column": null, "Line": null, "ID": 179 }, "geometry": { "type": "Point", "coordinates": [ -3.944622477543569, 39.030687953819005 ] } },
{ "type": "Feature", "properties": { "Plot": "OL4", "Column": null, "Line": null, "ID": 180 }, "geometry": { "type": "Point", "coordinates": [ -3.944582646140572, 39.030724276390302 ] } },
{ "type": "Feature", "properties": { "Plot": "OL4", "Column": null, "Line": null, "ID": 181 }, "geometry": { "type": "Point", "coordinates": [ -3.944542814737575, 39.030748491427467 ] } },
{ "type": "Feature", "properties": { "Plot": "OL4", "Column": null, "Line": null, "ID": 182 }, "geometry": { "type": "Point", "coordinates": [ -3.944508178734969, 39.03078615924656 ] } },
{ "type": "Feature", "properties": { "Plot": "OL4", "Column": null, "Line": null, "ID": 183 }, "geometry": { "type": "Point", "coordinates": [ -3.94446315193158, 39.030809028984081 ] } },
{ "type": "Feature", "properties": { "Plot": "OL4", "Column": null, "Line": null, "ID": 184 }, "geometry": { "type": "Point", "coordinates": [ -3.944419856928322, 39.030841315659728 ] } },
{ "type": "Feature", "properties": { "Plot": "OL4", "Column": null, "Line": null, "ID": 185 }, "geometry": { "type": "Point", "coordinates": [ -3.944388684525977, 39.030873602320646 ] } },
{ "type": "Feature", "properties": { "Plot": "OL4", "Column": null, "Line": null, "ID": 186 }, "geometry": { "type": "Point", "coordinates": [ -3.944345389522719, 39.030901853136832 ] } },
{ "type": "Feature", "properties": { "Plot": "OL4", "Column": null, "Line": null, "ID": 187 }, "geometry": { "type": "Point", "coordinates": [ -3.944309021719983, 39.030932794493999 ] } },
{ "type": "Feature", "properties": { "Plot": "OL4", "Column": null, "Line": null, "ID": 188 }, "geometry": { "type": "Point", "coordinates": [ -3.944269190316986, 39.030952973632679 ] } },
{ "type": "Feature", "properties": { "Plot": "OL4", "Column": null, "Line": null, "ID": 189 }, "geometry": { "type": "Point", "coordinates": [ -3.944236286114509, 39.030991986617778 ] } },
{ "type": "Feature", "properties": { "Plot": "OL4", "Column": null, "Line": null, "ID": 190 }, "geometry": { "type": "Point", "coordinates": [ -3.944203381912034, 39.031025618484215 ] } },
{ "type": "Feature", "properties": { "Plot": "OL4", "Column": null, "Line": null, "ID": 191 }, "geometry": { "type": "Point", "coordinates": [ -3.944158355108646, 39.031055214513444 ] } },
{ "type": "Feature", "properties": { "Plot": "OL4", "Column": null, "Line": null, "ID": 192 }, "geometry": { "type": "Point", "coordinates": [ -3.944120255505778, 39.031083465257034 ] } },
{ "type": "Feature", "properties": { "Plot": "OL4", "Column": null, "Line": null, "ID": 193 }, "geometry": { "type": "Point", "coordinates": [ -3.944080424102781, 39.031114406534691 ] } },
{ "type": "Feature", "properties": { "Plot": "OL4", "Column": null, "Line": null, "ID": 194 }, "geometry": { "type": "Point", "coordinates": [ -3.944038860899654, 39.031146693070838 ] } },
{ "type": "Feature", "properties": { "Plot": "OL4", "Column": null, "Line": null, "ID": 195 }, "geometry": { "type": "Point", "coordinates": [ -3.944002493096918, 39.031177634320819 ] } },
{ "type": "Feature", "properties": { "Plot": "OL4", "Column": null, "Line": null, "ID": 196 }, "geometry": { "type": "Point", "coordinates": [ -3.943969588894442, 39.031197813389589 ] } },
{ "type": "Feature", "properties": { "Plot": "OL4", "Column": null, "Line": null, "ID": 197 }, "geometry": { "type": "Point", "coordinates": [ -3.943938416492096, 39.031236826239542 ] } },
{ "type": "Feature", "properties": { "Plot": "OL4", "Column": null, "Line": null, "ID": 198 }, "geometry": { "type": "Point", "coordinates": [ -3.943889926088448, 39.031269112719777 ] } },
{ "type": "Feature", "properties": { "Plot": "OL4", "Column": null, "Line": null, "ID": 199 }, "geometry": { "type": "Point", "coordinates": [ -3.943843167484929, 39.031298708647029 ] } },
{ "type": "Feature", "properties": { "Plot": "OL4", "Column": null, "Line": null, "ID": 200 }, "geometry": { "type": "Point", "coordinates": [ -3.943806873029021, 39.031330468070266 ] } },
{ "type": "Feature", "properties": { "Plot": "OL4", "Column": null, "Line": null, "ID": 201 }, "geometry": { "type": "Point", "coordinates": [ -3.943770647845118, 39.031358607917063 ] } },
{ "type": "Feature", "properties": { "Plot": "OL4", "Column": null, "Line": null, "ID": 202 }, "geometry": { "type": "Point", "coordinates": [ -3.945336472250942, 39.030221893098322 ] } },
{ "type": "Feature", "properties": { "Plot": "OL4", "Column": null, "Line": null, "ID": 203 }, "geometry": { "type": "Point", "coordinates": [ -3.945294909047814, 39.030251489484129 ] } },
{ "type": "Feature", "properties": { "Plot": "OL4", "Column": null, "Line": null, "ID": 204 }, "geometry": { "type": "Point", "coordinates": [ -3.945251614044556, 39.030282431146958 ] } },
{ "type": "Feature", "properties": { "Plot": "OL4", "Column": null, "Line": null, "ID": 205 }, "geometry": { "type": "Point", "coordinates": [ -3.94521697804195, 39.030317408662533 ] } },
{ "type": "Feature", "properties": { "Plot": "OL4", "Column": null, "Line": null, "ID": 206 }, "geometry": { "type": "Point", "coordinates": [ -3.945182342039343, 39.030341623855477 ] } },
{ "type": "Feature", "properties": { "Plot": "OL4", "Column": null, "Line": null, "ID": 207 }, "geometry": { "type": "Point", "coordinates": [ -3.945147706036738, 39.030372565478849 ] } },
{ "type": "Feature", "properties": { "Plot": "OL4", "Column": null, "Line": null, "ID": 208 }, "geometry": { "type": "Point", "coordinates": [ -3.94510614283361, 39.030403507088657 ] } },
{ "type": "Feature", "properties": { "Plot": "OL4", "Column": null, "Line": null, "ID": 209 }, "geometry": { "type": "Point", "coordinates": [ -3.945066311430613, 39.030433103398423 ] } },
{ "type": "Feature", "properties": { "Plot": "OL4", "Column": null, "Line": null, "ID": 210 }, "geometry": { "type": "Point", "coordinates": [ -3.945019552827095, 39.03045731855174 ] } },
{ "type": "Feature", "properties": { "Plot": "OL4", "Column": null, "Line": null, "ID": 211 }, "geometry": { "type": "Point", "coordinates": [ -3.944972794223577, 39.030489605409905 ] } },
{ "type": "Feature", "properties": { "Plot": "OL4", "Column": null, "Line": null, "ID": 212 }, "geometry": { "type": "Point", "coordinates": [ -3.944950280821883, 39.030529963961889 ] } },
{ "type": "Feature", "properties": { "Plot": "OL4", "Column": null, "Line": null, "ID": 213 }, "geometry": { "type": "Point", "coordinates": [ -3.944905254018494, 39.030555524366235 ] } },
{ "type": "Feature", "properties": { "Plot": "OL4", "Column": null, "Line": null, "ID": 214 }, "geometry": { "type": "Point", "coordinates": [ -3.944860227215106, 39.030586465895951 ] } },
{ "type": "Feature", "properties": { "Plot": "OL4", "Column": null, "Line": null, "ID": 215 }, "geometry": { "type": "Point", "coordinates": [ -3.94482732301263, 39.030616062129099 ] } },
{ "type": "Feature", "properties": { "Plot": "OL4", "Column": null, "Line": null, "ID": 216 }, "geometry": { "type": "Point", "coordinates": [ -3.944794418810154, 39.030645658349854 ] } },
{ "type": "Feature", "properties": { "Plot": "OL4", "Column": null, "Line": null, "ID": 217 }, "geometry": { "type": "Point", "coordinates": [ -3.944745928406506, 39.030675254558211 ] } },
{ "type": "Feature", "properties": { "Plot": "OL4", "Column": null, "Line": null, "ID": 218 }, "geometry": { "type": "Point", "coordinates": [ -3.944707828803639, 39.030710231879382 ] } },
{ "type": "Feature", "properties": { "Plot": "OL4", "Column": null, "Line": null, "ID": 219 }, "geometry": { "type": "Point", "coordinates": [ -3.944673192801032, 39.030735792218529 ] } },
{ "type": "Feature", "properties": { "Plot": "OL4", "Column": null, "Line": null, "ID": 220 }, "geometry": { "type": "Point", "coordinates": [ -3.944633361398035, 39.030772114789826 ] } },
{ "type": "Feature", "properties": { "Plot": "OL4", "Column": null, "Line": null, "ID": 221 }, "geometry": { "type": "Point", "coordinates": [ -3.944593529995038, 39.030796329826991 ] } },
{ "type": "Feature", "properties": { "Plot": "OL4", "Column": null, "Line": null, "ID": 222 }, "geometry": { "type": "Point", "coordinates": [ -3.944558893992432, 39.030833997646084 ] } },
{ "type": "Feature", "properties": { "Plot": "OL4", "Column": null, "Line": null, "ID": 223 }, "geometry": { "type": "Point", "coordinates": [ -3.944513867189043, 39.030856867383605 ] } },
{ "type": "Feature", "properties": { "Plot": "OL4", "Column": null, "Line": null, "ID": 224 }, "geometry": { "type": "Point", "coordinates": [ -3.944470572185786, 39.030889154059253 ] } },
{ "type": "Feature", "properties": { "Plot": "OL4", "Column": null, "Line": null, "ID": 225 }, "geometry": { "type": "Point", "coordinates": [ -3.944439399783441, 39.030921440720171 ] } },
{ "type": "Feature", "properties": { "Plot": "OL4", "Column": null, "Line": null, "ID": 226 }, "geometry": { "type": "Point", "coordinates": [ -3.944396104780182, 39.030949691536357 ] } },
{ "type": "Feature", "properties": { "Plot": "OL4", "Column": null, "Line": null, "ID": 227 }, "geometry": { "type": "Point", "coordinates": [ -3.944359736977446, 39.030980632893524 ] } },
{ "type": "Feature", "properties": { "Plot": "OL4", "Column": null, "Line": null, "ID": 228 }, "geometry": { "type": "Point", "coordinates": [ -3.944319905574449, 39.031000812032204 ] } },
{ "type": "Feature", "properties": { "Plot": "OL4", "Column": null, "Line": null, "ID": 229 }, "geometry": { "type": "Point", "coordinates": [ -3.944287001371973, 39.031039825017302 ] } },
{ "type": "Feature", "properties": { "Plot": "OL4", "Column": null, "Line": null, "ID": 230 }, "geometry": { "type": "Point", "coordinates": [ -3.944254097169497, 39.031073456883739 ] } },
{ "type": "Feature", "properties": { "Plot": "OL4", "Column": null, "Line": null, "ID": 231 }, "geometry": { "type": "Point", "coordinates": [ -3.944209070366109, 39.031103052912968 ] } },
{ "type": "Feature", "properties": { "Plot": "OL4", "Column": null, "Line": null, "ID": 232 }, "geometry": { "type": "Point", "coordinates": [ -3.944170970763242, 39.031131303656558 ] } },
{ "type": "Feature", "properties": { "Plot": "OL4", "Column": null, "Line": null, "ID": 233 }, "geometry": { "type": "Point", "coordinates": [ -3.944131139360245, 39.031162244934215 ] } },
{ "type": "Feature", "properties": { "Plot": "OL4", "Column": null, "Line": null, "ID": 234 }, "geometry": { "type": "Point", "coordinates": [ -3.944089576157118, 39.031194531470362 ] } },
{ "type": "Feature", "properties": { "Plot": "OL4", "Column": null, "Line": null, "ID": 235 }, "geometry": { "type": "Point", "coordinates": [ -3.944053208354381, 39.031225472720344 ] } },
{ "type": "Feature", "properties": { "Plot": "OL4", "Column": null, "Line": null, "ID": 236 }, "geometry": { "type": "Point", "coordinates": [ -3.944020304151905, 39.031245651789114 ] } },
{ "type": "Feature", "properties": { "Plot": "OL4", "Column": null, "Line": null, "ID": 237 }, "geometry": { "type": "Point", "coordinates": [ -3.943989131749559, 39.031284664639067 ] } },
{ "type": "Feature", "properties": { "Plot": "OL4", "Column": null, "Line": null, "ID": 238 }, "geometry": { "type": "Point", "coordinates": [ -3.943940641345911, 39.031316951119301 ] } },
{ "type": "Feature", "properties": { "Plot": "OL4", "Column": null, "Line": null, "ID": 239 }, "geometry": { "type": "Point", "coordinates": [ -3.943893882742393, 39.031346547046553 ] } },
{ "type": "Feature", "properties": { "Plot": "OL4", "Column": null, "Line": null, "ID": 240 }, "geometry": { "type": "Point", "coordinates": [ -3.943857588286484, 39.03137830646979 ] } },
{ "type": "Feature", "properties": { "Plot": "OL4", "Column": null, "Line": null, "ID": 241 }, "geometry": { "type": "Point", "coordinates": [ -3.943821363102582, 39.031406446316588 ] } },
{ "type": "Feature", "properties": { "Plot": "OL4", "Column": null, "Line": null, "ID": 242 }, "geometry": { "type": "Point", "coordinates": [ -3.945401677581966, 39.03026410342396 ] } },
{ "type": "Feature", "properties": { "Plot": "OL4", "Column": null, "Line": null, "ID": 243 }, "geometry": { "type": "Point", "coordinates": [ -3.945360114378838, 39.030293699809768 ] } },
{ "type": "Feature", "properties": { "Plot": "OL4", "Column": null, "Line": null, "ID": 244 }, "geometry": { "type": "Point", "coordinates": [ -3.945316819375579, 39.030324641472596 ] } },
{ "type": "Feature", "properties": { "Plot": "OL4", "Column": null, "Line": null, "ID": 245 }, "geometry": { "type": "Point", "coordinates": [ -3.945282183372974, 39.030359618988172 ] } },
{ "type": "Feature", "properties": { "Plot": "OL4", "Column": null, "Line": null, "ID": 246 }, "geometry": { "type": "Point", "coordinates": [ -3.945247547370367, 39.030383834181116 ] } },
{ "type": "Feature", "properties": { "Plot": "OL4", "Column": null, "Line": null, "ID": 247 }, "geometry": { "type": "Point", "coordinates": [ -3.945212911367761, 39.030414775804488 ] } },
{ "type": "Feature", "properties": { "Plot": "OL4", "Column": null, "Line": null, "ID": 248 }, "geometry": { "type": "Point", "coordinates": [ -3.945171348164634, 39.030445717414295 ] } },
{ "type": "Feature", "properties": { "Plot": "OL4", "Column": null, "Line": null, "ID": 249 }, "geometry": { "type": "Point", "coordinates": [ -3.945131516761637, 39.030475313724061 ] } },
{ "type": "Feature", "properties": { "Plot": "OL4", "Column": null, "Line": null, "ID": 250 }, "geometry": { "type": "Point", "coordinates": [ -3.945084758158119, 39.030499528877378 ] } },
{ "type": "Feature", "properties": { "Plot": "OL4", "Column": null, "Line": null, "ID": 251 }, "geometry": { "type": "Point", "coordinates": [ -3.9450379995546, 39.030531815735543 ] } },
{ "type": "Feature", "properties": { "Plot": "OL4", "Column": null, "Line": null, "ID": 252 }, "geometry": { "type": "Point", "coordinates": [ -3.945015486152906, 39.030572174287528 ] } },
{ "type": "Feature", "properties": { "Plot": "OL4", "Column": null, "Line": null, "ID": 253 }, "geometry": { "type": "Point", "coordinates": [ -3.944970459349518, 39.030597734691874 ] } },
{ "type": "Feature", "properties": { "Plot": "OL4", "Column": null, "Line": null, "ID": 254 }, "geometry": { "type": "Point", "coordinates": [ -3.94492543254613, 39.030628676221589 ] } },
{ "type": "Feature", "properties": { "Plot": "OL4", "Column": null, "Line": null, "ID": 255 }, "geometry": { "type": "Point", "coordinates": [ -3.944892528343654, 39.030658272454737 ] } },
{ "type": "Feature", "properties": { "Plot": "OL4", "Column": null, "Line": null, "ID": 256 }, "geometry": { "type": "Point", "coordinates": [ -3.944859624141178, 39.030687868675493 ] } },
{ "type": "Feature", "properties": { "Plot": "OL4", "Column": null, "Line": null, "ID": 257 }, "geometry": { "type": "Point", "coordinates": [ -3.944811133737529, 39.03071746488385 ] } },
{ "type": "Feature", "properties": { "Plot": "OL4", "Column": null, "Line": null, "ID": 258 }, "geometry": { "type": "Point", "coordinates": [ -3.944773034134662, 39.030752442205021 ] } },
{ "type": "Feature", "properties": { "Plot": "OL4", "Column": null, "Line": null, "ID": 259 }, "geometry": { "type": "Point", "coordinates": [ -3.944738398132056, 39.030778002544167 ] } },
{ "type": "Feature", "properties": { "Plot": "OL4", "Column": null, "Line": null, "ID": 260 }, "geometry": { "type": "Point", "coordinates": [ -3.944698566729059, 39.030814325115465 ] } },
{ "type": "Feature", "properties": { "Plot": "OL4", "Column": null, "Line": null, "ID": 261 }, "geometry": { "type": "Point", "coordinates": [ -3.944658735326062, 39.030838540152629 ] } },
{ "type": "Feature", "properties": { "Plot": "OL4", "Column": null, "Line": null, "ID": 262 }, "geometry": { "type": "Point", "coordinates": [ -3.944624099323455, 39.030876207971723 ] } },
{ "type": "Feature", "properties": { "Plot": "OL4", "Column": null, "Line": null, "ID": 263 }, "geometry": { "type": "Point", "coordinates": [ -3.944579072520067, 39.030899077709243 ] } },
{ "type": "Feature", "properties": { "Plot": "OL4", "Column": null, "Line": null, "ID": 264 }, "geometry": { "type": "Point", "coordinates": [ -3.944535777516809, 39.030931364384891 ] } },
{ "type": "Feature", "properties": { "Plot": "OL4", "Column": null, "Line": null, "ID": 265 }, "geometry": { "type": "Point", "coordinates": [ -3.944504605114464, 39.030963651045809 ] } },
{ "type": "Feature", "properties": { "Plot": "OL4", "Column": null, "Line": null, "ID": 266 }, "geometry": { "type": "Point", "coordinates": [ -3.944461310111206, 39.030991901861995 ] } },
{ "type": "Feature", "properties": { "Plot": "OL4", "Column": null, "Line": null, "ID": 267 }, "geometry": { "type": "Point", "coordinates": [ -3.94442494230847, 39.031022843219162 ] } },
{ "type": "Feature", "properties": { "Plot": "OL4", "Column": null, "Line": null, "ID": 268 }, "geometry": { "type": "Point", "coordinates": [ -3.944385110905472, 39.031043022357842 ] } },
{ "type": "Feature", "properties": { "Plot": "OL4", "Column": null, "Line": null, "ID": 269 }, "geometry": { "type": "Point", "coordinates": [ -3.944352206702996, 39.031082035342941 ] } },
{ "type": "Feature", "properties": { "Plot": "OL4", "Column": null, "Line": null, "ID": 270 }, "geometry": { "type": "Point", "coordinates": [ -3.944319302500521, 39.031115667209377 ] } },
{ "type": "Feature", "properties": { "Plot": "OL4", "Column": null, "Line": null, "ID": 271 }, "geometry": { "type": "Point", "coordinates": [ -3.944274275697133, 39.031145263238606 ] } },
{ "type": "Feature", "properties": { "Plot": "OL4", "Column": null, "Line": null, "ID": 272 }, "geometry": { "type": "Point", "coordinates": [ -3.944236176094265, 39.031173513982196 ] } },
{ "type": "Feature", "properties": { "Plot": "OL4", "Column": null, "Line": null, "ID": 273 }, "geometry": { "type": "Point", "coordinates": [ -3.944196344691268, 39.031204455259854 ] } },
{ "type": "Feature", "properties": { "Plot": "OL4", "Column": null, "Line": null, "ID": 274 }, "geometry": { "type": "Point", "coordinates": [ -3.944154781488141, 39.031236741796 ] } },
{ "type": "Feature", "properties": { "Plot": "OL4", "Column": null, "Line": null, "ID": 275 }, "geometry": { "type": "Point", "coordinates": [ -3.944118413685405, 39.031267683045982 ] } },
{ "type": "Feature", "properties": { "Plot": "OL4", "Column": null, "Line": null, "ID": 276 }, "geometry": { "type": "Point", "coordinates": [ -3.944085509482929, 39.031287862114752 ] } },
{ "type": "Feature", "properties": { "Plot": "OL4", "Column": null, "Line": null, "ID": 277 }, "geometry": { "type": "Point", "coordinates": [ -3.944054337080583, 39.031326874964705 ] } },
{ "type": "Feature", "properties": { "Plot": "OL4", "Column": null, "Line": null, "ID": 278 }, "geometry": { "type": "Point", "coordinates": [ -3.944005846676935, 39.031359161444939 ] } },
{ "type": "Feature", "properties": { "Plot": "OL4", "Column": null, "Line": null, "ID": 279 }, "geometry": { "type": "Point", "coordinates": [ -3.943959088073416, 39.031388757372191 ] } },
{ "type": "Feature", "properties": { "Plot": "OL4", "Column": null, "Line": null, "ID": 280 }, "geometry": { "type": "Point", "coordinates": [ -3.943922793617508, 39.031420516795428 ] } },
{ "type": "Feature", "properties": { "Plot": "OL4", "Column": null, "Line": null, "ID": 281 }, "geometry": { "type": "Point", "coordinates": [ -3.943886568433605, 39.031448656642226 ] } },
{ "type": "Feature", "properties": { "Plot": "OL4", "Column": null, "Line": null, "ID": 282 }, "geometry": { "type": "Point", "coordinates": [ -3.945459637876209, 39.030306313724388 ] } },
{ "type": "Feature", "properties": { "Plot": "OL4", "Column": null, "Line": null, "ID": 283 }, "geometry": { "type": "Point", "coordinates": [ -3.945418074673082, 39.030335910110196 ] } },
{ "type": "Feature", "properties": { "Plot": "OL4", "Column": null, "Line": null, "ID": 284 }, "geometry": { "type": "Point", "coordinates": [ -3.945374779669823, 39.030366851773024 ] } },
{ "type": "Feature", "properties": { "Plot": "OL4", "Column": null, "Line": null, "ID": 285 }, "geometry": { "type": "Point", "coordinates": [ -3.945340143667218, 39.0304018292886 ] } },
{ "type": "Feature", "properties": { "Plot": "OL4", "Column": null, "Line": null, "ID": 286 }, "geometry": { "type": "Point", "coordinates": [ -3.945305507664611, 39.030426044481544 ] } },
{ "type": "Feature", "properties": { "Plot": "OL4", "Column": null, "Line": null, "ID": 287 }, "geometry": { "type": "Point", "coordinates": [ -3.945270871662005, 39.030456986104916 ] } },
{ "type": "Feature", "properties": { "Plot": "OL4", "Column": null, "Line": null, "ID": 288 }, "geometry": { "type": "Point", "coordinates": [ -3.945229308458877, 39.030487927714724 ] } },
{ "type": "Feature", "properties": { "Plot": "OL4", "Column": null, "Line": null, "ID": 289 }, "geometry": { "type": "Point", "coordinates": [ -3.945189477055881, 39.030517524024489 ] } },
{ "type": "Feature", "properties": { "Plot": "OL4", "Column": null, "Line": null, "ID": 290 }, "geometry": { "type": "Point", "coordinates": [ -3.945142718452362, 39.030541739177806 ] } },
{ "type": "Feature", "properties": { "Plot": "OL4", "Column": null, "Line": null, "ID": 291 }, "geometry": { "type": "Point", "coordinates": [ -3.945095959848844, 39.030574026035971 ] } },
{ "type": "Feature", "properties": { "Plot": "OL4", "Column": null, "Line": null, "ID": 292 }, "geometry": { "type": "Point", "coordinates": [ -3.94507344644715, 39.030614384587956 ] } },
{ "type": "Feature", "properties": { "Plot": "OL4", "Column": null, "Line": null, "ID": 293 }, "geometry": { "type": "Point", "coordinates": [ -3.945028419643761, 39.030639944992302 ] } },
{ "type": "Feature", "properties": { "Plot": "OL4", "Column": null, "Line": null, "ID": 294 }, "geometry": { "type": "Point", "coordinates": [ -3.944983392840373, 39.030670886522017 ] } },
{ "type": "Feature", "properties": { "Plot": "OL4", "Column": null, "Line": null, "ID": 295 }, "geometry": { "type": "Point", "coordinates": [ -3.944950488637897, 39.030700482755165 ] } },
{ "type": "Feature", "properties": { "Plot": "OL4", "Column": null, "Line": null, "ID": 296 }, "geometry": { "type": "Point", "coordinates": [ -3.944917584435422, 39.030730078975921 ] } },
{ "type": "Feature", "properties": { "Plot": "OL4", "Column": null, "Line": null, "ID": 297 }, "geometry": { "type": "Point", "coordinates": [ -3.944869094031773, 39.030759675184278 ] } },
{ "type": "Feature", "properties": { "Plot": "OL4", "Column": null, "Line": null, "ID": 298 }, "geometry": { "type": "Point", "coordinates": [ -3.944830994428906, 39.030794652505449 ] } },
{ "type": "Feature", "properties": { "Plot": "OL4", "Column": null, "Line": null, "ID": 299 }, "geometry": { "type": "Point", "coordinates": [ -3.944796358426299, 39.030820212844596 ] } },
{ "type": "Feature", "properties": { "Plot": "OL4", "Column": null, "Line": null, "ID": 300 }, "geometry": { "type": "Point", "coordinates": [ -3.944756527023302, 39.030856535415893 ] } },
{ "type": "Feature", "properties": { "Plot": "OL4", "Column": null, "Line": null, "ID": 301 }, "geometry": { "type": "Point", "coordinates": [ -3.944716695620305, 39.030880750453058 ] } },
{ "type": "Feature", "properties": { "Plot": "OL4", "Column": null, "Line": null, "ID": 302 }, "geometry": { "type": "Point", "coordinates": [ -3.944682059617699, 39.030918418272151 ] } },
{ "type": "Feature", "properties": { "Plot": "OL4", "Column": null, "Line": null, "ID": 303 }, "geometry": { "type": "Point", "coordinates": [ -3.944637032814311, 39.030941288009672 ] } },
{ "type": "Feature", "properties": { "Plot": "OL4", "Column": null, "Line": null, "ID": 304 }, "geometry": { "type": "Point", "coordinates": [ -3.944593737811053, 39.030973574685319 ] } },
{ "type": "Feature", "properties": { "Plot": "OL4", "Column": null, "Line": null, "ID": 305 }, "geometry": { "type": "Point", "coordinates": [ -3.944562565408708, 39.031005861346237 ] } },
{ "type": "Feature", "properties": { "Plot": "OL4", "Column": null, "Line": null, "ID": 306 }, "geometry": { "type": "Point", "coordinates": [ -3.944519270405449, 39.031034112162423 ] } },
{ "type": "Feature", "properties": { "Plot": "OL4", "Column": null, "Line": null, "ID": 307 }, "geometry": { "type": "Point", "coordinates": [ -3.944482902602713, 39.03106505351959 ] } },
{ "type": "Feature", "properties": { "Plot": "OL4", "Column": null, "Line": null, "ID": 308 }, "geometry": { "type": "Point", "coordinates": [ -3.944443071199716, 39.03108523265827 ] } },
{ "type": "Feature", "properties": { "Plot": "OL4", "Column": null, "Line": null, "ID": 309 }, "geometry": { "type": "Point", "coordinates": [ -3.94441016699724, 39.031124245643369 ] } },
{ "type": "Feature", "properties": { "Plot": "OL4", "Column": null, "Line": null, "ID": 310 }, "geometry": { "type": "Point", "coordinates": [ -3.944377262794764, 39.031157877509806 ] } },
{ "type": "Feature", "properties": { "Plot": "OL4", "Column": null, "Line": null, "ID": 311 }, "geometry": { "type": "Point", "coordinates": [ -3.944332235991376, 39.031187473539035 ] } },
{ "type": "Feature", "properties": { "Plot": "OL4", "Column": null, "Line": null, "ID": 312 }, "geometry": { "type": "Point", "coordinates": [ -3.944294136388509, 39.031215724282625 ] } },
{ "type": "Feature", "properties": { "Plot": "OL4", "Column": null, "Line": null, "ID": 313 }, "geometry": { "type": "Point", "coordinates": [ -3.944254304985512, 39.031246665560282 ] } },
{ "type": "Feature", "properties": { "Plot": "OL4", "Column": null, "Line": null, "ID": 314 }, "geometry": { "type": "Point", "coordinates": [ -3.944212741782385, 39.031278952096429 ] } },
{ "type": "Feature", "properties": { "Plot": "OL4", "Column": null, "Line": null, "ID": 315 }, "geometry": { "type": "Point", "coordinates": [ -3.944176373979648, 39.03130989334641 ] } },
{ "type": "Feature", "properties": { "Plot": "OL4", "Column": null, "Line": null, "ID": 316 }, "geometry": { "type": "Point", "coordinates": [ -3.944143469777172, 39.03133007241518 ] } },
{ "type": "Feature", "properties": { "Plot": "OL4", "Column": null, "Line": null, "ID": 317 }, "geometry": { "type": "Point", "coordinates": [ -3.944112297374826, 39.031369085265133 ] } },
{ "type": "Feature", "properties": { "Plot": "OL4", "Column": null, "Line": null, "ID": 318 }, "geometry": { "type": "Point", "coordinates": [ -3.944063806971178, 39.031401371745368 ] } },
{ "type": "Feature", "properties": { "Plot": "OL4", "Column": null, "Line": null, "ID": 319 }, "geometry": { "type": "Point", "coordinates": [ -3.94401704836766, 39.03143096767262 ] } },
{ "type": "Feature", "properties": { "Plot": "OL4", "Column": null, "Line": null, "ID": 320 }, "geometry": { "type": "Point", "coordinates": [ -3.943980753911752, 39.031462727095857 ] } },
{ "type": "Feature", "properties": { "Plot": "OL4", "Column": null, "Line": null, "ID": 321 }, "geometry": { "type": "Point", "coordinates": [ -3.943944528727849, 39.031490866942654 ] } },
{ "type": "Feature", "properties": { "Plot": "OL4", "Column": null, "Line": null, "ID": 322 }, "geometry": { "type": "Point", "coordinates": [ -3.945517598170453, 39.030359780068736 ] } },
{ "type": "Feature", "properties": { "Plot": "OL4", "Column": null, "Line": null, "ID": 323 }, "geometry": { "type": "Point", "coordinates": [ -3.945476034967325, 39.030389376454544 ] } },
{ "type": "Feature", "properties": { "Plot": "OL4", "Column": null, "Line": null, "ID": 324 }, "geometry": { "type": "Point", "coordinates": [ -3.945432739964067, 39.030420318117372 ] } },
{ "type": "Feature", "properties": { "Plot": "OL4", "Column": null, "Line": null, "ID": 325 }, "geometry": { "type": "Point", "coordinates": [ -3.945398103961461, 39.030455295632947 ] } },
{ "type": "Feature", "properties": { "Plot": "OL4", "Column": null, "Line": null, "ID": 326 }, "geometry": { "type": "Point", "coordinates": [ -3.945363467958854, 39.030479510825892 ] } },
{ "type": "Feature", "properties": { "Plot": "OL4", "Column": null, "Line": null, "ID": 327 }, "geometry": { "type": "Point", "coordinates": [ -3.945328831956249, 39.030510452449263 ] } },
{ "type": "Feature", "properties": { "Plot": "OL4", "Column": null, "Line": null, "ID": 328 }, "geometry": { "type": "Point", "coordinates": [ -3.945287268753121, 39.030541394059071 ] } },
{ "type": "Feature", "properties": { "Plot": "OL4", "Column": null, "Line": null, "ID": 329 }, "geometry": { "type": "Point", "coordinates": [ -3.945247437350124, 39.030570990368837 ] } },
{ "type": "Feature", "properties": { "Plot": "OL4", "Column": null, "Line": null, "ID": 330 }, "geometry": { "type": "Point", "coordinates": [ -3.945200678746606, 39.030595205522154 ] } },
{ "type": "Feature", "properties": { "Plot": "OL4", "Column": null, "Line": null, "ID": 331 }, "geometry": { "type": "Point", "coordinates": [ -3.945153920143087, 39.030627492380319 ] } },
{ "type": "Feature", "properties": { "Plot": "OL4", "Column": null, "Line": null, "ID": 332 }, "geometry": { "type": "Point", "coordinates": [ -3.945131406741393, 39.030667850932304 ] } },
{ "type": "Feature", "properties": { "Plot": "OL4", "Column": null, "Line": null, "ID": 333 }, "geometry": { "type": "Point", "coordinates": [ -3.945086379938005, 39.030693411336649 ] } },
{ "type": "Feature", "properties": { "Plot": "OL4", "Column": null, "Line": null, "ID": 334 }, "geometry": { "type": "Point", "coordinates": [ -3.945041353134617, 39.030724352866365 ] } },
{ "type": "Feature", "properties": { "Plot": "OL4", "Column": null, "Line": null, "ID": 335 }, "geometry": { "type": "Point", "coordinates": [ -3.945008448932141, 39.030753949099513 ] } },
{ "type": "Feature", "properties": { "Plot": "OL4", "Column": null, "Line": null, "ID": 336 }, "geometry": { "type": "Point", "coordinates": [ -3.944975544729665, 39.030783545320269 ] } },
{ "type": "Feature", "properties": { "Plot": "OL4", "Column": null, "Line": null, "ID": 337 }, "geometry": { "type": "Point", "coordinates": [ -3.944927054326016, 39.030813141528625 ] } },
{ "type": "Feature", "properties": { "Plot": "OL4", "Column": null, "Line": null, "ID": 338 }, "geometry": { "type": "Point", "coordinates": [ -3.94488895472315, 39.030848118849796 ] } },
{ "type": "Feature", "properties": { "Plot": "OL4", "Column": null, "Line": null, "ID": 339 }, "geometry": { "type": "Point", "coordinates": [ -3.944854318720543, 39.030873679188943 ] } },
{ "type": "Feature", "properties": { "Plot": "OL4", "Column": null, "Line": null, "ID": 340 }, "geometry": { "type": "Point", "coordinates": [ -3.944814487317546, 39.03091000176024 ] } },
{ "type": "Feature", "properties": { "Plot": "OL4", "Column": null, "Line": null, "ID": 341 }, "geometry": { "type": "Point", "coordinates": [ -3.944774655914549, 39.030934216797405 ] } },
{ "type": "Feature", "properties": { "Plot": "OL4", "Column": null, "Line": null, "ID": 342 }, "geometry": { "type": "Point", "coordinates": [ -3.944740019911943, 39.030971884616498 ] } },
{ "type": "Feature", "properties": { "Plot": "OL4", "Column": null, "Line": null, "ID": 343 }, "geometry": { "type": "Point", "coordinates": [ -3.944694993108554, 39.030994754354019 ] } },
{ "type": "Feature", "properties": { "Plot": "OL4", "Column": null, "Line": null, "ID": 344 }, "geometry": { "type": "Point", "coordinates": [ -3.944651698105297, 39.031027041029667 ] } },
{ "type": "Feature", "properties": { "Plot": "OL4", "Column": null, "Line": null, "ID": 345 }, "geometry": { "type": "Point", "coordinates": [ -3.944620525702951, 39.031059327690585 ] } },
{ "type": "Feature", "properties": { "Plot": "OL4", "Column": null, "Line": null, "ID": 346 }, "geometry": { "type": "Point", "coordinates": [ -3.944577230699693, 39.031087578506771 ] } },
{ "type": "Feature", "properties": { "Plot": "OL4", "Column": null, "Line": null, "ID": 347 }, "geometry": { "type": "Point", "coordinates": [ -3.944540862896957, 39.031118519863938 ] } },
{ "type": "Feature", "properties": { "Plot": "OL4", "Column": null, "Line": null, "ID": 348 }, "geometry": { "type": "Point", "coordinates": [ -3.94450103149396, 39.031138699002618 ] } },
{ "type": "Feature", "properties": { "Plot": "OL4", "Column": null, "Line": null, "ID": 349 }, "geometry": { "type": "Point", "coordinates": [ -3.944468127291484, 39.031177711987716 ] } },
{ "type": "Feature", "properties": { "Plot": "OL4", "Column": null, "Line": null, "ID": 350 }, "geometry": { "type": "Point", "coordinates": [ -3.944435223089008, 39.031211343854153 ] } },
{ "type": "Feature", "properties": { "Plot": "OL4", "Column": null, "Line": null, "ID": 351 }, "geometry": { "type": "Point", "coordinates": [ -3.94439019628562, 39.031240939883382 ] } },
{ "type": "Feature", "properties": { "Plot": "OL4", "Column": null, "Line": null, "ID": 352 }, "geometry": { "type": "Point", "coordinates": [ -3.944352096682752, 39.031269190626972 ] } },
{ "type": "Feature", "properties": { "Plot": "OL4", "Column": null, "Line": null, "ID": 353 }, "geometry": { "type": "Point", "coordinates": [ -3.944312265279756, 39.031300131904629 ] } },
{ "type": "Feature", "properties": { "Plot": "OL4", "Column": null, "Line": null, "ID": 354 }, "geometry": { "type": "Point", "coordinates": [ -3.944270702076628, 39.031332418440776 ] } },
{ "type": "Feature", "properties": { "Plot": "OL4", "Column": null, "Line": null, "ID": 355 }, "geometry": { "type": "Point", "coordinates": [ -3.944234334273892, 39.031363359690758 ] } },
{ "type": "Feature", "properties": { "Plot": "OL4", "Column": null, "Line": null, "ID": 356 }, "geometry": { "type": "Point", "coordinates": [ -3.944201430071416, 39.031383538759528 ] } },
{ "type": "Feature", "properties": { "Plot": "OL4", "Column": null, "Line": null, "ID": 357 }, "geometry": { "type": "Point", "coordinates": [ -3.94417025766907, 39.031422551609481 ] } },
{ "type": "Feature", "properties": { "Plot": "OL4", "Column": null, "Line": null, "ID": 358 }, "geometry": { "type": "Point", "coordinates": [ -3.944121767265422, 39.031454838089715 ] } },
{ "type": "Feature", "properties": { "Plot": "OL4", "Column": null, "Line": null, "ID": 359 }, "geometry": { "type": "Point", "coordinates": [ -3.944075008661903, 39.031484434016967 ] } },
{ "type": "Feature", "properties": { "Plot": "OL4", "Column": null, "Line": null, "ID": 360 }, "geometry": { "type": "Point", "coordinates": [ -3.944038714205995, 39.031516193440204 ] } },
{ "type": "Feature", "properties": { "Plot": "OL4", "Column": null, "Line": null, "ID": 361 }, "geometry": { "type": "Point", "coordinates": [ -3.944002489022092, 39.031544333287002 ] } },
{ "type": "Feature", "properties": { "Plot": "OL4", "Column": null, "Line": null, "ID": 362 }, "geometry": { "type": "Point", "coordinates": [ -3.945575558464697, 39.030399176296598 ] } },
{ "type": "Feature", "properties": { "Plot": "OL4", "Column": null, "Line": null, "ID": 363 }, "geometry": { "type": "Point", "coordinates": [ -3.945533995261569, 39.030428772682406 ] } },
{ "type": "Feature", "properties": { "Plot": "OL4", "Column": null, "Line": null, "ID": 364 }, "geometry": { "type": "Point", "coordinates": [ -3.945490700258311, 39.030459714345234 ] } },
{ "type": "Feature", "properties": { "Plot": "OL4", "Column": null, "Line": null, "ID": 365 }, "geometry": { "type": "Point", "coordinates": [ -3.945456064255705, 39.03049469186081 ] } },
{ "type": "Feature", "properties": { "Plot": "OL4", "Column": null, "Line": null, "ID": 366 }, "geometry": { "type": "Point", "coordinates": [ -3.945421428253098, 39.030518907053754 ] } },
{ "type": "Feature", "properties": { "Plot": "OL4", "Column": null, "Line": null, "ID": 367 }, "geometry": { "type": "Point", "coordinates": [ -3.945386792250493, 39.030549848677126 ] } },
{ "type": "Feature", "properties": { "Plot": "OL4", "Column": null, "Line": null, "ID": 368 }, "geometry": { "type": "Point", "coordinates": [ -3.945345229047365, 39.030580790286933 ] } },
{ "type": "Feature", "properties": { "Plot": "OL4", "Column": null, "Line": null, "ID": 369 }, "geometry": { "type": "Point", "coordinates": [ -3.945305397644368, 39.030610386596699 ] } },
{ "type": "Feature", "properties": { "Plot": "OL4", "Column": null, "Line": null, "ID": 370 }, "geometry": { "type": "Point", "coordinates": [ -3.94525863904085, 39.030634601750016 ] } },
{ "type": "Feature", "properties": { "Plot": "OL4", "Column": null, "Line": null, "ID": 371 }, "geometry": { "type": "Point", "coordinates": [ -3.945211880437332, 39.030666888608181 ] } },
{ "type": "Feature", "properties": { "Plot": "OL4", "Column": null, "Line": null, "ID": 372 }, "geometry": { "type": "Point", "coordinates": [ -3.945189367035637, 39.030707247160166 ] } },
{ "type": "Feature", "properties": { "Plot": "OL4", "Column": null, "Line": null, "ID": 373 }, "geometry": { "type": "Point", "coordinates": [ -3.945144340232249, 39.030732807564512 ] } },
{ "type": "Feature", "properties": { "Plot": "OL4", "Column": null, "Line": null, "ID": 374 }, "geometry": { "type": "Point", "coordinates": [ -3.945099313428861, 39.030763749094227 ] } },
{ "type": "Feature", "properties": { "Plot": "OL4", "Column": null, "Line": null, "ID": 375 }, "geometry": { "type": "Point", "coordinates": [ -3.945066409226385, 39.030793345327375 ] } },
{ "type": "Feature", "properties": { "Plot": "OL4", "Column": null, "Line": null, "ID": 376 }, "geometry": { "type": "Point", "coordinates": [ -3.945033505023909, 39.030822941548131 ] } },
{ "type": "Feature", "properties": { "Plot": "OL4", "Column": null, "Line": null, "ID": 377 }, "geometry": { "type": "Point", "coordinates": [ -3.944985014620261, 39.030852537756488 ] } },
{ "type": "Feature", "properties": { "Plot": "OL4", "Column": null, "Line": null, "ID": 378 }, "geometry": { "type": "Point", "coordinates": [ -3.944946915017394, 39.030887515077659 ] } },
{ "type": "Feature", "properties": { "Plot": "OL4", "Column": null, "Line": null, "ID": 379 }, "geometry": { "type": "Point", "coordinates": [ -3.944912279014787, 39.030913075416805 ] } },
{ "type": "Feature", "properties": { "Plot": "OL4", "Column": null, "Line": null, "ID": 380 }, "geometry": { "type": "Point", "coordinates": [ -3.94487244761179, 39.030949397988103 ] } },
{ "type": "Feature", "properties": { "Plot": "OL4", "Column": null, "Line": null, "ID": 381 }, "geometry": { "type": "Point", "coordinates": [ -3.944832616208793, 39.030973613025267 ] } },
{ "type": "Feature", "properties": { "Plot": "OL4", "Column": null, "Line": null, "ID": 382 }, "geometry": { "type": "Point", "coordinates": [ -3.944797980206187, 39.031011280844361 ] } },
{ "type": "Feature", "properties": { "Plot": "OL4", "Column": null, "Line": null, "ID": 383 }, "geometry": { "type": "Point", "coordinates": [ -3.944752953402798, 39.031034150581881 ] } },
{ "type": "Feature", "properties": { "Plot": "OL4", "Column": null, "Line": null, "ID": 384 }, "geometry": { "type": "Point", "coordinates": [ -3.944709658399541, 39.031066437257529 ] } },
{ "type": "Feature", "properties": { "Plot": "OL4", "Column": null, "Line": null, "ID": 385 }, "geometry": { "type": "Point", "coordinates": [ -3.944678485997196, 39.031098723918447 ] } },
{ "type": "Feature", "properties": { "Plot": "OL4", "Column": null, "Line": null, "ID": 386 }, "geometry": { "type": "Point", "coordinates": [ -3.944635190993937, 39.031126974734633 ] } },
{ "type": "Feature", "properties": { "Plot": "OL4", "Column": null, "Line": null, "ID": 387 }, "geometry": { "type": "Point", "coordinates": [ -3.944598823191201, 39.0311579160918 ] } },
{ "type": "Feature", "properties": { "Plot": "OL4", "Column": null, "Line": null, "ID": 388 }, "geometry": { "type": "Point", "coordinates": [ -3.944558991788204, 39.03117809523048 ] } },
{ "type": "Feature", "properties": { "Plot": "OL4", "Column": null, "Line": null, "ID": 389 }, "geometry": { "type": "Point", "coordinates": [ -3.944526087585728, 39.031217108215579 ] } },
{ "type": "Feature", "properties": { "Plot": "OL4", "Column": null, "Line": null, "ID": 390 }, "geometry": { "type": "Point", "coordinates": [ -3.944493183383252, 39.031250740082015 ] } },
{ "type": "Feature", "properties": { "Plot": "OL4", "Column": null, "Line": null, "ID": 391 }, "geometry": { "type": "Point", "coordinates": [ -3.944448156579864, 39.031280336111244 ] } },
{ "type": "Feature", "properties": { "Plot": "OL4", "Column": null, "Line": null, "ID": 392 }, "geometry": { "type": "Point", "coordinates": [ -3.944410056976996, 39.031308586854834 ] } },
{ "type": "Feature", "properties": { "Plot": "OL4", "Column": null, "Line": null, "ID": 393 }, "geometry": { "type": "Point", "coordinates": [ -3.944370225574, 39.031339528132492 ] } },
{ "type": "Feature", "properties": { "Plot": "OL4", "Column": null, "Line": null, "ID": 394 }, "geometry": { "type": "Point", "coordinates": [ -3.944328662370872, 39.031371814668638 ] } },
{ "type": "Feature", "properties": { "Plot": "OL4", "Column": null, "Line": null, "ID": 395 }, "geometry": { "type": "Point", "coordinates": [ -3.944292294568136, 39.03140275591862 ] } },
{ "type": "Feature", "properties": { "Plot": "OL4", "Column": null, "Line": null, "ID": 396 }, "geometry": { "type": "Point", "coordinates": [ -3.94425939036566, 39.03142293498739 ] } },
{ "type": "Feature", "properties": { "Plot": "OL4", "Column": null, "Line": null, "ID": 397 }, "geometry": { "type": "Point", "coordinates": [ -3.944228217963314, 39.031461947837343 ] } },
{ "type": "Feature", "properties": { "Plot": "OL4", "Column": null, "Line": null, "ID": 398 }, "geometry": { "type": "Point", "coordinates": [ -3.944179727559666, 39.031494234317577 ] } },
{ "type": "Feature", "properties": { "Plot": "OL4", "Column": null, "Line": null, "ID": 399 }, "geometry": { "type": "Point", "coordinates": [ -3.944132968956148, 39.031523830244829 ] } },
{ "type": "Feature", "properties": { "Plot": "OL4", "Column": null, "Line": null, "ID": 400 }, "geometry": { "type": "Point", "coordinates": [ -3.944096674500239, 39.031555589668066 ] } },
{ "type": "Feature", "properties": { "Plot": "OL4", "Column": null, "Line": null, "ID": 401 }, "geometry": { "type": "Point", "coordinates": [ -3.944060449316336, 39.031583729514864 ] } },
{ "type": "Feature", "properties": { "Plot": "OL4", "Column": null, "Line": null, "ID": 402 }, "geometry": { "type": "Point", "coordinates": [ -3.94562265120377, 39.030447014543761 ] } },
{ "type": "Feature", "properties": { "Plot": "OL4", "Column": null, "Line": null, "ID": 403 }, "geometry": { "type": "Point", "coordinates": [ -3.945581088000642, 39.030476610929568 ] } },
{ "type": "Feature", "properties": { "Plot": "OL4", "Column": null, "Line": null, "ID": 404 }, "geometry": { "type": "Point", "coordinates": [ -3.945537792997384, 39.030507552592397 ] } },
{ "type": "Feature", "properties": { "Plot": "OL4", "Column": null, "Line": null, "ID": 405 }, "geometry": { "type": "Point", "coordinates": [ -3.945503156994778, 39.030542530107972 ] } },
{ "type": "Feature", "properties": { "Plot": "OL4", "Column": null, "Line": null, "ID": 406 }, "geometry": { "type": "Point", "coordinates": [ -3.945468520992171, 39.030566745300916 ] } },
{ "type": "Feature", "properties": { "Plot": "OL4", "Column": null, "Line": null, "ID": 407 }, "geometry": { "type": "Point", "coordinates": [ -3.945433884989566, 39.030597686924288 ] } },
{ "type": "Feature", "properties": { "Plot": "OL4", "Column": null, "Line": null, "ID": 408 }, "geometry": { "type": "Point", "coordinates": [ -3.945392321786438, 39.030628628534096 ] } },
{ "type": "Feature", "properties": { "Plot": "OL4", "Column": null, "Line": null, "ID": 409 }, "geometry": { "type": "Point", "coordinates": [ -3.945352490383441, 39.030658224843862 ] } },
{ "type": "Feature", "properties": { "Plot": "OL4", "Column": null, "Line": null, "ID": 410 }, "geometry": { "type": "Point", "coordinates": [ -3.945305731779923, 39.030682439997179 ] } },
{ "type": "Feature", "properties": { "Plot": "OL4", "Column": null, "Line": null, "ID": 411 }, "geometry": { "type": "Point", "coordinates": [ -3.945258973176404, 39.030714726855344 ] } },
{ "type": "Feature", "properties": { "Plot": "OL4", "Column": null, "Line": null, "ID": 412 }, "geometry": { "type": "Point", "coordinates": [ -3.94523645977471, 39.030755085407328 ] } },
{ "type": "Feature", "properties": { "Plot": "OL4", "Column": null, "Line": null, "ID": 413 }, "geometry": { "type": "Point", "coordinates": [ -3.945191432971322, 39.030780645811674 ] } },
{ "type": "Feature", "properties": { "Plot": "OL4", "Column": null, "Line": null, "ID": 414 }, "geometry": { "type": "Point", "coordinates": [ -3.945146406167934, 39.03081158734139 ] } },
{ "type": "Feature", "properties": { "Plot": "OL4", "Column": null, "Line": null, "ID": 415 }, "geometry": { "type": "Point", "coordinates": [ -3.945113501965458, 39.030841183574537 ] } },
{ "type": "Feature", "properties": { "Plot": "OL4", "Column": null, "Line": null, "ID": 416 }, "geometry": { "type": "Point", "coordinates": [ -3.945080597762982, 39.030870779795293 ] } },
{ "type": "Feature", "properties": { "Plot": "OL4", "Column": null, "Line": null, "ID": 417 }, "geometry": { "type": "Point", "coordinates": [ -3.945032107359333, 39.03090037600365 ] } },
{ "type": "Feature", "properties": { "Plot": "OL4", "Column": null, "Line": null, "ID": 418 }, "geometry": { "type": "Point", "coordinates": [ -3.944994007756466, 39.030935353324821 ] } },
{ "type": "Feature", "properties": { "Plot": "OL4", "Column": null, "Line": null, "ID": 419 }, "geometry": { "type": "Point", "coordinates": [ -3.94495937175386, 39.030960913663968 ] } },
{ "type": "Feature", "properties": { "Plot": "OL4", "Column": null, "Line": null, "ID": 420 }, "geometry": { "type": "Point", "coordinates": [ -3.944919540350863, 39.030997236235265 ] } },
{ "type": "Feature", "properties": { "Plot": "OL4", "Column": null, "Line": null, "ID": 421 }, "geometry": { "type": "Point", "coordinates": [ -3.944879708947866, 39.03102145127243 ] } },
{ "type": "Feature", "properties": { "Plot": "OL4", "Column": null, "Line": null, "ID": 422 }, "geometry": { "type": "Point", "coordinates": [ -3.94484507294526, 39.031059119091523 ] } },
{ "type": "Feature", "properties": { "Plot": "OL4", "Column": null, "Line": null, "ID": 423 }, "geometry": { "type": "Point", "coordinates": [ -3.944800046141871, 39.031081988829044 ] } },
{ "type": "Feature", "properties": { "Plot": "OL4", "Column": null, "Line": null, "ID": 424 }, "geometry": { "type": "Point", "coordinates": [ -3.944756751138613, 39.031114275504692 ] } },
{ "type": "Feature", "properties": { "Plot": "OL4", "Column": null, "Line": null, "ID": 425 }, "geometry": { "type": "Point", "coordinates": [ -3.944725578736268, 39.03114656216561 ] } },
{ "type": "Feature", "properties": { "Plot": "OL4", "Column": null, "Line": null, "ID": 426 }, "geometry": { "type": "Point", "coordinates": [ -3.94468228373301, 39.031174812981796 ] } },
{ "type": "Feature", "properties": { "Plot": "OL4", "Column": null, "Line": null, "ID": 427 }, "geometry": { "type": "Point", "coordinates": [ -3.944645915930274, 39.031205754338963 ] } },
{ "type": "Feature", "properties": { "Plot": "OL4", "Column": null, "Line": null, "ID": 428 }, "geometry": { "type": "Point", "coordinates": [ -3.944606084527277, 39.031225933477643 ] } },
{ "type": "Feature", "properties": { "Plot": "OL4", "Column": null, "Line": null, "ID": 429 }, "geometry": { "type": "Point", "coordinates": [ -3.944573180324801, 39.031264946462741 ] } },
{ "type": "Feature", "properties": { "Plot": "OL4", "Column": null, "Line": null, "ID": 430 }, "geometry": { "type": "Point", "coordinates": [ -3.944540276122325, 39.031298578329178 ] } },
{ "type": "Feature", "properties": { "Plot": "OL4", "Column": null, "Line": null, "ID": 431 }, "geometry": { "type": "Point", "coordinates": [ -3.944495249318937, 39.031328174358407 ] } },
{ "type": "Feature", "properties": { "Plot": "OL4", "Column": null, "Line": null, "ID": 432 }, "geometry": { "type": "Point", "coordinates": [ -3.944457149716069, 39.031356425101997 ] } },
{ "type": "Feature", "properties": { "Plot": "OL4", "Column": null, "Line": null, "ID": 433 }, "geometry": { "type": "Point", "coordinates": [ -3.944417318313072, 39.031387366379654 ] } },
{ "type": "Feature", "properties": { "Plot": "OL4", "Column": null, "Line": null, "ID": 434 }, "geometry": { "type": "Point", "coordinates": [ -3.944375755109945, 39.031419652915801 ] } },
{ "type": "Feature", "properties": { "Plot": "OL4", "Column": null, "Line": null, "ID": 435 }, "geometry": { "type": "Point", "coordinates": [ -3.944339387307209, 39.031450594165783 ] } },
{ "type": "Feature", "properties": { "Plot": "OL4", "Column": null, "Line": null, "ID": 436 }, "geometry": { "type": "Point", "coordinates": [ -3.944306483104733, 39.031470773234552 ] } },
{ "type": "Feature", "properties": { "Plot": "OL4", "Column": null, "Line": null, "ID": 437 }, "geometry": { "type": "Point", "coordinates": [ -3.944275310702387, 39.031509786084506 ] } },
{ "type": "Feature", "properties": { "Plot": "OL4", "Column": null, "Line": null, "ID": 438 }, "geometry": { "type": "Point", "coordinates": [ -3.944226820298739, 39.03154207256474 ] } },
{ "type": "Feature", "properties": { "Plot": "OL4", "Column": null, "Line": null, "ID": 439 }, "geometry": { "type": "Point", "coordinates": [ -3.94418006169522, 39.031571668491992 ] } },
{ "type": "Feature", "properties": { "Plot": "OL4", "Column": null, "Line": null, "ID": 440 }, "geometry": { "type": "Point", "coordinates": [ -3.944143767239312, 39.031603427915229 ] } },
{ "type": "Feature", "properties": { "Plot": "OL4", "Column": null, "Line": null, "ID": 441 }, "geometry": { "type": "Point", "coordinates": [ -3.944107542055409, 39.031631567762027 ] } },
{ "type": "Feature", "properties": { "Plot": "OL4", "Column": null, "Line": null, "ID": 442 }, "geometry": { "type": "Point", "coordinates": [ -3.945684234016404, 39.030486410722979 ] } },
{ "type": "Feature", "properties": { "Plot": "OL4", "Column": null, "Line": null, "ID": 443 }, "geometry": { "type": "Point", "coordinates": [ -3.945642670813276, 39.030516007108787 ] } },
{ "type": "Feature", "properties": { "Plot": "OL4", "Column": null, "Line": null, "ID": 444 }, "geometry": { "type": "Point", "coordinates": [ -3.945599375810018, 39.030546948771615 ] } },
{ "type": "Feature", "properties": { "Plot": "OL4", "Column": null, "Line": null, "ID": 445 }, "geometry": { "type": "Point", "coordinates": [ -3.945564739807412, 39.030581926287191 ] } },
{ "type": "Feature", "properties": { "Plot": "OL4", "Column": null, "Line": null, "ID": 446 }, "geometry": { "type": "Point", "coordinates": [ -3.945530103804805, 39.030606141480135 ] } },
{ "type": "Feature", "properties": { "Plot": "OL4", "Column": null, "Line": null, "ID": 447 }, "geometry": { "type": "Point", "coordinates": [ -3.9454954678022, 39.030637083103507 ] } },
{ "type": "Feature", "properties": { "Plot": "OL4", "Column": null, "Line": null, "ID": 448 }, "geometry": { "type": "Point", "coordinates": [ -3.945453904599072, 39.030668024713314 ] } },
{ "type": "Feature", "properties": { "Plot": "OL4", "Column": null, "Line": null, "ID": 449 }, "geometry": { "type": "Point", "coordinates": [ -3.945414073196075, 39.03069762102308 ] } },
{ "type": "Feature", "properties": { "Plot": "OL4", "Column": null, "Line": null, "ID": 450 }, "geometry": { "type": "Point", "coordinates": [ -3.945367314592557, 39.030721836176397 ] } },
{ "type": "Feature", "properties": { "Plot": "OL4", "Column": null, "Line": null, "ID": 451 }, "geometry": { "type": "Point", "coordinates": [ -3.945320555989039, 39.030754123034562 ] } },
{ "type": "Feature", "properties": { "Plot": "OL4", "Column": null, "Line": null, "ID": 452 }, "geometry": { "type": "Point", "coordinates": [ -3.945298042587345, 39.030794481586547 ] } },
{ "type": "Feature", "properties": { "Plot": "OL4", "Column": null, "Line": null, "ID": 453 }, "geometry": { "type": "Point", "coordinates": [ -3.945253015783956, 39.030820041990893 ] } },
{ "type": "Feature", "properties": { "Plot": "OL4", "Column": null, "Line": null, "ID": 454 }, "geometry": { "type": "Point", "coordinates": [ -3.945207988980568, 39.030850983520608 ] } },
{ "type": "Feature", "properties": { "Plot": "OL4", "Column": null, "Line": null, "ID": 455 }, "geometry": { "type": "Point", "coordinates": [ -3.945175084778092, 39.030880579753756 ] } },
{ "type": "Feature", "properties": { "Plot": "OL4", "Column": null, "Line": null, "ID": 456 }, "geometry": { "type": "Point", "coordinates": [ -3.945142180575616, 39.030910175974512 ] } },
{ "type": "Feature", "properties": { "Plot": "OL4", "Column": null, "Line": null, "ID": 457 }, "geometry": { "type": "Point", "coordinates": [ -3.945093690171968, 39.030939772182869 ] } },
{ "type": "Feature", "properties": { "Plot": "OL4", "Column": null, "Line": null, "ID": 458 }, "geometry": { "type": "Point", "coordinates": [ -3.945055590569101, 39.03097474950404 ] } },
{ "type": "Feature", "properties": { "Plot": "OL4", "Column": null, "Line": null, "ID": 459 }, "geometry": { "type": "Point", "coordinates": [ -3.945020954566494, 39.031000309843186 ] } },
{ "type": "Feature", "properties": { "Plot": "OL4", "Column": null, "Line": null, "ID": 460 }, "geometry": { "type": "Point", "coordinates": [ -3.944981123163497, 39.031036632414484 ] } },
{ "type": "Feature", "properties": { "Plot": "OL4", "Column": null, "Line": null, "ID": 461 }, "geometry": { "type": "Point", "coordinates": [ -3.9449412917605, 39.031060847451648 ] } },
{ "type": "Feature", "properties": { "Plot": "OL4", "Column": null, "Line": null, "ID": 462 }, "geometry": { "type": "Point", "coordinates": [ -3.944906655757894, 39.031098515270742 ] } },
{ "type": "Feature", "properties": { "Plot": "OL4", "Column": null, "Line": null, "ID": 463 }, "geometry": { "type": "Point", "coordinates": [ -3.944861628954505, 39.031121385008262 ] } },
{ "type": "Feature", "properties": { "Plot": "OL4", "Column": null, "Line": null, "ID": 464 }, "geometry": { "type": "Point", "coordinates": [ -3.944818333951248, 39.03115367168391 ] } },
{ "type": "Feature", "properties": { "Plot": "OL4", "Column": null, "Line": null, "ID": 465 }, "geometry": { "type": "Point", "coordinates": [ -3.944787161548903, 39.031185958344828 ] } },
{ "type": "Feature", "properties": { "Plot": "OL4", "Column": null, "Line": null, "ID": 466 }, "geometry": { "type": "Point", "coordinates": [ -3.944743866545644, 39.031214209161014 ] } },
{ "type": "Feature", "properties": { "Plot": "OL4", "Column": null, "Line": null, "ID": 467 }, "geometry": { "type": "Point", "coordinates": [ -3.944707498742908, 39.031245150518181 ] } },
{ "type": "Feature", "properties": { "Plot": "OL4", "Column": null, "Line": null, "ID": 468 }, "geometry": { "type": "Point", "coordinates": [ -3.944667667339911, 39.031265329656861 ] } },
{ "type": "Feature", "properties": { "Plot": "OL4", "Column": null, "Line": null, "ID": 469 }, "geometry": { "type": "Point", "coordinates": [ -3.944634763137435, 39.03130434264196 ] } },
{ "type": "Feature", "properties": { "Plot": "OL4", "Column": null, "Line": null, "ID": 470 }, "geometry": { "type": "Point", "coordinates": [ -3.944601858934959, 39.031337974508396 ] } },
{ "type": "Feature", "properties": { "Plot": "OL4", "Column": null, "Line": null, "ID": 471 }, "geometry": { "type": "Point", "coordinates": [ -3.944556832131571, 39.031367570537626 ] } },
{ "type": "Feature", "properties": { "Plot": "OL4", "Column": null, "Line": null, "ID": 472 }, "geometry": { "type": "Point", "coordinates": [ -3.944518732528703, 39.031395821281215 ] } },
{ "type": "Feature", "properties": { "Plot": "OL4", "Column": null, "Line": null, "ID": 473 }, "geometry": { "type": "Point", "coordinates": [ -3.944478901125707, 39.031426762558873 ] } },
{ "type": "Feature", "properties": { "Plot": "OL4", "Column": null, "Line": null, "ID": 474 }, "geometry": { "type": "Point", "coordinates": [ -3.944437337922579, 39.03145904909502 ] } },
{ "type": "Feature", "properties": { "Plot": "OL4", "Column": null, "Line": null, "ID": 475 }, "geometry": { "type": "Point", "coordinates": [ -3.944400970119843, 39.031489990345001 ] } },
{ "type": "Feature", "properties": { "Plot": "OL4", "Column": null, "Line": null, "ID": 476 }, "geometry": { "type": "Point", "coordinates": [ -3.944368065917367, 39.031510169413771 ] } },
{ "type": "Feature", "properties": { "Plot": "OL4", "Column": null, "Line": null, "ID": 477 }, "geometry": { "type": "Point", "coordinates": [ -3.944336893515021, 39.031549182263724 ] } },
{ "type": "Feature", "properties": { "Plot": "OL4", "Column": null, "Line": null, "ID": 478 }, "geometry": { "type": "Point", "coordinates": [ -3.944288403111373, 39.031581468743958 ] } },
{ "type": "Feature", "properties": { "Plot": "OL4", "Column": null, "Line": null, "ID": 479 }, "geometry": { "type": "Point", "coordinates": [ -3.944241644507855, 39.03161106467121 ] } },
{ "type": "Feature", "properties": { "Plot": "OL4", "Column": null, "Line": null, "ID": 480 }, "geometry": { "type": "Point", "coordinates": [ -3.944205350051946, 39.031642824094448 ] } },
{ "type": "Feature", "properties": { "Plot": "OL4", "Column": null, "Line": null, "ID": 481 }, "geometry": { "type": "Point", "coordinates": [ -3.944169124868043, 39.031670963941245 ] } },
{ "type": "Feature", "properties": { "Plot": "OL4", "Column": null, "Line": null, "ID": 482 }, "geometry": { "type": "Point", "coordinates": [ -3.945745816829037, 39.030539876931094 ] } },
{ "type": "Feature", "properties": { "Plot": "OL4", "Column": null, "Line": null, "ID": 483 }, "geometry": { "type": "Point", "coordinates": [ -3.94570425362591, 39.030569473316902 ] } },
{ "type": "Feature", "properties": { "Plot": "OL4", "Column": null, "Line": null, "ID": 484 }, "geometry": { "type": "Point", "coordinates": [ -3.945660958622651, 39.03060041497973 ] } },
{ "type": "Feature", "properties": { "Plot": "OL4", "Column": null, "Line": null, "ID": 485 }, "geometry": { "type": "Point", "coordinates": [ -3.945626322620046, 39.030635392495306 ] } },
{ "type": "Feature", "properties": { "Plot": "OL4", "Column": null, "Line": null, "ID": 486 }, "geometry": { "type": "Point", "coordinates": [ -3.945591686617439, 39.03065960768825 ] } },
{ "type": "Feature", "properties": { "Plot": "OL4", "Column": null, "Line": null, "ID": 487 }, "geometry": { "type": "Point", "coordinates": [ -3.945557050614833, 39.030690549311622 ] } },
{ "type": "Feature", "properties": { "Plot": "OL4", "Column": null, "Line": null, "ID": 488 }, "geometry": { "type": "Point", "coordinates": [ -3.945515487411706, 39.03072149092143 ] } },
{ "type": "Feature", "properties": { "Plot": "OL4", "Column": null, "Line": null, "ID": 489 }, "geometry": { "type": "Point", "coordinates": [ -3.945475656008709, 39.030751087231195 ] } },
{ "type": "Feature", "properties": { "Plot": "OL4", "Column": null, "Line": null, "ID": 490 }, "geometry": { "type": "Point", "coordinates": [ -3.94542889740519, 39.030775302384512 ] } },
{ "type": "Feature", "properties": { "Plot": "OL4", "Column": null, "Line": null, "ID": 491 }, "geometry": { "type": "Point", "coordinates": [ -3.945382138801672, 39.030807589242677 ] } },
{ "type": "Feature", "properties": { "Plot": "OL4", "Column": null, "Line": null, "ID": 492 }, "geometry": { "type": "Point", "coordinates": [ -3.945359625399978, 39.030847947794662 ] } },
{ "type": "Feature", "properties": { "Plot": "OL4", "Column": null, "Line": null, "ID": 493 }, "geometry": { "type": "Point", "coordinates": [ -3.945314598596589, 39.030873508199008 ] } },
{ "type": "Feature", "properties": { "Plot": "OL4", "Column": null, "Line": null, "ID": 494 }, "geometry": { "type": "Point", "coordinates": [ -3.945269571793201, 39.030904449728723 ] } },
{ "type": "Feature", "properties": { "Plot": "OL4", "Column": null, "Line": null, "ID": 495 }, "geometry": { "type": "Point", "coordinates": [ -3.945236667590725, 39.030934045961871 ] } },
{ "type": "Feature", "properties": { "Plot": "OL4", "Column": null, "Line": null, "ID": 496 }, "geometry": { "type": "Point", "coordinates": [ -3.94520376338825, 39.030963642182627 ] } },
{ "type": "Feature", "properties": { "Plot": "OL4", "Column": null, "Line": null, "ID": 497 }, "geometry": { "type": "Point", "coordinates": [ -3.945155272984601, 39.030993238390984 ] } },
{ "type": "Feature", "properties": { "Plot": "OL4", "Column": null, "Line": null, "ID": 498 }, "geometry": { "type": "Point", "coordinates": [ -3.945117173381734, 39.031028215712155 ] } },
{ "type": "Feature", "properties": { "Plot": "OL4", "Column": null, "Line": null, "ID": 499 }, "geometry": { "type": "Point", "coordinates": [ -3.945082537379128, 39.031053776051301 ] } },
{ "type": "Feature", "properties": { "Plot": "OL4", "Column": null, "Line": null, "ID": 500 }, "geometry": { "type": "Point", "coordinates": [ -3.94504270597613, 39.031090098622599 ] } },
{ "type": "Feature", "properties": { "Plot": "OL4", "Column": null, "Line": null, "ID": 501 }, "geometry": { "type": "Point", "coordinates": [ -3.945002874573134, 39.031114313659764 ] } },
{ "type": "Feature", "properties": { "Plot": "OL4", "Column": null, "Line": null, "ID": 502 }, "geometry": { "type": "Point", "coordinates": [ -3.944968238570527, 39.031151981478857 ] } },
{ "type": "Feature", "properties": { "Plot": "OL4", "Column": null, "Line": null, "ID": 503 }, "geometry": { "type": "Point", "coordinates": [ -3.944923211767139, 39.031174851216377 ] } },
{ "type": "Feature", "properties": { "Plot": "OL4", "Column": null, "Line": null, "ID": 504 }, "geometry": { "type": "Point", "coordinates": [ -3.944879916763881, 39.031207137892025 ] } },
{ "type": "Feature", "properties": { "Plot": "OL4", "Column": null, "Line": null, "ID": 505 }, "geometry": { "type": "Point", "coordinates": [ -3.944848744361536, 39.031239424552943 ] } },
{ "type": "Feature", "properties": { "Plot": "OL4", "Column": null, "Line": null, "ID": 506 }, "geometry": { "type": "Point", "coordinates": [ -3.944805449358277, 39.031267675369129 ] } },
{ "type": "Feature", "properties": { "Plot": "OL4", "Column": null, "Line": null, "ID": 507 }, "geometry": { "type": "Point", "coordinates": [ -3.944769081555541, 39.031298616726296 ] } },
{ "type": "Feature", "properties": { "Plot": "OL4", "Column": null, "Line": null, "ID": 508 }, "geometry": { "type": "Point", "coordinates": [ -3.944729250152544, 39.031318795864976 ] } },
{ "type": "Feature", "properties": { "Plot": "OL4", "Column": null, "Line": null, "ID": 509 }, "geometry": { "type": "Point", "coordinates": [ -3.944696345950068, 39.031357808850075 ] } },
{ "type": "Feature", "properties": { "Plot": "OL4", "Column": null, "Line": null, "ID": 510 }, "geometry": { "type": "Point", "coordinates": [ -3.944663441747593, 39.031391440716511 ] } },
{ "type": "Feature", "properties": { "Plot": "OL4", "Column": null, "Line": null, "ID": 511 }, "geometry": { "type": "Point", "coordinates": [ -3.944618414944205, 39.031421036745741 ] } },
{ "type": "Feature", "properties": { "Plot": "OL4", "Column": null, "Line": null, "ID": 512 }, "geometry": { "type": "Point", "coordinates": [ -3.944580315341337, 39.03144928748933 ] } },
{ "type": "Feature", "properties": { "Plot": "OL4", "Column": null, "Line": null, "ID": 513 }, "geometry": { "type": "Point", "coordinates": [ -3.94454048393834, 39.031480228766988 ] } },
{ "type": "Feature", "properties": { "Plot": "OL4", "Column": null, "Line": null, "ID": 514 }, "geometry": { "type": "Point", "coordinates": [ -3.944498920735213, 39.031512515303135 ] } },
{ "type": "Feature", "properties": { "Plot": "OL4", "Column": null, "Line": null, "ID": 515 }, "geometry": { "type": "Point", "coordinates": [ -3.944462552932476, 39.031543456553116 ] } },
{ "type": "Feature", "properties": { "Plot": "OL4", "Column": null, "Line": null, "ID": 516 }, "geometry": { "type": "Point", "coordinates": [ -3.94442964873, 39.031563635621886 ] } },
{ "type": "Feature", "properties": { "Plot": "OL4", "Column": null, "Line": null, "ID": 517 }, "geometry": { "type": "Point", "coordinates": [ -3.944398476327654, 39.031602648471839 ] } },
{ "type": "Feature", "properties": { "Plot": "OL4", "Column": null, "Line": null, "ID": 518 }, "geometry": { "type": "Point", "coordinates": [ -3.944349985924006, 39.031634934952073 ] } },
{ "type": "Feature", "properties": { "Plot": "OL4", "Column": null, "Line": null, "ID": 519 }, "geometry": { "type": "Point", "coordinates": [ -3.944303227320488, 39.031664530879326 ] } },
{ "type": "Feature", "properties": { "Plot": "OL4", "Column": null, "Line": null, "ID": 520 }, "geometry": { "type": "Point", "coordinates": [ -3.94426693286458, 39.031696290302563 ] } },
{ "type": "Feature", "properties": { "Plot": "OL4", "Column": null, "Line": null, "ID": 521 }, "geometry": { "type": "Point", "coordinates": [ -3.944230707680677, 39.03172443014936 ] } },
{ "type": "Feature", "properties": { "Plot": "OL4", "Column": null, "Line": null, "ID": 522 }, "geometry": { "type": "Point", "coordinates": [ -3.945800154604891, 39.030584901074981 ] } },
{ "type": "Feature", "properties": { "Plot": "OL4", "Column": null, "Line": null, "ID": 523 }, "geometry": { "type": "Point", "coordinates": [ -3.945758591401763, 39.030614497460789 ] } },
{ "type": "Feature", "properties": { "Plot": "OL4", "Column": null, "Line": null, "ID": 524 }, "geometry": { "type": "Point", "coordinates": [ -3.945715296398505, 39.030645439123617 ] } },
{ "type": "Feature", "properties": { "Plot": "OL4", "Column": null, "Line": null, "ID": 525 }, "geometry": { "type": "Point", "coordinates": [ -3.945680660395899, 39.030680416639193 ] } },
{ "type": "Feature", "properties": { "Plot": "OL4", "Column": null, "Line": null, "ID": 526 }, "geometry": { "type": "Point", "coordinates": [ -3.945646024393292, 39.030704631832137 ] } },
{ "type": "Feature", "properties": { "Plot": "OL4", "Column": null, "Line": null, "ID": 527 }, "geometry": { "type": "Point", "coordinates": [ -3.945611388390687, 39.030735573455509 ] } },
{ "type": "Feature", "properties": { "Plot": "OL4", "Column": null, "Line": null, "ID": 528 }, "geometry": { "type": "Point", "coordinates": [ -3.945569825187559, 39.030766515065316 ] } },
{ "type": "Feature", "properties": { "Plot": "OL4", "Column": null, "Line": null, "ID": 529 }, "geometry": { "type": "Point", "coordinates": [ -3.945529993784562, 39.030796111375082 ] } },
{ "type": "Feature", "properties": { "Plot": "OL4", "Column": null, "Line": null, "ID": 530 }, "geometry": { "type": "Point", "coordinates": [ -3.945483235181044, 39.030820326528399 ] } },
{ "type": "Feature", "properties": { "Plot": "OL4", "Column": null, "Line": null, "ID": 531 }, "geometry": { "type": "Point", "coordinates": [ -3.945436476577525, 39.030852613386564 ] } },
{ "type": "Feature", "properties": { "Plot": "OL4", "Column": null, "Line": null, "ID": 532 }, "geometry": { "type": "Point", "coordinates": [ -3.945413963175831, 39.030892971938549 ] } },
{ "type": "Feature", "properties": { "Plot": "OL4", "Column": null, "Line": null, "ID": 533 }, "geometry": { "type": "Point", "coordinates": [ -3.945368936372443, 39.030918532342895 ] } },
{ "type": "Feature", "properties": { "Plot": "OL4", "Column": null, "Line": null, "ID": 534 }, "geometry": { "type": "Point", "coordinates": [ -3.945323909569055, 39.03094947387261 ] } },
{ "type": "Feature", "properties": { "Plot": "OL4", "Column": null, "Line": null, "ID": 535 }, "geometry": { "type": "Point", "coordinates": [ -3.945291005366579, 39.030979070105758 ] } },
{ "type": "Feature", "properties": { "Plot": "OL4", "Column": null, "Line": null, "ID": 536 }, "geometry": { "type": "Point", "coordinates": [ -3.945258101164103, 39.031008666326514 ] } },
{ "type": "Feature", "properties": { "Plot": "OL4", "Column": null, "Line": null, "ID": 537 }, "geometry": { "type": "Point", "coordinates": [ -3.945209610760454, 39.031038262534871 ] } },
{ "type": "Feature", "properties": { "Plot": "OL4", "Column": null, "Line": null, "ID": 538 }, "geometry": { "type": "Point", "coordinates": [ -3.945171511157588, 39.031073239856042 ] } },
{ "type": "Feature", "properties": { "Plot": "OL4", "Column": null, "Line": null, "ID": 539 }, "geometry": { "type": "Point", "coordinates": [ -3.945136875154981, 39.031098800195188 ] } },
{ "type": "Feature", "properties": { "Plot": "OL4", "Column": null, "Line": null, "ID": 540 }, "geometry": { "type": "Point", "coordinates": [ -3.945097043751984, 39.031135122766486 ] } },
{ "type": "Feature", "properties": { "Plot": "OL4", "Column": null, "Line": null, "ID": 541 }, "geometry": { "type": "Point", "coordinates": [ -3.945057212348987, 39.031159337803651 ] } },
{ "type": "Feature", "properties": { "Plot": "OL4", "Column": null, "Line": null, "ID": 542 }, "geometry": { "type": "Point", "coordinates": [ -3.945022576346381, 39.031197005622744 ] } },
{ "type": "Feature", "properties": { "Plot": "OL4", "Column": null, "Line": null, "ID": 543 }, "geometry": { "type": "Point", "coordinates": [ -3.944977549542992, 39.031219875360264 ] } },
{ "type": "Feature", "properties": { "Plot": "OL4", "Column": null, "Line": null, "ID": 544 }, "geometry": { "type": "Point", "coordinates": [ -3.944934254539735, 39.031252162035912 ] } },
{ "type": "Feature", "properties": { "Plot": "OL4", "Column": null, "Line": null, "ID": 545 }, "geometry": { "type": "Point", "coordinates": [ -3.944903082137389, 39.03128444869683 ] } },
{ "type": "Feature", "properties": { "Plot": "OL4", "Column": null, "Line": null, "ID": 546 }, "geometry": { "type": "Point", "coordinates": [ -3.944859787134131, 39.031312699513016 ] } },
{ "type": "Feature", "properties": { "Plot": "OL4", "Column": null, "Line": null, "ID": 547 }, "geometry": { "type": "Point", "coordinates": [ -3.944823419331395, 39.031343640870183 ] } },
{ "type": "Feature", "properties": { "Plot": "OL4", "Column": null, "Line": null, "ID": 548 }, "geometry": { "type": "Point", "coordinates": [ -3.944783587928398, 39.031363820008863 ] } },
{ "type": "Feature", "properties": { "Plot": "OL4", "Column": null, "Line": null, "ID": 549 }, "geometry": { "type": "Point", "coordinates": [ -3.944750683725922, 39.031402832993962 ] } },
{ "type": "Feature", "properties": { "Plot": "OL4", "Column": null, "Line": null, "ID": 550 }, "geometry": { "type": "Point", "coordinates": [ -3.944717779523446, 39.031436464860398 ] } },
{ "type": "Feature", "properties": { "Plot": "OL4", "Column": null, "Line": null, "ID": 551 }, "geometry": { "type": "Point", "coordinates": [ -3.944672752720058, 39.031466060889628 ] } },
{ "type": "Feature", "properties": { "Plot": "OL4", "Column": null, "Line": null, "ID": 552 }, "geometry": { "type": "Point", "coordinates": [ -3.94463465311719, 39.031494311633217 ] } },
{ "type": "Feature", "properties": { "Plot": "OL4", "Column": null, "Line": null, "ID": 553 }, "geometry": { "type": "Point", "coordinates": [ -3.944594821714194, 39.031525252910875 ] } },
{ "type": "Feature", "properties": { "Plot": "OL4", "Column": null, "Line": null, "ID": 554 }, "geometry": { "type": "Point", "coordinates": [ -3.944553258511066, 39.031557539447022 ] } },
{ "type": "Feature", "properties": { "Plot": "OL4", "Column": null, "Line": null, "ID": 555 }, "geometry": { "type": "Point", "coordinates": [ -3.94451689070833, 39.031588480697003 ] } },
{ "type": "Feature", "properties": { "Plot": "OL4", "Column": null, "Line": null, "ID": 556 }, "geometry": { "type": "Point", "coordinates": [ -3.944483986505854, 39.031608659765773 ] } },
{ "type": "Feature", "properties": { "Plot": "OL4", "Column": null, "Line": null, "ID": 557 }, "geometry": { "type": "Point", "coordinates": [ -3.944452814103508, 39.031647672615726 ] } },
{ "type": "Feature", "properties": { "Plot": "OL4", "Column": null, "Line": null, "ID": 558 }, "geometry": { "type": "Point", "coordinates": [ -3.94440432369986, 39.03167995909596 ] } },
{ "type": "Feature", "properties": { "Plot": "OL4", "Column": null, "Line": null, "ID": 559 }, "geometry": { "type": "Point", "coordinates": [ -3.944357565096341, 39.031709555023212 ] } },
{ "type": "Feature", "properties": { "Plot": "OL4", "Column": null, "Line": null, "ID": 560 }, "geometry": { "type": "Point", "coordinates": [ -3.944321270640433, 39.03174131444645 ] } },
{ "type": "Feature", "properties": { "Plot": "OL4", "Column": null, "Line": null, "ID": 561 }, "geometry": { "type": "Point", "coordinates": [ -3.94428504545653, 39.031769454293247 ] } },
{ "type": "Feature", "properties": { "Plot": "OL4", "Column": null, "Line": null, "ID": 562 }, "geometry": { "type": "Point", "coordinates": [ -3.945854492380744, 39.030632739196434 ] } },
{ "type": "Feature", "properties": { "Plot": "OL4", "Column": null, "Line": null, "ID": 563 }, "geometry": { "type": "Point", "coordinates": [ -3.945812929177616, 39.030662335582242 ] } },
{ "type": "Feature", "properties": { "Plot": "OL4", "Column": null, "Line": null, "ID": 564 }, "geometry": { "type": "Point", "coordinates": [ -3.945769634174358, 39.030693277245071 ] } },
{ "type": "Feature", "properties": { "Plot": "OL4", "Column": null, "Line": null, "ID": 565 }, "geometry": { "type": "Point", "coordinates": [ -3.945734998171752, 39.030728254760646 ] } },
{ "type": "Feature", "properties": { "Plot": "OL4", "Column": null, "Line": null, "ID": 566 }, "geometry": { "type": "Point", "coordinates": [ -3.945700362169145, 39.03075246995359 ] } },
{ "type": "Feature", "properties": { "Plot": "OL4", "Column": null, "Line": null, "ID": 567 }, "geometry": { "type": "Point", "coordinates": [ -3.94566572616654, 39.030783411576962 ] } },
{ "type": "Feature", "properties": { "Plot": "OL4", "Column": null, "Line": null, "ID": 568 }, "geometry": { "type": "Point", "coordinates": [ -3.945624162963412, 39.03081435318677 ] } },
{ "type": "Feature", "properties": { "Plot": "OL4", "Column": null, "Line": null, "ID": 569 }, "geometry": { "type": "Point", "coordinates": [ -3.945584331560415, 39.030843949496536 ] } },
{ "type": "Feature", "properties": { "Plot": "OL4", "Column": null, "Line": null, "ID": 570 }, "geometry": { "type": "Point", "coordinates": [ -3.945537572956897, 39.030868164649853 ] } },
{ "type": "Feature", "properties": { "Plot": "OL4", "Column": null, "Line": null, "ID": 571 }, "geometry": { "type": "Point", "coordinates": [ -3.945490814353378, 39.030900451508018 ] } },
{ "type": "Feature", "properties": { "Plot": "OL4", "Column": null, "Line": null, "ID": 572 }, "geometry": { "type": "Point", "coordinates": [ -3.945468300951684, 39.030940810060002 ] } },
{ "type": "Feature", "properties": { "Plot": "OL4", "Column": null, "Line": null, "ID": 573 }, "geometry": { "type": "Point", "coordinates": [ -3.945423274148296, 39.030966370464348 ] } },
{ "type": "Feature", "properties": { "Plot": "OL4", "Column": null, "Line": null, "ID": 574 }, "geometry": { "type": "Point", "coordinates": [ -3.945378247344908, 39.030997311994064 ] } },
{ "type": "Feature", "properties": { "Plot": "OL4", "Column": null, "Line": null, "ID": 575 }, "geometry": { "type": "Point", "coordinates": [ -3.945345343142432, 39.031026908227211 ] } },
{ "type": "Feature", "properties": { "Plot": "OL4", "Column": null, "Line": null, "ID": 576 }, "geometry": { "type": "Point", "coordinates": [ -3.945312438939956, 39.031056504447967 ] } },
{ "type": "Feature", "properties": { "Plot": "OL4", "Column": null, "Line": null, "ID": 577 }, "geometry": { "type": "Point", "coordinates": [ -3.945263948536307, 39.031086100656324 ] } },
{ "type": "Feature", "properties": { "Plot": "OL4", "Column": null, "Line": null, "ID": 578 }, "geometry": { "type": "Point", "coordinates": [ -3.945225848933441, 39.031121077977495 ] } },
{ "type": "Feature", "properties": { "Plot": "OL4", "Column": null, "Line": null, "ID": 579 }, "geometry": { "type": "Point", "coordinates": [ -3.945191212930834, 39.031146638316642 ] } },
{ "type": "Feature", "properties": { "Plot": "OL4", "Column": null, "Line": null, "ID": 580 }, "geometry": { "type": "Point", "coordinates": [ -3.945151381527837, 39.031182960887939 ] } },
{ "type": "Feature", "properties": { "Plot": "OL4", "Column": null, "Line": null, "ID": 581 }, "geometry": { "type": "Point", "coordinates": [ -3.94511155012484, 39.031207175925104 ] } },
{ "type": "Feature", "properties": { "Plot": "OL4", "Column": null, "Line": null, "ID": 582 }, "geometry": { "type": "Point", "coordinates": [ -3.945076914122234, 39.031244843744197 ] } },
{ "type": "Feature", "properties": { "Plot": "OL4", "Column": null, "Line": null, "ID": 583 }, "geometry": { "type": "Point", "coordinates": [ -3.945031887318845, 39.031267713481718 ] } },
{ "type": "Feature", "properties": { "Plot": "OL4", "Column": null, "Line": null, "ID": 584 }, "geometry": { "type": "Point", "coordinates": [ -3.944988592315588, 39.031300000157366 ] } },
{ "type": "Feature", "properties": { "Plot": "OL4", "Column": null, "Line": null, "ID": 585 }, "geometry": { "type": "Point", "coordinates": [ -3.944957419913242, 39.031332286818284 ] } },
{ "type": "Feature", "properties": { "Plot": "OL4", "Column": null, "Line": null, "ID": 586 }, "geometry": { "type": "Point", "coordinates": [ -3.944914124909984, 39.03136053763447 ] } },
{ "type": "Feature", "properties": { "Plot": "OL4", "Column": null, "Line": null, "ID": 587 }, "geometry": { "type": "Point", "coordinates": [ -3.944877757107248, 39.031391478991637 ] } },
{ "type": "Feature", "properties": { "Plot": "OL4", "Column": null, "Line": null, "ID": 588 }, "geometry": { "type": "Point", "coordinates": [ -3.944837925704251, 39.031411658130317 ] } },
{ "type": "Feature", "properties": { "Plot": "OL4", "Column": null, "Line": null, "ID": 589 }, "geometry": { "type": "Point", "coordinates": [ -3.944805021501775, 39.031450671115415 ] } },
{ "type": "Feature", "properties": { "Plot": "OL4", "Column": null, "Line": null, "ID": 590 }, "geometry": { "type": "Point", "coordinates": [ -3.944772117299299, 39.031484302981852 ] } },
{ "type": "Feature", "properties": { "Plot": "OL4", "Column": null, "Line": null, "ID": 591 }, "geometry": { "type": "Point", "coordinates": [ -3.944727090495911, 39.031513899011081 ] } },
{ "type": "Feature", "properties": { "Plot": "OL4", "Column": null, "Line": null, "ID": 592 }, "geometry": { "type": "Point", "coordinates": [ -3.944688990893043, 39.031542149754671 ] } },
{ "type": "Feature", "properties": { "Plot": "OL4", "Column": null, "Line": null, "ID": 593 }, "geometry": { "type": "Point", "coordinates": [ -3.944649159490047, 39.031573091032328 ] } },
{ "type": "Feature", "properties": { "Plot": "OL4", "Column": null, "Line": null, "ID": 594 }, "geometry": { "type": "Point", "coordinates": [ -3.944607596286919, 39.031605377568475 ] } },
{ "type": "Feature", "properties": { "Plot": "OL4", "Column": null, "Line": null, "ID": 595 }, "geometry": { "type": "Point", "coordinates": [ -3.944571228484183, 39.031636318818457 ] } },
{ "type": "Feature", "properties": { "Plot": "OL4", "Column": null, "Line": null, "ID": 596 }, "geometry": { "type": "Point", "coordinates": [ -3.944538324281707, 39.031656497887226 ] } },
{ "type": "Feature", "properties": { "Plot": "OL4", "Column": null, "Line": null, "ID": 597 }, "geometry": { "type": "Point", "coordinates": [ -3.944507151879361, 39.03169551073718 ] } },
{ "type": "Feature", "properties": { "Plot": "OL4", "Column": null, "Line": null, "ID": 598 }, "geometry": { "type": "Point", "coordinates": [ -3.944458661475713, 39.031727797217414 ] } },
{ "type": "Feature", "properties": { "Plot": "OL4", "Column": null, "Line": null, "ID": 599 }, "geometry": { "type": "Point", "coordinates": [ -3.944411902872194, 39.031757393144666 ] } },
{ "type": "Feature", "properties": { "Plot": "OL4", "Column": null, "Line": null, "ID": 600 }, "geometry": { "type": "Point", "coordinates": [ -3.944375608416286, 39.031789152567903 ] } },
{ "type": "Feature", "properties": { "Plot": "OL4", "Column": null, "Line": null, "ID": 601 }, "geometry": { "type": "Point", "coordinates": [ -3.944339383232383, 39.031817292414701 ] } },
{ "type": "Feature", "properties": { "Plot": "OL4", "Column": null, "Line": null, "ID": 602 }, "geometry": { "type": "Point", "coordinates": [ -3.945916075193378, 39.030666507262666 ] } },
{ "type": "Feature", "properties": { "Plot": "OL4", "Column": null, "Line": null, "ID": 603 }, "geometry": { "type": "Point", "coordinates": [ -3.945874511990251, 39.030696103648474 ] } },
{ "type": "Feature", "properties": { "Plot": "OL4", "Column": null, "Line": null, "ID": 604 }, "geometry": { "type": "Point", "coordinates": [ -3.945831216986992, 39.030727045311302 ] } },
{ "type": "Feature", "properties": { "Plot": "OL4", "Column": null, "Line": null, "ID": 605 }, "geometry": { "type": "Point", "coordinates": [ -3.945796580984386, 39.030762022826877 ] } },
{ "type": "Feature", "properties": { "Plot": "OL4", "Column": null, "Line": null, "ID": 606 }, "geometry": { "type": "Point", "coordinates": [ -3.94576194498178, 39.030786238019822 ] } },
{ "type": "Feature", "properties": { "Plot": "OL4", "Column": null, "Line": null, "ID": 607 }, "geometry": { "type": "Point", "coordinates": [ -3.945727308979174, 39.030817179643194 ] } },
{ "type": "Feature", "properties": { "Plot": "OL4", "Column": null, "Line": null, "ID": 608 }, "geometry": { "type": "Point", "coordinates": [ -3.945685745776046, 39.030848121253001 ] } },
{ "type": "Feature", "properties": { "Plot": "OL4", "Column": null, "Line": null, "ID": 609 }, "geometry": { "type": "Point", "coordinates": [ -3.94564591437305, 39.030877717562767 ] } },
{ "type": "Feature", "properties": { "Plot": "OL4", "Column": null, "Line": null, "ID": 610 }, "geometry": { "type": "Point", "coordinates": [ -3.945599155769531, 39.030901932716084 ] } },
{ "type": "Feature", "properties": { "Plot": "OL4", "Column": null, "Line": null, "ID": 611 }, "geometry": { "type": "Point", "coordinates": [ -3.945552397166013, 39.030934219574249 ] } },
{ "type": "Feature", "properties": { "Plot": "OL4", "Column": null, "Line": null, "ID": 612 }, "geometry": { "type": "Point", "coordinates": [ -3.945529883764319, 39.030974578126234 ] } },
{ "type": "Feature", "properties": { "Plot": "OL4", "Column": null, "Line": null, "ID": 613 }, "geometry": { "type": "Point", "coordinates": [ -3.94548485696093, 39.03100013853058 ] } },
{ "type": "Feature", "properties": { "Plot": "OL4", "Column": null, "Line": null, "ID": 614 }, "geometry": { "type": "Point", "coordinates": [ -3.945439830157542, 39.031031080060295 ] } },
{ "type": "Feature", "properties": { "Plot": "OL4", "Column": null, "Line": null, "ID": 615 }, "geometry": { "type": "Point", "coordinates": [ -3.945406925955066, 39.031060676293443 ] } },
{ "type": "Feature", "properties": { "Plot": "OL4", "Column": null, "Line": null, "ID": 616 }, "geometry": { "type": "Point", "coordinates": [ -3.945374021752591, 39.031090272514199 ] } },
{ "type": "Feature", "properties": { "Plot": "OL4", "Column": null, "Line": null, "ID": 617 }, "geometry": { "type": "Point", "coordinates": [ -3.945325531348942, 39.031119868722556 ] } },
{ "type": "Feature", "properties": { "Plot": "OL4", "Column": null, "Line": null, "ID": 618 }, "geometry": { "type": "Point", "coordinates": [ -3.945287431746075, 39.031154846043727 ] } },
{ "type": "Feature", "properties": { "Plot": "OL4", "Column": null, "Line": null, "ID": 619 }, "geometry": { "type": "Point", "coordinates": [ -3.945252795743468, 39.031180406382873 ] } },
{ "type": "Feature", "properties": { "Plot": "OL4", "Column": null, "Line": null, "ID": 620 }, "geometry": { "type": "Point", "coordinates": [ -3.945212964340471, 39.03121672895417 ] } },
{ "type": "Feature", "properties": { "Plot": "OL4", "Column": null, "Line": null, "ID": 621 }, "geometry": { "type": "Point", "coordinates": [ -3.945173132937474, 39.031240943991335 ] } },
{ "type": "Feature", "properties": { "Plot": "OL4", "Column": null, "Line": null, "ID": 622 }, "geometry": { "type": "Point", "coordinates": [ -3.945138496934868, 39.031278611810428 ] } },
{ "type": "Feature", "properties": { "Plot": "OL4", "Column": null, "Line": null, "ID": 623 }, "geometry": { "type": "Point", "coordinates": [ -3.945093470131479, 39.031301481547949 ] } },
{ "type": "Feature", "properties": { "Plot": "OL4", "Column": null, "Line": null, "ID": 624 }, "geometry": { "type": "Point", "coordinates": [ -3.945050175128222, 39.031333768223597 ] } },
{ "type": "Feature", "properties": { "Plot": "OL4", "Column": null, "Line": null, "ID": 625 }, "geometry": { "type": "Point", "coordinates": [ -3.945019002725877, 39.031366054884515 ] } },
{ "type": "Feature", "properties": { "Plot": "OL4", "Column": null, "Line": null, "ID": 626 }, "geometry": { "type": "Point", "coordinates": [ -3.944975707722618, 39.031394305700701 ] } },
{ "type": "Feature", "properties": { "Plot": "OL4", "Column": null, "Line": null, "ID": 627 }, "geometry": { "type": "Point", "coordinates": [ -3.944939339919882, 39.031425247057868 ] } },
{ "type": "Feature", "properties": { "Plot": "OL4", "Column": null, "Line": null, "ID": 628 }, "geometry": { "type": "Point", "coordinates": [ -3.944899508516885, 39.031445426196548 ] } },
{ "type": "Feature", "properties": { "Plot": "OL4", "Column": null, "Line": null, "ID": 629 }, "geometry": { "type": "Point", "coordinates": [ -3.944866604314409, 39.031484439181646 ] } },
{ "type": "Feature", "properties": { "Plot": "OL4", "Column": null, "Line": null, "ID": 630 }, "geometry": { "type": "Point", "coordinates": [ -3.944833700111933, 39.031518071048083 ] } },
{ "type": "Feature", "properties": { "Plot": "OL4", "Column": null, "Line": null, "ID": 631 }, "geometry": { "type": "Point", "coordinates": [ -3.944788673308545, 39.031547667077312 ] } },
{ "type": "Feature", "properties": { "Plot": "OL4", "Column": null, "Line": null, "ID": 632 }, "geometry": { "type": "Point", "coordinates": [ -3.944750573705678, 39.031575917820902 ] } },
{ "type": "Feature", "properties": { "Plot": "OL4", "Column": null, "Line": null, "ID": 633 }, "geometry": { "type": "Point", "coordinates": [ -3.944710742302681, 39.031606859098559 ] } },
{ "type": "Feature", "properties": { "Plot": "OL4", "Column": null, "Line": null, "ID": 634 }, "geometry": { "type": "Point", "coordinates": [ -3.944669179099554, 39.031639145634706 ] } },
{ "type": "Feature", "properties": { "Plot": "OL4", "Column": null, "Line": null, "ID": 635 }, "geometry": { "type": "Point", "coordinates": [ -3.944632811296817, 39.031670086884688 ] } },
{ "type": "Feature", "properties": { "Plot": "OL4", "Column": null, "Line": null, "ID": 636 }, "geometry": { "type": "Point", "coordinates": [ -3.944599907094341, 39.031690265953458 ] } },
{ "type": "Feature", "properties": { "Plot": "OL4", "Column": null, "Line": null, "ID": 637 }, "geometry": { "type": "Point", "coordinates": [ -3.944568734691995, 39.031729278803411 ] } },
{ "type": "Feature", "properties": { "Plot": "OL4", "Column": null, "Line": null, "ID": 638 }, "geometry": { "type": "Point", "coordinates": [ -3.944520244288347, 39.031761565283645 ] } },
{ "type": "Feature", "properties": { "Plot": "OL4", "Column": null, "Line": null, "ID": 639 }, "geometry": { "type": "Point", "coordinates": [ -3.944473485684829, 39.031791161210897 ] } },
{ "type": "Feature", "properties": { "Plot": "OL4", "Column": null, "Line": null, "ID": 640 }, "geometry": { "type": "Point", "coordinates": [ -3.94443719122892, 39.031822920634134 ] } },
{ "type": "Feature", "properties": { "Plot": "OL4", "Column": null, "Line": null, "ID": 641 }, "geometry": { "type": "Point", "coordinates": [ -3.944400966045018, 39.031851060480932 ] } },
{ "type": "Feature", "properties": { "Plot": "OL4", "Column": null, "Line": null, "ID": 642 }, "geometry": { "type": "Point", "coordinates": [ -3.945974035487622, 39.030714345328882 ] } },
{ "type": "Feature", "properties": { "Plot": "OL4", "Column": null, "Line": null, "ID": 643 }, "geometry": { "type": "Point", "coordinates": [ -3.945932472284494, 39.03074394171469 ] } },
{ "type": "Feature", "properties": { "Plot": "OL4", "Column": null, "Line": null, "ID": 644 }, "geometry": { "type": "Point", "coordinates": [ -3.945889177281236, 39.030774883377518 ] } },
{ "type": "Feature", "properties": { "Plot": "OL4", "Column": null, "Line": null, "ID": 645 }, "geometry": { "type": "Point", "coordinates": [ -3.94585454127863, 39.030809860893093 ] } },
{ "type": "Feature", "properties": { "Plot": "OL4", "Column": null, "Line": null, "ID": 646 }, "geometry": { "type": "Point", "coordinates": [ -3.945819905276023, 39.030834076086037 ] } },
{ "type": "Feature", "properties": { "Plot": "OL4", "Column": null, "Line": null, "ID": 647 }, "geometry": { "type": "Point", "coordinates": [ -3.945785269273418, 39.030865017709409 ] } },
{ "type": "Feature", "properties": { "Plot": "OL4", "Column": null, "Line": null, "ID": 648 }, "geometry": { "type": "Point", "coordinates": [ -3.94574370607029, 39.030895959319217 ] } },
{ "type": "Feature", "properties": { "Plot": "OL4", "Column": null, "Line": null, "ID": 649 }, "geometry": { "type": "Point", "coordinates": [ -3.945703874667293, 39.030925555628983 ] } },
{ "type": "Feature", "properties": { "Plot": "OL4", "Column": null, "Line": null, "ID": 650 }, "geometry": { "type": "Point", "coordinates": [ -3.945657116063775, 39.0309497707823 ] } },
{ "type": "Feature", "properties": { "Plot": "OL4", "Column": null, "Line": null, "ID": 651 }, "geometry": { "type": "Point", "coordinates": [ -3.945610357460256, 39.030982057640465 ] } },
{ "type": "Feature", "properties": { "Plot": "OL4", "Column": null, "Line": null, "ID": 652 }, "geometry": { "type": "Point", "coordinates": [ -3.945587844058562, 39.031022416192449 ] } },
{ "type": "Feature", "properties": { "Plot": "OL4", "Column": null, "Line": null, "ID": 653 }, "geometry": { "type": "Point", "coordinates": [ -3.945542817255174, 39.031047976596795 ] } },
{ "type": "Feature", "properties": { "Plot": "OL4", "Column": null, "Line": null, "ID": 654 }, "geometry": { "type": "Point", "coordinates": [ -3.945497790451786, 39.031078918126511 ] } },
{ "type": "Feature", "properties": { "Plot": "OL4", "Column": null, "Line": null, "ID": 655 }, "geometry": { "type": "Point", "coordinates": [ -3.94546488624931, 39.031108514359659 ] } },
{ "type": "Feature", "properties": { "Plot": "OL4", "Column": null, "Line": null, "ID": 656 }, "geometry": { "type": "Point", "coordinates": [ -3.945431982046834, 39.031138110580414 ] } },
{ "type": "Feature", "properties": { "Plot": "OL4", "Column": null, "Line": null, "ID": 657 }, "geometry": { "type": "Point", "coordinates": [ -3.945383491643185, 39.031167706788771 ] } },
{ "type": "Feature", "properties": { "Plot": "OL4", "Column": null, "Line": null, "ID": 658 }, "geometry": { "type": "Point", "coordinates": [ -3.945345392040319, 39.031202684109942 ] } },
{ "type": "Feature", "properties": { "Plot": "OL4", "Column": null, "Line": null, "ID": 659 }, "geometry": { "type": "Point", "coordinates": [ -3.945310756037712, 39.031228244449089 ] } },
{ "type": "Feature", "properties": { "Plot": "OL4", "Column": null, "Line": null, "ID": 660 }, "geometry": { "type": "Point", "coordinates": [ -3.945270924634715, 39.031264567020386 ] } },
{ "type": "Feature", "properties": { "Plot": "OL4", "Column": null, "Line": null, "ID": 661 }, "geometry": { "type": "Point", "coordinates": [ -3.945231093231718, 39.031288782057551 ] } },
{ "type": "Feature", "properties": { "Plot": "OL4", "Column": null, "Line": null, "ID": 662 }, "geometry": { "type": "Point", "coordinates": [ -3.945196457229112, 39.031326449876644 ] } },
{ "type": "Feature", "properties": { "Plot": "OL4", "Column": null, "Line": null, "ID": 663 }, "geometry": { "type": "Point", "coordinates": [ -3.945151430425723, 39.031349319614165 ] } },
{ "type": "Feature", "properties": { "Plot": "OL4", "Column": null, "Line": null, "ID": 664 }, "geometry": { "type": "Point", "coordinates": [ -3.945108135422466, 39.031381606289813 ] } },
{ "type": "Feature", "properties": { "Plot": "OL4", "Column": null, "Line": null, "ID": 665 }, "geometry": { "type": "Point", "coordinates": [ -3.94507696302012, 39.031413892950731 ] } },
{ "type": "Feature", "properties": { "Plot": "OL4", "Column": null, "Line": null, "ID": 666 }, "geometry": { "type": "Point", "coordinates": [ -3.945033668016862, 39.031442143766917 ] } },
{ "type": "Feature", "properties": { "Plot": "OL4", "Column": null, "Line": null, "ID": 667 }, "geometry": { "type": "Point", "coordinates": [ -3.944997300214126, 39.031473085124084 ] } },
{ "type": "Feature", "properties": { "Plot": "OL4", "Column": null, "Line": null, "ID": 668 }, "geometry": { "type": "Point", "coordinates": [ -3.944957468811129, 39.031493264262764 ] } },
{ "type": "Feature", "properties": { "Plot": "OL4", "Column": null, "Line": null, "ID": 669 }, "geometry": { "type": "Point", "coordinates": [ -3.944924564608653, 39.031532277247862 ] } },
{ "type": "Feature", "properties": { "Plot": "OL4", "Column": null, "Line": null, "ID": 670 }, "geometry": { "type": "Point", "coordinates": [ -3.944891660406177, 39.031565909114299 ] } },
{ "type": "Feature", "properties": { "Plot": "OL4", "Column": null, "Line": null, "ID": 671 }, "geometry": { "type": "Point", "coordinates": [ -3.944846633602789, 39.031595505143528 ] } },
{ "type": "Feature", "properties": { "Plot": "OL4", "Column": null, "Line": null, "ID": 672 }, "geometry": { "type": "Point", "coordinates": [ -3.944808533999921, 39.031623755887118 ] } },
{ "type": "Feature", "properties": { "Plot": "OL4", "Column": null, "Line": null, "ID": 673 }, "geometry": { "type": "Point", "coordinates": [ -3.944768702596924, 39.031654697164775 ] } },
{ "type": "Feature", "properties": { "Plot": "OL4", "Column": null, "Line": null, "ID": 674 }, "geometry": { "type": "Point", "coordinates": [ -3.944727139393797, 39.031686983700922 ] } },
{ "type": "Feature", "properties": { "Plot": "OL4", "Column": null, "Line": null, "ID": 675 }, "geometry": { "type": "Point", "coordinates": [ -3.944690771591061, 39.031717924950904 ] } },
{ "type": "Feature", "properties": { "Plot": "OL4", "Column": null, "Line": null, "ID": 676 }, "geometry": { "type": "Point", "coordinates": [ -3.944657867388585, 39.031738104019674 ] } },
{ "type": "Feature", "properties": { "Plot": "OL4", "Column": null, "Line": null, "ID": 677 }, "geometry": { "type": "Point", "coordinates": [ -3.944626694986239, 39.031777116869627 ] } },
{ "type": "Feature", "properties": { "Plot": "OL4", "Column": null, "Line": null, "ID": 678 }, "geometry": { "type": "Point", "coordinates": [ -3.944578204582591, 39.031809403349861 ] } },
{ "type": "Feature", "properties": { "Plot": "OL4", "Column": null, "Line": null, "ID": 679 }, "geometry": { "type": "Point", "coordinates": [ -3.944531445979072, 39.031838999277113 ] } },
{ "type": "Feature", "properties": { "Plot": "OL4", "Column": null, "Line": null, "ID": 680 }, "geometry": { "type": "Point", "coordinates": [ -3.944495151523164, 39.03187075870035 ] } },
{ "type": "Feature", "properties": { "Plot": "OL4", "Column": null, "Line": null, "ID": 681 }, "geometry": { "type": "Point", "coordinates": [ -3.944458926339261, 39.031898898547148 ] } },
{ "type": "Feature", "properties": { "Plot": "OL4", "Column": null, "Line": null, "ID": 682 }, "geometry": { "type": "Point", "coordinates": [ -3.946039240818646, 39.030759369361618 ] } },
{ "type": "Feature", "properties": { "Plot": "OL4", "Column": null, "Line": null, "ID": 683 }, "geometry": { "type": "Point", "coordinates": [ -3.945997677615519, 39.030788965747426 ] } },
{ "type": "Feature", "properties": { "Plot": "OL4", "Column": null, "Line": null, "ID": 684 }, "geometry": { "type": "Point", "coordinates": [ -3.94595438261226, 39.030819907410255 ] } },
{ "type": "Feature", "properties": { "Plot": "OL4", "Column": null, "Line": null, "ID": 685 }, "geometry": { "type": "Point", "coordinates": [ -3.945919746609654, 39.03085488492583 ] } },
{ "type": "Feature", "properties": { "Plot": "OL4", "Column": null, "Line": null, "ID": 686 }, "geometry": { "type": "Point", "coordinates": [ -3.945885110607048, 39.030879100118774 ] } },
{ "type": "Feature", "properties": { "Plot": "OL4", "Column": null, "Line": null, "ID": 687 }, "geometry": { "type": "Point", "coordinates": [ -3.945850474604442, 39.030910041742146 ] } },
{ "type": "Feature", "properties": { "Plot": "OL4", "Column": null, "Line": null, "ID": 688 }, "geometry": { "type": "Point", "coordinates": [ -3.945808911401314, 39.030940983351954 ] } },
{ "type": "Feature", "properties": { "Plot": "OL4", "Column": null, "Line": null, "ID": 689 }, "geometry": { "type": "Point", "coordinates": [ -3.945769079998318, 39.030970579661719 ] } },
{ "type": "Feature", "properties": { "Plot": "OL4", "Column": null, "Line": null, "ID": 690 }, "geometry": { "type": "Point", "coordinates": [ -3.945722321394799, 39.030994794815037 ] } },
{ "type": "Feature", "properties": { "Plot": "OL4", "Column": null, "Line": null, "ID": 691 }, "geometry": { "type": "Point", "coordinates": [ -3.945675562791281, 39.031027081673201 ] } },
{ "type": "Feature", "properties": { "Plot": "OL4", "Column": null, "Line": null, "ID": 692 }, "geometry": { "type": "Point", "coordinates": [ -3.945653049389587, 39.031067440225186 ] } },
{ "type": "Feature", "properties": { "Plot": "OL4", "Column": null, "Line": null, "ID": 693 }, "geometry": { "type": "Point", "coordinates": [ -3.945608022586198, 39.031093000629532 ] } },
{ "type": "Feature", "properties": { "Plot": "OL4", "Column": null, "Line": null, "ID": 694 }, "geometry": { "type": "Point", "coordinates": [ -3.94556299578281, 39.031123942159248 ] } },
{ "type": "Feature", "properties": { "Plot": "OL4", "Column": null, "Line": null, "ID": 695 }, "geometry": { "type": "Point", "coordinates": [ -3.945530091580334, 39.031153538392395 ] } },
{ "type": "Feature", "properties": { "Plot": "OL4", "Column": null, "Line": null, "ID": 696 }, "geometry": { "type": "Point", "coordinates": [ -3.945497187377859, 39.031183134613151 ] } },
{ "type": "Feature", "properties": { "Plot": "OL4", "Column": null, "Line": null, "ID": 697 }, "geometry": { "type": "Point", "coordinates": [ -3.94544869697421, 39.031212730821508 ] } },
{ "type": "Feature", "properties": { "Plot": "OL4", "Column": null, "Line": null, "ID": 698 }, "geometry": { "type": "Point", "coordinates": [ -3.945410597371343, 39.031247708142679 ] } },
{ "type": "Feature", "properties": { "Plot": "OL4", "Column": null, "Line": null, "ID": 699 }, "geometry": { "type": "Point", "coordinates": [ -3.945375961368736, 39.031273268481826 ] } },
{ "type": "Feature", "properties": { "Plot": "OL4", "Column": null, "Line": null, "ID": 700 }, "geometry": { "type": "Point", "coordinates": [ -3.945336129965739, 39.031309591053123 ] } },
{ "type": "Feature", "properties": { "Plot": "OL4", "Column": null, "Line": null, "ID": 701 }, "geometry": { "type": "Point", "coordinates": [ -3.945296298562742, 39.031333806090288 ] } },
{ "type": "Feature", "properties": { "Plot": "OL4", "Column": null, "Line": null, "ID": 702 }, "geometry": { "type": "Point", "coordinates": [ -3.945261662560136, 39.031371473909381 ] } },
{ "type": "Feature", "properties": { "Plot": "OL4", "Column": null, "Line": null, "ID": 703 }, "geometry": { "type": "Point", "coordinates": [ -3.945216635756748, 39.031394343646902 ] } },
{ "type": "Feature", "properties": { "Plot": "OL4", "Column": null, "Line": null, "ID": 704 }, "geometry": { "type": "Point", "coordinates": [ -3.94517334075349, 39.031426630322549 ] } },
{ "type": "Feature", "properties": { "Plot": "OL4", "Column": null, "Line": null, "ID": 705 }, "geometry": { "type": "Point", "coordinates": [ -3.945142168351145, 39.031458916983468 ] } },
{ "type": "Feature", "properties": { "Plot": "OL4", "Column": null, "Line": null, "ID": 706 }, "geometry": { "type": "Point", "coordinates": [ -3.945098873347886, 39.031487167799654 ] } },
{ "type": "Feature", "properties": { "Plot": "OL4", "Column": null, "Line": null, "ID": 707 }, "geometry": { "type": "Point", "coordinates": [ -3.94506250554515, 39.031518109156821 ] } },
{ "type": "Feature", "properties": { "Plot": "OL4", "Column": null, "Line": null, "ID": 708 }, "geometry": { "type": "Point", "coordinates": [ -3.945022674142153, 39.031538288295501 ] } },
{ "type": "Feature", "properties": { "Plot": "OL4", "Column": null, "Line": null, "ID": 709 }, "geometry": { "type": "Point", "coordinates": [ -3.944989769939677, 39.031577301280599 ] } },
{ "type": "Feature", "properties": { "Plot": "OL4", "Column": null, "Line": null, "ID": 710 }, "geometry": { "type": "Point", "coordinates": [ -3.944956865737201, 39.031610933147036 ] } },
{ "type": "Feature", "properties": { "Plot": "OL4", "Column": null, "Line": null, "ID": 711 }, "geometry": { "type": "Point", "coordinates": [ -3.944911838933813, 39.031640529176265 ] } },
{ "type": "Feature", "properties": { "Plot": "OL4", "Column": null, "Line": null, "ID": 712 }, "geometry": { "type": "Point", "coordinates": [ -3.944873739330946, 39.031668779919855 ] } },
{ "type": "Feature", "properties": { "Plot": "OL4", "Column": null, "Line": null, "ID": 713 }, "geometry": { "type": "Point", "coordinates": [ -3.944833907927949, 39.031699721197512 ] } },
{ "type": "Feature", "properties": { "Plot": "OL4", "Column": null, "Line": null, "ID": 714 }, "geometry": { "type": "Point", "coordinates": [ -3.944792344724822, 39.031732007733659 ] } },
{ "type": "Feature", "properties": { "Plot": "OL4", "Column": null, "Line": null, "ID": 715 }, "geometry": { "type": "Point", "coordinates": [ -3.944755976922085, 39.031762948983641 ] } },
{ "type": "Feature", "properties": { "Plot": "OL4", "Column": null, "Line": null, "ID": 716 }, "geometry": { "type": "Point", "coordinates": [ -3.944723072719609, 39.03178312805241 ] } },
{ "type": "Feature", "properties": { "Plot": "OL4", "Column": null, "Line": null, "ID": 717 }, "geometry": { "type": "Point", "coordinates": [ -3.944691900317263, 39.031822140902364 ] } },
{ "type": "Feature", "properties": { "Plot": "OL4", "Column": null, "Line": null, "ID": 718 }, "geometry": { "type": "Point", "coordinates": [ -3.944643409913615, 39.031854427382598 ] } },
{ "type": "Feature", "properties": { "Plot": "OL4", "Column": null, "Line": null, "ID": 719 }, "geometry": { "type": "Point", "coordinates": [ -3.944596651310097, 39.03188402330985 ] } },
{ "type": "Feature", "properties": { "Plot": "OL4", "Column": null, "Line": null, "ID": 720 }, "geometry": { "type": "Point", "coordinates": [ -3.944560356854188, 39.031915782733087 ] } },
{ "type": "Feature", "properties": { "Plot": "OL4", "Column": null, "Line": null, "ID": 721 }, "geometry": { "type": "Point", "coordinates": [ -3.944524131670286, 39.031943922579885 ] } },
{ "type": "Feature", "properties": { "Plot": "OL4", "Column": null, "Line": null, "ID": 722 }, "geometry": { "type": "Point", "coordinates": [ -3.94609720111289, 39.030801579366262 ] } },
{ "type": "Feature", "properties": { "Plot": "OL4", "Column": null, "Line": null, "ID": 723 }, "geometry": { "type": "Point", "coordinates": [ -3.946055637909762, 39.03083117575207 ] } },
{ "type": "Feature", "properties": { "Plot": "OL4", "Column": null, "Line": null, "ID": 724 }, "geometry": { "type": "Point", "coordinates": [ -3.946012342906504, 39.030862117414898 ] } },
{ "type": "Feature", "properties": { "Plot": "OL4", "Column": null, "Line": null, "ID": 725 }, "geometry": { "type": "Point", "coordinates": [ -3.945977706903898, 39.030897094930474 ] } },
{ "type": "Feature", "properties": { "Plot": "OL4", "Column": null, "Line": null, "ID": 726 }, "geometry": { "type": "Point", "coordinates": [ -3.945943070901291, 39.030921310123418 ] } },
{ "type": "Feature", "properties": { "Plot": "OL4", "Column": null, "Line": null, "ID": 727 }, "geometry": { "type": "Point", "coordinates": [ -3.945908434898686, 39.03095225174679 ] } },
{ "type": "Feature", "properties": { "Plot": "OL4", "Column": null, "Line": null, "ID": 728 }, "geometry": { "type": "Point", "coordinates": [ -3.945866871695558, 39.030983193356597 ] } },
{ "type": "Feature", "properties": { "Plot": "OL4", "Column": null, "Line": null, "ID": 729 }, "geometry": { "type": "Point", "coordinates": [ -3.945827040292561, 39.031012789666363 ] } },
{ "type": "Feature", "properties": { "Plot": "OL4", "Column": null, "Line": null, "ID": 730 }, "geometry": { "type": "Point", "coordinates": [ -3.945780281689043, 39.03103700481968 ] } },
{ "type": "Feature", "properties": { "Plot": "OL4", "Column": null, "Line": null, "ID": 731 }, "geometry": { "type": "Point", "coordinates": [ -3.945733523085524, 39.031069291677845 ] } },
{ "type": "Feature", "properties": { "Plot": "OL4", "Column": null, "Line": null, "ID": 732 }, "geometry": { "type": "Point", "coordinates": [ -3.94571100968383, 39.03110965022983 ] } },
{ "type": "Feature", "properties": { "Plot": "OL4", "Column": null, "Line": null, "ID": 733 }, "geometry": { "type": "Point", "coordinates": [ -3.945665982880442, 39.031135210634176 ] } },
{ "type": "Feature", "properties": { "Plot": "OL4", "Column": null, "Line": null, "ID": 734 }, "geometry": { "type": "Point", "coordinates": [ -3.945620956077054, 39.031166152163891 ] } },
{ "type": "Feature", "properties": { "Plot": "OL4", "Column": null, "Line": null, "ID": 735 }, "geometry": { "type": "Point", "coordinates": [ -3.945588051874578, 39.031195748397039 ] } },
{ "type": "Feature", "properties": { "Plot": "OL4", "Column": null, "Line": null, "ID": 736 }, "geometry": { "type": "Point", "coordinates": [ -3.945555147672102, 39.031225344617795 ] } },
{ "type": "Feature", "properties": { "Plot": "OL4", "Column": null, "Line": null, "ID": 737 }, "geometry": { "type": "Point", "coordinates": [ -3.945506657268453, 39.031254940826152 ] } },
{ "type": "Feature", "properties": { "Plot": "OL4", "Column": null, "Line": null, "ID": 738 }, "geometry": { "type": "Point", "coordinates": [ -3.945468557665587, 39.031289918147323 ] } },
{ "type": "Feature", "properties": { "Plot": "OL4", "Column": null, "Line": null, "ID": 739 }, "geometry": { "type": "Point", "coordinates": [ -3.94543392166298, 39.031315478486469 ] } },
{ "type": "Feature", "properties": { "Plot": "OL4", "Column": null, "Line": null, "ID": 740 }, "geometry": { "type": "Point", "coordinates": [ -3.945394090259983, 39.031351801057767 ] } },
{ "type": "Feature", "properties": { "Plot": "OL4", "Column": null, "Line": null, "ID": 741 }, "geometry": { "type": "Point", "coordinates": [ -3.945354258856986, 39.031376016094931 ] } },
{ "type": "Feature", "properties": { "Plot": "OL4", "Column": null, "Line": null, "ID": 742 }, "geometry": { "type": "Point", "coordinates": [ -3.94531962285438, 39.031413683914025 ] } },
{ "type": "Feature", "properties": { "Plot": "OL4", "Column": null, "Line": null, "ID": 743 }, "geometry": { "type": "Point", "coordinates": [ -3.945274596050991, 39.031436553651545 ] } },
{ "type": "Feature", "properties": { "Plot": "OL4", "Column": null, "Line": null, "ID": 744 }, "geometry": { "type": "Point", "coordinates": [ -3.945231301047734, 39.031468840327193 ] } },
{ "type": "Feature", "properties": { "Plot": "OL4", "Column": null, "Line": null, "ID": 745 }, "geometry": { "type": "Point", "coordinates": [ -3.945200128645388, 39.031501126988111 ] } },
{ "type": "Feature", "properties": { "Plot": "OL4", "Column": null, "Line": null, "ID": 746 }, "geometry": { "type": "Point", "coordinates": [ -3.94515683364213, 39.031529377804297 ] } },
{ "type": "Feature", "properties": { "Plot": "OL4", "Column": null, "Line": null, "ID": 747 }, "geometry": { "type": "Point", "coordinates": [ -3.945120465839394, 39.031560319161464 ] } },
{ "type": "Feature", "properties": { "Plot": "OL4", "Column": null, "Line": null, "ID": 748 }, "geometry": { "type": "Point", "coordinates": [ -3.945080634436397, 39.031580498300144 ] } },
{ "type": "Feature", "properties": { "Plot": "OL4", "Column": null, "Line": null, "ID": 749 }, "geometry": { "type": "Point", "coordinates": [ -3.945047730233921, 39.031619511285243 ] } },
{ "type": "Feature", "properties": { "Plot": "OL4", "Column": null, "Line": null, "ID": 750 }, "geometry": { "type": "Point", "coordinates": [ -3.945014826031445, 39.031653143151679 ] } },
{ "type": "Feature", "properties": { "Plot": "OL4", "Column": null, "Line": null, "ID": 751 }, "geometry": { "type": "Point", "coordinates": [ -3.944969799228057, 39.031682739180908 ] } },
{ "type": "Feature", "properties": { "Plot": "OL4", "Column": null, "Line": null, "ID": 752 }, "geometry": { "type": "Point", "coordinates": [ -3.944931699625189, 39.031710989924498 ] } },
{ "type": "Feature", "properties": { "Plot": "OL4", "Column": null, "Line": null, "ID": 753 }, "geometry": { "type": "Point", "coordinates": [ -3.944891868222193, 39.031741931202156 ] } },
{ "type": "Feature", "properties": { "Plot": "OL4", "Column": null, "Line": null, "ID": 754 }, "geometry": { "type": "Point", "coordinates": [ -3.944850305019065, 39.031774217738302 ] } },
{ "type": "Feature", "properties": { "Plot": "OL4", "Column": null, "Line": null, "ID": 755 }, "geometry": { "type": "Point", "coordinates": [ -3.944813937216329, 39.031805158988284 ] } },
{ "type": "Feature", "properties": { "Plot": "OL4", "Column": null, "Line": null, "ID": 756 }, "geometry": { "type": "Point", "coordinates": [ -3.944781033013853, 39.031825338057054 ] } },
{ "type": "Feature", "properties": { "Plot": "OL4", "Column": null, "Line": null, "ID": 757 }, "geometry": { "type": "Point", "coordinates": [ -3.944749860611507, 39.031864350907007 ] } },
{ "type": "Feature", "properties": { "Plot": "OL4", "Column": null, "Line": null, "ID": 758 }, "geometry": { "type": "Point", "coordinates": [ -3.944701370207859, 39.031896637387241 ] } },
{ "type": "Feature", "properties": { "Plot": "OL4", "Column": null, "Line": null, "ID": 759 }, "geometry": { "type": "Point", "coordinates": [ -3.94465461160434, 39.031926233314493 ] } },
{ "type": "Feature", "properties": { "Plot": "OL4", "Column": null, "Line": null, "ID": 760 }, "geometry": { "type": "Point", "coordinates": [ -3.944618317148432, 39.03195799273773 ] } },
{ "type": "Feature", "properties": { "Plot": "OL4", "Column": null, "Line": null, "ID": 761 }, "geometry": { "type": "Point", "coordinates": [ -3.944582091964529, 39.031986132584528 ] } },
{ "type": "Feature", "properties": { "Plot": "OL4", "Column": null, "Line": null, "ID": 762 }, "geometry": { "type": "Point", "coordinates": [ -3.946137048815182, 39.030840975347857 ] } },
{ "type": "Feature", "properties": { "Plot": "OL4", "Column": null, "Line": null, "ID": 763 }, "geometry": { "type": "Point", "coordinates": [ -3.946095485612055, 39.030870571733665 ] } },
{ "type": "Feature", "properties": { "Plot": "OL4", "Column": null, "Line": null, "ID": 764 }, "geometry": { "type": "Point", "coordinates": [ -3.946052190608796, 39.030901513396493 ] } },
{ "type": "Feature", "properties": { "Plot": "OL4", "Column": null, "Line": null, "ID": 765 }, "geometry": { "type": "Point", "coordinates": [ -3.946017554606191, 39.030936490912069 ] } },
{ "type": "Feature", "properties": { "Plot": "OL4", "Column": null, "Line": null, "ID": 766 }, "geometry": { "type": "Point", "coordinates": [ -3.945982918603584, 39.030960706105013 ] } },
{ "type": "Feature", "properties": { "Plot": "OL4", "Column": null, "Line": null, "ID": 767 }, "geometry": { "type": "Point", "coordinates": [ -3.945948282600978, 39.030991647728385 ] } },
{ "type": "Feature", "properties": { "Plot": "OL4", "Column": null, "Line": null, "ID": 768 }, "geometry": { "type": "Point", "coordinates": [ -3.945906719397851, 39.031022589338193 ] } },
{ "type": "Feature", "properties": { "Plot": "OL4", "Column": null, "Line": null, "ID": 769 }, "geometry": { "type": "Point", "coordinates": [ -3.945866887994854, 39.031052185647958 ] } },
{ "type": "Feature", "properties": { "Plot": "OL4", "Column": null, "Line": null, "ID": 770 }, "geometry": { "type": "Point", "coordinates": [ -3.945820129391335, 39.031076400801275 ] } },
{ "type": "Feature", "properties": { "Plot": "OL4", "Column": null, "Line": null, "ID": 771 }, "geometry": { "type": "Point", "coordinates": [ -3.945773370787817, 39.03110868765944 ] } },
{ "type": "Feature", "properties": { "Plot": "OL4", "Column": null, "Line": null, "ID": 772 }, "geometry": { "type": "Point", "coordinates": [ -3.945750857386123, 39.031149046211425 ] } },
{ "type": "Feature", "properties": { "Plot": "OL4", "Column": null, "Line": null, "ID": 773 }, "geometry": { "type": "Point", "coordinates": [ -3.945705830582734, 39.031174606615771 ] } },
{ "type": "Feature", "properties": { "Plot": "OL4", "Column": null, "Line": null, "ID": 774 }, "geometry": { "type": "Point", "coordinates": [ -3.945660803779346, 39.031205548145486 ] } },
{ "type": "Feature", "properties": { "Plot": "OL4", "Column": null, "Line": null, "ID": 775 }, "geometry": { "type": "Point", "coordinates": [ -3.94562789957687, 39.031235144378634 ] } },
{ "type": "Feature", "properties": { "Plot": "OL4", "Column": null, "Line": null, "ID": 776 }, "geometry": { "type": "Point", "coordinates": [ -3.945594995374395, 39.03126474059939 ] } },
{ "type": "Feature", "properties": { "Plot": "OL4", "Column": null, "Line": null, "ID": 777 }, "geometry": { "type": "Point", "coordinates": [ -3.945546504970746, 39.031294336807747 ] } },
{ "type": "Feature", "properties": { "Plot": "OL4", "Column": null, "Line": null, "ID": 778 }, "geometry": { "type": "Point", "coordinates": [ -3.945508405367879, 39.031329314128918 ] } },
{ "type": "Feature", "properties": { "Plot": "OL4", "Column": null, "Line": null, "ID": 779 }, "geometry": { "type": "Point", "coordinates": [ -3.945473769365273, 39.031354874468065 ] } },
{ "type": "Feature", "properties": { "Plot": "OL4", "Column": null, "Line": null, "ID": 780 }, "geometry": { "type": "Point", "coordinates": [ -3.945433937962275, 39.031391197039362 ] } },
{ "type": "Feature", "properties": { "Plot": "OL4", "Column": null, "Line": null, "ID": 781 }, "geometry": { "type": "Point", "coordinates": [ -3.945394106559279, 39.031415412076527 ] } },
{ "type": "Feature", "properties": { "Plot": "OL4", "Column": null, "Line": null, "ID": 782 }, "geometry": { "type": "Point", "coordinates": [ -3.945359470556672, 39.03145307989562 ] } },
{ "type": "Feature", "properties": { "Plot": "OL4", "Column": null, "Line": null, "ID": 783 }, "geometry": { "type": "Point", "coordinates": [ -3.945314443753284, 39.03147594963314 ] } },
{ "type": "Feature", "properties": { "Plot": "OL4", "Column": null, "Line": null, "ID": 784 }, "geometry": { "type": "Point", "coordinates": [ -3.945271148750026, 39.031508236308788 ] } },
{ "type": "Feature", "properties": { "Plot": "OL4", "Column": null, "Line": null, "ID": 785 }, "geometry": { "type": "Point", "coordinates": [ -3.945239976347681, 39.031540522969706 ] } },
{ "type": "Feature", "properties": { "Plot": "OL4", "Column": null, "Line": null, "ID": 786 }, "geometry": { "type": "Point", "coordinates": [ -3.945196681344422, 39.031568773785892 ] } },
{ "type": "Feature", "properties": { "Plot": "OL4", "Column": null, "Line": null, "ID": 787 }, "geometry": { "type": "Point", "coordinates": [ -3.945160313541686, 39.031599715143059 ] } },
{ "type": "Feature", "properties": { "Plot": "OL4", "Column": null, "Line": null, "ID": 788 }, "geometry": { "type": "Point", "coordinates": [ -3.945120482138689, 39.031619894281739 ] } },
{ "type": "Feature", "properties": { "Plot": "OL4", "Column": null, "Line": null, "ID": 789 }, "geometry": { "type": "Point", "coordinates": [ -3.945087577936213, 39.031658907266838 ] } },
{ "type": "Feature", "properties": { "Plot": "OL4", "Column": null, "Line": null, "ID": 790 }, "geometry": { "type": "Point", "coordinates": [ -3.945054673733738, 39.031692539133275 ] } },
{ "type": "Feature", "properties": { "Plot": "OL4", "Column": null, "Line": null, "ID": 791 }, "geometry": { "type": "Point", "coordinates": [ -3.94500964693035, 39.031722135162504 ] } },
{ "type": "Feature", "properties": { "Plot": "OL4", "Column": null, "Line": null, "ID": 792 }, "geometry": { "type": "Point", "coordinates": [ -3.944971547327482, 39.031750385906093 ] } },
{ "type": "Feature", "properties": { "Plot": "OL4", "Column": null, "Line": null, "ID": 793 }, "geometry": { "type": "Point", "coordinates": [ -3.944931715924485, 39.031781327183751 ] } },
{ "type": "Feature", "properties": { "Plot": "OL4", "Column": null, "Line": null, "ID": 794 }, "geometry": { "type": "Point", "coordinates": [ -3.944890152721358, 39.031813613719898 ] } },
{ "type": "Feature", "properties": { "Plot": "OL4", "Column": null, "Line": null, "ID": 795 }, "geometry": { "type": "Point", "coordinates": [ -3.944853784918621, 39.031844554969879 ] } },
{ "type": "Feature", "properties": { "Plot": "OL4", "Column": null, "Line": null, "ID": 796 }, "geometry": { "type": "Point", "coordinates": [ -3.944820880716145, 39.031864734038649 ] } },
{ "type": "Feature", "properties": { "Plot": "OL4", "Column": null, "Line": null, "ID": 797 }, "geometry": { "type": "Point", "coordinates": [ -3.944789708313799, 39.031903746888602 ] } },
{ "type": "Feature", "properties": { "Plot": "OL4", "Column": null, "Line": null, "ID": 798 }, "geometry": { "type": "Point", "coordinates": [ -3.944741217910151, 39.031936033368837 ] } },
{ "type": "Feature", "properties": { "Plot": "OL4", "Column": null, "Line": null, "ID": 799 }, "geometry": { "type": "Point", "coordinates": [ -3.944694459306633, 39.031965629296089 ] } },
{ "type": "Feature", "properties": { "Plot": "OL4", "Column": null, "Line": null, "ID": 800 }, "geometry": { "type": "Point", "coordinates": [ -3.944658164850725, 39.031997388719326 ] } },
{ "type": "Feature", "properties": { "Plot": "OL4", "Column": null, "Line": null, "ID": 801 }, "geometry": { "type": "Point", "coordinates": [ -3.944621939666822, 39.032025528566123 ] } },
{ "type": "Feature", "properties": { "Plot": "OL4", "Column": null, "Line": null, "ID": 802 }, "geometry": { "type": "Point", "coordinates": [ -3.946202254146207, 39.030888813295981 ] } },
{ "type": "Feature", "properties": { "Plot": "OL4", "Column": null, "Line": null, "ID": 803 }, "geometry": { "type": "Point", "coordinates": [ -3.946160690943079, 39.030918409681789 ] } },
{ "type": "Feature", "properties": { "Plot": "OL4", "Column": null, "Line": null, "ID": 804 }, "geometry": { "type": "Point", "coordinates": [ -3.946117395939821, 39.030949351344617 ] } },
{ "type": "Feature", "properties": { "Plot": "OL4", "Column": null, "Line": null, "ID": 805 }, "geometry": { "type": "Point", "coordinates": [ -3.946082759937215, 39.030984328860193 ] } },
{ "type": "Feature", "properties": { "Plot": "OL4", "Column": null, "Line": null, "ID": 806 }, "geometry": { "type": "Point", "coordinates": [ -3.946048123934608, 39.031008544053137 ] } },
{ "type": "Feature", "properties": { "Plot": "OL4", "Column": null, "Line": null, "ID": 807 }, "geometry": { "type": "Point", "coordinates": [ -3.946013487932003, 39.031039485676509 ] } },
{ "type": "Feature", "properties": { "Plot": "OL4", "Column": null, "Line": null, "ID": 808 }, "geometry": { "type": "Point", "coordinates": [ -3.945971924728875, 39.031070427286316 ] } },
{ "type": "Feature", "properties": { "Plot": "OL4", "Column": null, "Line": null, "ID": 809 }, "geometry": { "type": "Point", "coordinates": [ -3.945932093325878, 39.031100023596082 ] } },
{ "type": "Feature", "properties": { "Plot": "OL4", "Column": null, "Line": null, "ID": 810 }, "geometry": { "type": "Point", "coordinates": [ -3.94588533472236, 39.031124238749399 ] } },
{ "type": "Feature", "properties": { "Plot": "OL4", "Column": null, "Line": null, "ID": 811 }, "geometry": { "type": "Point", "coordinates": [ -3.945838576118841, 39.031156525607564 ] } },
{ "type": "Feature", "properties": { "Plot": "OL4", "Column": null, "Line": null, "ID": 812 }, "geometry": { "type": "Point", "coordinates": [ -3.945816062717147, 39.031196884159549 ] } },
{ "type": "Feature", "properties": { "Plot": "OL4", "Column": null, "Line": null, "ID": 813 }, "geometry": { "type": "Point", "coordinates": [ -3.945771035913759, 39.031222444563895 ] } },
{ "type": "Feature", "properties": { "Plot": "OL4", "Column": null, "Line": null, "ID": 814 }, "geometry": { "type": "Point", "coordinates": [ -3.945726009110371, 39.03125338609361 ] } },
{ "type": "Feature", "properties": { "Plot": "OL4", "Column": null, "Line": null, "ID": 815 }, "geometry": { "type": "Point", "coordinates": [ -3.945693104907895, 39.031282982326758 ] } },
{ "type": "Feature", "properties": { "Plot": "OL4", "Column": null, "Line": null, "ID": 816 }, "geometry": { "type": "Point", "coordinates": [ -3.945660200705419, 39.031312578547514 ] } },
{ "type": "Feature", "properties": { "Plot": "OL4", "Column": null, "Line": null, "ID": 817 }, "geometry": { "type": "Point", "coordinates": [ -3.94561171030177, 39.031342174755871 ] } },
{ "type": "Feature", "properties": { "Plot": "OL4", "Column": null, "Line": null, "ID": 818 }, "geometry": { "type": "Point", "coordinates": [ -3.945573610698903, 39.031377152077042 ] } },
{ "type": "Feature", "properties": { "Plot": "OL4", "Column": null, "Line": null, "ID": 819 }, "geometry": { "type": "Point", "coordinates": [ -3.945538974696297, 39.031402712416188 ] } },
{ "type": "Feature", "properties": { "Plot": "OL4", "Column": null, "Line": null, "ID": 820 }, "geometry": { "type": "Point", "coordinates": [ -3.9454991432933, 39.031439034987486 ] } },
{ "type": "Feature", "properties": { "Plot": "OL4", "Column": null, "Line": null, "ID": 821 }, "geometry": { "type": "Point", "coordinates": [ -3.945459311890303, 39.03146325002465 ] } },
{ "type": "Feature", "properties": { "Plot": "OL4", "Column": null, "Line": null, "ID": 822 }, "geometry": { "type": "Point", "coordinates": [ -3.945424675887697, 39.031500917843744 ] } },
{ "type": "Feature", "properties": { "Plot": "OL4", "Column": null, "Line": null, "ID": 823 }, "geometry": { "type": "Point", "coordinates": [ -3.945379649084308, 39.031523787581264 ] } },
{ "type": "Feature", "properties": { "Plot": "OL4", "Column": null, "Line": null, "ID": 824 }, "geometry": { "type": "Point", "coordinates": [ -3.94533635408105, 39.031556074256912 ] } },
{ "type": "Feature", "properties": { "Plot": "OL4", "Column": null, "Line": null, "ID": 825 }, "geometry": { "type": "Point", "coordinates": [ -3.945305181678705, 39.03158836091783 ] } },
{ "type": "Feature", "properties": { "Plot": "OL4", "Column": null, "Line": null, "ID": 826 }, "geometry": { "type": "Point", "coordinates": [ -3.945261886675447, 39.031616611734016 ] } },
{ "type": "Feature", "properties": { "Plot": "OL4", "Column": null, "Line": null, "ID": 827 }, "geometry": { "type": "Point", "coordinates": [ -3.945225518872711, 39.031647553091183 ] } },
{ "type": "Feature", "properties": { "Plot": "OL4", "Column": null, "Line": null, "ID": 828 }, "geometry": { "type": "Point", "coordinates": [ -3.945185687469714, 39.031667732229863 ] } },
{ "type": "Feature", "properties": { "Plot": "OL4", "Column": null, "Line": null, "ID": 829 }, "geometry": { "type": "Point", "coordinates": [ -3.945152783267238, 39.031706745214962 ] } },
{ "type": "Feature", "properties": { "Plot": "OL4", "Column": null, "Line": null, "ID": 830 }, "geometry": { "type": "Point", "coordinates": [ -3.945119879064762, 39.031740377081398 ] } },
{ "type": "Feature", "properties": { "Plot": "OL4", "Column": null, "Line": null, "ID": 831 }, "geometry": { "type": "Point", "coordinates": [ -3.945074852261374, 39.031769973110627 ] } },
{ "type": "Feature", "properties": { "Plot": "OL4", "Column": null, "Line": null, "ID": 832 }, "geometry": { "type": "Point", "coordinates": [ -3.945036752658506, 39.031798223854217 ] } },
{ "type": "Feature", "properties": { "Plot": "OL4", "Column": null, "Line": null, "ID": 833 }, "geometry": { "type": "Point", "coordinates": [ -3.944996921255509, 39.031829165131875 ] } },
{ "type": "Feature", "properties": { "Plot": "OL4", "Column": null, "Line": null, "ID": 834 }, "geometry": { "type": "Point", "coordinates": [ -3.944955358052382, 39.031861451668021 ] } },
{ "type": "Feature", "properties": { "Plot": "OL4", "Column": null, "Line": null, "ID": 835 }, "geometry": { "type": "Point", "coordinates": [ -3.944918990249646, 39.031892392918003 ] } },
{ "type": "Feature", "properties": { "Plot": "OL4", "Column": null, "Line": null, "ID": 836 }, "geometry": { "type": "Point", "coordinates": [ -3.94488608604717, 39.031912571986773 ] } },
{ "type": "Feature", "properties": { "Plot": "OL4", "Column": null, "Line": null, "ID": 837 }, "geometry": { "type": "Point", "coordinates": [ -3.944854913644824, 39.031951584836726 ] } },
{ "type": "Feature", "properties": { "Plot": "OL4", "Column": null, "Line": null, "ID": 838 }, "geometry": { "type": "Point", "coordinates": [ -3.944806423241176, 39.03198387131696 ] } },
{ "type": "Feature", "properties": { "Plot": "OL4", "Column": null, "Line": null, "ID": 839 }, "geometry": { "type": "Point", "coordinates": [ -3.944759664637657, 39.032013467244212 ] } },
{ "type": "Feature", "properties": { "Plot": "OL4", "Column": null, "Line": null, "ID": 840 }, "geometry": { "type": "Point", "coordinates": [ -3.944723370181749, 39.032045226667449 ] } },
{ "type": "Feature", "properties": { "Plot": "OL4", "Column": null, "Line": null, "ID": 841 }, "geometry": { "type": "Point", "coordinates": [ -3.944687144997846, 39.032073366514247 ] } },
{ "type": "Feature", "properties": { "Plot": "OL4", "Column": null, "Line": null, "ID": 842 }, "geometry": { "type": "Point", "coordinates": [ -3.946260214440449, 39.030936651211725 ] } },
{ "type": "Feature", "properties": { "Plot": "OL4", "Column": null, "Line": null, "ID": 843 }, "geometry": { "type": "Point", "coordinates": [ -3.946218651237322, 39.030966247597533 ] } },
{ "type": "Feature", "properties": { "Plot": "OL4", "Column": null, "Line": null, "ID": 844 }, "geometry": { "type": "Point", "coordinates": [ -3.946175356234063, 39.030997189260361 ] } },
{ "type": "Feature", "properties": { "Plot": "OL4", "Column": null, "Line": null, "ID": 845 }, "geometry": { "type": "Point", "coordinates": [ -3.946140720231458, 39.031032166775937 ] } },
{ "type": "Feature", "properties": { "Plot": "OL4", "Column": null, "Line": null, "ID": 846 }, "geometry": { "type": "Point", "coordinates": [ -3.946106084228851, 39.031056381968881 ] } },
{ "type": "Feature", "properties": { "Plot": "OL4", "Column": null, "Line": null, "ID": 847 }, "geometry": { "type": "Point", "coordinates": [ -3.946071448226245, 39.031087323592253 ] } },
{ "type": "Feature", "properties": { "Plot": "OL4", "Column": null, "Line": null, "ID": 848 }, "geometry": { "type": "Point", "coordinates": [ -3.946029885023118, 39.031118265202061 ] } },
{ "type": "Feature", "properties": { "Plot": "OL4", "Column": null, "Line": null, "ID": 849 }, "geometry": { "type": "Point", "coordinates": [ -3.945990053620121, 39.031147861511826 ] } },
{ "type": "Feature", "properties": { "Plot": "OL4", "Column": null, "Line": null, "ID": 850 }, "geometry": { "type": "Point", "coordinates": [ -3.945943295016602, 39.031172076665143 ] } },
{ "type": "Feature", "properties": { "Plot": "OL4", "Column": null, "Line": null, "ID": 851 }, "geometry": { "type": "Point", "coordinates": [ -3.945896536413084, 39.031204363523308 ] } },
{ "type": "Feature", "properties": { "Plot": "OL4", "Column": null, "Line": null, "ID": 852 }, "geometry": { "type": "Point", "coordinates": [ -3.94587402301139, 39.031244722075293 ] } },
{ "type": "Feature", "properties": { "Plot": "OL4", "Column": null, "Line": null, "ID": 853 }, "geometry": { "type": "Point", "coordinates": [ -3.945828996208002, 39.031270282479639 ] } },
{ "type": "Feature", "properties": { "Plot": "OL4", "Column": null, "Line": null, "ID": 854 }, "geometry": { "type": "Point", "coordinates": [ -3.945783969404614, 39.031301224009354 ] } },
{ "type": "Feature", "properties": { "Plot": "OL4", "Column": null, "Line": null, "ID": 855 }, "geometry": { "type": "Point", "coordinates": [ -3.945751065202137, 39.031330820242502 ] } },
{ "type": "Feature", "properties": { "Plot": "OL4", "Column": null, "Line": null, "ID": 856 }, "geometry": { "type": "Point", "coordinates": [ -3.945718160999662, 39.031360416463258 ] } },
{ "type": "Feature", "properties": { "Plot": "OL4", "Column": null, "Line": null, "ID": 857 }, "geometry": { "type": "Point", "coordinates": [ -3.945669670596013, 39.031390012671615 ] } },
{ "type": "Feature", "properties": { "Plot": "OL4", "Column": null, "Line": null, "ID": 858 }, "geometry": { "type": "Point", "coordinates": [ -3.945631570993146, 39.031424989992786 ] } },
{ "type": "Feature", "properties": { "Plot": "OL4", "Column": null, "Line": null, "ID": 859 }, "geometry": { "type": "Point", "coordinates": [ -3.94559693499054, 39.031450550331932 ] } },
{ "type": "Feature", "properties": { "Plot": "OL4", "Column": null, "Line": null, "ID": 860 }, "geometry": { "type": "Point", "coordinates": [ -3.945557103587543, 39.03148687290323 ] } },
{ "type": "Feature", "properties": { "Plot": "OL4", "Column": null, "Line": null, "ID": 861 }, "geometry": { "type": "Point", "coordinates": [ -3.945517272184546, 39.031511087940395 ] } },
{ "type": "Feature", "properties": { "Plot": "OL4", "Column": null, "Line": null, "ID": 862 }, "geometry": { "type": "Point", "coordinates": [ -3.945482636181939, 39.031548755759488 ] } },
{ "type": "Feature", "properties": { "Plot": "OL4", "Column": null, "Line": null, "ID": 863 }, "geometry": { "type": "Point", "coordinates": [ -3.945437609378551, 39.031571625497008 ] } },
{ "type": "Feature", "properties": { "Plot": "OL4", "Column": null, "Line": null, "ID": 864 }, "geometry": { "type": "Point", "coordinates": [ -3.945394314375293, 39.031603912172656 ] } },
{ "type": "Feature", "properties": { "Plot": "OL4", "Column": null, "Line": null, "ID": 865 }, "geometry": { "type": "Point", "coordinates": [ -3.945363141972948, 39.031636198833574 ] } },
{ "type": "Feature", "properties": { "Plot": "OL4", "Column": null, "Line": null, "ID": 866 }, "geometry": { "type": "Point", "coordinates": [ -3.94531984696969, 39.03166444964976 ] } },
{ "type": "Feature", "properties": { "Plot": "OL4", "Column": null, "Line": null, "ID": 867 }, "geometry": { "type": "Point", "coordinates": [ -3.945283479166954, 39.031695391006927 ] } },
{ "type": "Feature", "properties": { "Plot": "OL4", "Column": null, "Line": null, "ID": 868 }, "geometry": { "type": "Point", "coordinates": [ -3.945243647763956, 39.031715570145607 ] } },
{ "type": "Feature", "properties": { "Plot": "OL4", "Column": null, "Line": null, "ID": 869 }, "geometry": { "type": "Point", "coordinates": [ -3.94521074356148, 39.031754583130706 ] } },
{ "type": "Feature", "properties": { "Plot": "OL4", "Column": null, "Line": null, "ID": 870 }, "geometry": { "type": "Point", "coordinates": [ -3.945177839359005, 39.031788214997142 ] } },
{ "type": "Feature", "properties": { "Plot": "OL4", "Column": null, "Line": null, "ID": 871 }, "geometry": { "type": "Point", "coordinates": [ -3.945132812555617, 39.031817811026372 ] } },
{ "type": "Feature", "properties": { "Plot": "OL4", "Column": null, "Line": null, "ID": 872 }, "geometry": { "type": "Point", "coordinates": [ -3.945094712952749, 39.031846061769961 ] } },
{ "type": "Feature", "properties": { "Plot": "OL4", "Column": null, "Line": null, "ID": 873 }, "geometry": { "type": "Point", "coordinates": [ -3.945054881549752, 39.031877003047619 ] } },
{ "type": "Feature", "properties": { "Plot": "OL4", "Column": null, "Line": null, "ID": 874 }, "geometry": { "type": "Point", "coordinates": [ -3.945013318346625, 39.031909289583766 ] } },
{ "type": "Feature", "properties": { "Plot": "OL4", "Column": null, "Line": null, "ID": 875 }, "geometry": { "type": "Point", "coordinates": [ -3.944976950543889, 39.031940230833747 ] } },
{ "type": "Feature", "properties": { "Plot": "OL4", "Column": null, "Line": null, "ID": 876 }, "geometry": { "type": "Point", "coordinates": [ -3.944944046341412, 39.031960409902517 ] } },
{ "type": "Feature", "properties": { "Plot": "OL4", "Column": null, "Line": null, "ID": 877 }, "geometry": { "type": "Point", "coordinates": [ -3.944912873939066, 39.03199942275247 ] } },
{ "type": "Feature", "properties": { "Plot": "OL4", "Column": null, "Line": null, "ID": 878 }, "geometry": { "type": "Point", "coordinates": [ -3.944864383535418, 39.032031709232704 ] } },
{ "type": "Feature", "properties": { "Plot": "OL4", "Column": null, "Line": null, "ID": 879 }, "geometry": { "type": "Point", "coordinates": [ -3.9448176249319, 39.032061305159957 ] } },
{ "type": "Feature", "properties": { "Plot": "OL4", "Column": null, "Line": null, "ID": 880 }, "geometry": { "type": "Point", "coordinates": [ -3.944781330475992, 39.032093064583194 ] } },
{ "type": "Feature", "properties": { "Plot": "OL4", "Column": null, "Line": null, "ID": 881 }, "geometry": { "type": "Point", "coordinates": [ -3.944745105292089, 39.032121204429991 ] } },
{ "type": "Feature", "properties": { "Plot": "OL4", "Column": null, "Line": null, "ID": 882 }, "geometry": { "type": "Point", "coordinates": [ -3.946321797253085, 39.030978861110491 ] } },
{ "type": "Feature", "properties": { "Plot": "OL4", "Column": null, "Line": null, "ID": 883 }, "geometry": { "type": "Point", "coordinates": [ -3.946280234049957, 39.031008457496299 ] } },
{ "type": "Feature", "properties": { "Plot": "OL4", "Column": null, "Line": null, "ID": 884 }, "geometry": { "type": "Point", "coordinates": [ -3.946236939046698, 39.031039399159127 ] } },
{ "type": "Feature", "properties": { "Plot": "OL4", "Column": null, "Line": null, "ID": 885 }, "geometry": { "type": "Point", "coordinates": [ -3.946202303044093, 39.031074376674702 ] } },
{ "type": "Feature", "properties": { "Plot": "OL4", "Column": null, "Line": null, "ID": 886 }, "geometry": { "type": "Point", "coordinates": [ -3.946167667041486, 39.031098591867647 ] } },
{ "type": "Feature", "properties": { "Plot": "OL4", "Column": null, "Line": null, "ID": 887 }, "geometry": { "type": "Point", "coordinates": [ -3.94613303103888, 39.031129533491018 ] } },
{ "type": "Feature", "properties": { "Plot": "OL4", "Column": null, "Line": null, "ID": 888 }, "geometry": { "type": "Point", "coordinates": [ -3.946091467835753, 39.031160475100826 ] } },
{ "type": "Feature", "properties": { "Plot": "OL4", "Column": null, "Line": null, "ID": 889 }, "geometry": { "type": "Point", "coordinates": [ -3.946051636432756, 39.031190071410592 ] } },
{ "type": "Feature", "properties": { "Plot": "OL4", "Column": null, "Line": null, "ID": 890 }, "geometry": { "type": "Point", "coordinates": [ -3.946004877829238, 39.031214286563909 ] } },
{ "type": "Feature", "properties": { "Plot": "OL4", "Column": null, "Line": null, "ID": 891 }, "geometry": { "type": "Point", "coordinates": [ -3.945958119225719, 39.031246573422074 ] } },
{ "type": "Feature", "properties": { "Plot": "OL4", "Column": null, "Line": null, "ID": 892 }, "geometry": { "type": "Point", "coordinates": [ -3.945935605824025, 39.031286931974059 ] } },
{ "type": "Feature", "properties": { "Plot": "OL4", "Column": null, "Line": null, "ID": 893 }, "geometry": { "type": "Point", "coordinates": [ -3.945890579020637, 39.031312492378404 ] } },
{ "type": "Feature", "properties": { "Plot": "OL4", "Column": null, "Line": null, "ID": 894 }, "geometry": { "type": "Point", "coordinates": [ -3.945845552217249, 39.03134343390812 ] } },
{ "type": "Feature", "properties": { "Plot": "OL4", "Column": null, "Line": null, "ID": 895 }, "geometry": { "type": "Point", "coordinates": [ -3.945812648014773, 39.031373030141268 ] } },
{ "type": "Feature", "properties": { "Plot": "OL4", "Column": null, "Line": null, "ID": 896 }, "geometry": { "type": "Point", "coordinates": [ -3.945779743812297, 39.031402626362024 ] } },
{ "type": "Feature", "properties": { "Plot": "OL4", "Column": null, "Line": null, "ID": 897 }, "geometry": { "type": "Point", "coordinates": [ -3.945731253408648, 39.03143222257038 ] } },
{ "type": "Feature", "properties": { "Plot": "OL4", "Column": null, "Line": null, "ID": 898 }, "geometry": { "type": "Point", "coordinates": [ -3.945693153805781, 39.031467199891551 ] } },
{ "type": "Feature", "properties": { "Plot": "OL4", "Column": null, "Line": null, "ID": 899 }, "geometry": { "type": "Point", "coordinates": [ -3.945658517803175, 39.031492760230698 ] } },
{ "type": "Feature", "properties": { "Plot": "OL4", "Column": null, "Line": null, "ID": 900 }, "geometry": { "type": "Point", "coordinates": [ -3.945618686400178, 39.031529082801995 ] } },
{ "type": "Feature", "properties": { "Plot": "OL4", "Column": null, "Line": null, "ID": 901 }, "geometry": { "type": "Point", "coordinates": [ -3.945578854997181, 39.03155329783916 ] } },
{ "type": "Feature", "properties": { "Plot": "OL4", "Column": null, "Line": null, "ID": 902 }, "geometry": { "type": "Point", "coordinates": [ -3.945544218994574, 39.031590965658253 ] } },
{ "type": "Feature", "properties": { "Plot": "OL4", "Column": null, "Line": null, "ID": 903 }, "geometry": { "type": "Point", "coordinates": [ -3.945499192191186, 39.031613835395774 ] } },
{ "type": "Feature", "properties": { "Plot": "OL4", "Column": null, "Line": null, "ID": 904 }, "geometry": { "type": "Point", "coordinates": [ -3.945455897187928, 39.031646122071422 ] } },
{ "type": "Feature", "properties": { "Plot": "OL4", "Column": null, "Line": null, "ID": 905 }, "geometry": { "type": "Point", "coordinates": [ -3.945424724785583, 39.03167840873234 ] } },
{ "type": "Feature", "properties": { "Plot": "OL4", "Column": null, "Line": null, "ID": 906 }, "geometry": { "type": "Point", "coordinates": [ -3.945381429782325, 39.031706659548526 ] } },
{ "type": "Feature", "properties": { "Plot": "OL4", "Column": null, "Line": null, "ID": 907 }, "geometry": { "type": "Point", "coordinates": [ -3.945345061979589, 39.031737600905693 ] } },
{ "type": "Feature", "properties": { "Plot": "OL4", "Column": null, "Line": null, "ID": 908 }, "geometry": { "type": "Point", "coordinates": [ -3.945305230576591, 39.031757780044373 ] } },
{ "type": "Feature", "properties": { "Plot": "OL4", "Column": null, "Line": null, "ID": 909 }, "geometry": { "type": "Point", "coordinates": [ -3.945272326374115, 39.031796793029471 ] } },
{ "type": "Feature", "properties": { "Plot": "OL4", "Column": null, "Line": null, "ID": 910 }, "geometry": { "type": "Point", "coordinates": [ -3.94523942217164, 39.031830424895908 ] } },
{ "type": "Feature", "properties": { "Plot": "OL4", "Column": null, "Line": null, "ID": 911 }, "geometry": { "type": "Point", "coordinates": [ -3.945194395368252, 39.031860020925137 ] } },
{ "type": "Feature", "properties": { "Plot": "OL4", "Column": null, "Line": null, "ID": 912 }, "geometry": { "type": "Point", "coordinates": [ -3.945156295765384, 39.031888271668727 ] } },
{ "type": "Feature", "properties": { "Plot": "OL4", "Column": null, "Line": null, "ID": 913 }, "geometry": { "type": "Point", "coordinates": [ -3.945116464362387, 39.031919212946384 ] } },
{ "type": "Feature", "properties": { "Plot": "OL4", "Column": null, "Line": null, "ID": 914 }, "geometry": { "type": "Point", "coordinates": [ -3.94507490115926, 39.031951499482531 ] } },
{ "type": "Feature", "properties": { "Plot": "OL4", "Column": null, "Line": null, "ID": 915 }, "geometry": { "type": "Point", "coordinates": [ -3.945038533356524, 39.031982440732513 ] } },
{ "type": "Feature", "properties": { "Plot": "OL4", "Column": null, "Line": null, "ID": 916 }, "geometry": { "type": "Point", "coordinates": [ -3.945005629154048, 39.032002619801283 ] } },
{ "type": "Feature", "properties": { "Plot": "OL4", "Column": null, "Line": null, "ID": 917 }, "geometry": { "type": "Point", "coordinates": [ -3.944974456751702, 39.032041632651236 ] } },
{ "type": "Feature", "properties": { "Plot": "OL4", "Column": null, "Line": null, "ID": 918 }, "geometry": { "type": "Point", "coordinates": [ -3.944925966348054, 39.03207391913147 ] } },
{ "type": "Feature", "properties": { "Plot": "OL4", "Column": null, "Line": null, "ID": 919 }, "geometry": { "type": "Point", "coordinates": [ -3.944879207744535, 39.032103515058722 ] } },
{ "type": "Feature", "properties": { "Plot": "OL4", "Column": null, "Line": null, "ID": 920 }, "geometry": { "type": "Point", "coordinates": [ -3.944842913288627, 39.032135274481959 ] } },
{ "type": "Feature", "properties": { "Plot": "OL4", "Column": null, "Line": null, "ID": 921 }, "geometry": { "type": "Point", "coordinates": [ -3.944806688104724, 39.032163414328757 ] } },
{ "type": "Feature", "properties": { "Plot": "OL4", "Column": null, "Line": null, "ID": 922 }, "geometry": { "type": "Point", "coordinates": [ -3.946383380065718, 39.031026698965285 ] } },
{ "type": "Feature", "properties": { "Plot": "OL4", "Column": null, "Line": null, "ID": 923 }, "geometry": { "type": "Point", "coordinates": [ -3.94634181686259, 39.031056295351092 ] } },
{ "type": "Feature", "properties": { "Plot": "OL4", "Column": null, "Line": null, "ID": 924 }, "geometry": { "type": "Point", "coordinates": [ -3.946298521859331, 39.031087237013921 ] } },
{ "type": "Feature", "properties": { "Plot": "OL4", "Column": null, "Line": null, "ID": 925 }, "geometry": { "type": "Point", "coordinates": [ -3.946263885856726, 39.031122214529496 ] } },
{ "type": "Feature", "properties": { "Plot": "OL4", "Column": null, "Line": null, "ID": 926 }, "geometry": { "type": "Point", "coordinates": [ -3.946229249854119, 39.03114642972244 ] } },
{ "type": "Feature", "properties": { "Plot": "OL4", "Column": null, "Line": null, "ID": 927 }, "geometry": { "type": "Point", "coordinates": [ -3.946194613851513, 39.031177371345812 ] } },
{ "type": "Feature", "properties": { "Plot": "OL4", "Column": null, "Line": null, "ID": 928 }, "geometry": { "type": "Point", "coordinates": [ -3.946153050648386, 39.03120831295562 ] } },
{ "type": "Feature", "properties": { "Plot": "OL4", "Column": null, "Line": null, "ID": 929 }, "geometry": { "type": "Point", "coordinates": [ -3.946113219245389, 39.031237909265386 ] } },
{ "type": "Feature", "properties": { "Plot": "OL4", "Column": null, "Line": null, "ID": 930 }, "geometry": { "type": "Point", "coordinates": [ -3.94606646064187, 39.031262124418703 ] } },
{ "type": "Feature", "properties": { "Plot": "OL4", "Column": null, "Line": null, "ID": 931 }, "geometry": { "type": "Point", "coordinates": [ -3.946019702038352, 39.031294411276868 ] } },
{ "type": "Feature", "properties": { "Plot": "OL4", "Column": null, "Line": null, "ID": 932 }, "geometry": { "type": "Point", "coordinates": [ -3.945997188636658, 39.031334769828852 ] } },
{ "type": "Feature", "properties": { "Plot": "OL4", "Column": null, "Line": null, "ID": 933 }, "geometry": { "type": "Point", "coordinates": [ -3.94595216183327, 39.031360330233198 ] } },
{ "type": "Feature", "properties": { "Plot": "OL4", "Column": null, "Line": null, "ID": 934 }, "geometry": { "type": "Point", "coordinates": [ -3.945907135029882, 39.031391271762914 ] } },
{ "type": "Feature", "properties": { "Plot": "OL4", "Column": null, "Line": null, "ID": 935 }, "geometry": { "type": "Point", "coordinates": [ -3.945874230827406, 39.031420867996061 ] } },
{ "type": "Feature", "properties": { "Plot": "OL4", "Column": null, "Line": null, "ID": 936 }, "geometry": { "type": "Point", "coordinates": [ -3.94584132662493, 39.031450464216817 ] } },
{ "type": "Feature", "properties": { "Plot": "OL4", "Column": null, "Line": null, "ID": 937 }, "geometry": { "type": "Point", "coordinates": [ -3.945792836221281, 39.031480060425174 ] } },
{ "type": "Feature", "properties": { "Plot": "OL4", "Column": null, "Line": null, "ID": 938 }, "geometry": { "type": "Point", "coordinates": [ -3.945754736618414, 39.031515037746345 ] } },
{ "type": "Feature", "properties": { "Plot": "OL4", "Column": null, "Line": null, "ID": 939 }, "geometry": { "type": "Point", "coordinates": [ -3.945720100615808, 39.031540598085492 ] } },
{ "type": "Feature", "properties": { "Plot": "OL4", "Column": null, "Line": null, "ID": 940 }, "geometry": { "type": "Point", "coordinates": [ -3.945680269212811, 39.031576920656789 ] } },
{ "type": "Feature", "properties": { "Plot": "OL4", "Column": null, "Line": null, "ID": 941 }, "geometry": { "type": "Point", "coordinates": [ -3.945640437809814, 39.031601135693954 ] } },
{ "type": "Feature", "properties": { "Plot": "OL4", "Column": null, "Line": null, "ID": 942 }, "geometry": { "type": "Point", "coordinates": [ -3.945605801807207, 39.031638803513047 ] } },
{ "type": "Feature", "properties": { "Plot": "OL4", "Column": null, "Line": null, "ID": 943 }, "geometry": { "type": "Point", "coordinates": [ -3.945560775003819, 39.031661673250568 ] } },
{ "type": "Feature", "properties": { "Plot": "OL4", "Column": null, "Line": null, "ID": 944 }, "geometry": { "type": "Point", "coordinates": [ -3.945517480000561, 39.031693959926216 ] } },
{ "type": "Feature", "properties": { "Plot": "OL4", "Column": null, "Line": null, "ID": 945 }, "geometry": { "type": "Point", "coordinates": [ -3.945486307598216, 39.031726246587134 ] } },
{ "type": "Feature", "properties": { "Plot": "OL4", "Column": null, "Line": null, "ID": 946 }, "geometry": { "type": "Point", "coordinates": [ -3.945443012594958, 39.03175449740332 ] } },
{ "type": "Feature", "properties": { "Plot": "OL4", "Column": null, "Line": null, "ID": 947 }, "geometry": { "type": "Point", "coordinates": [ -3.945406644792222, 39.031785438760487 ] } },
{ "type": "Feature", "properties": { "Plot": "OL4", "Column": null, "Line": null, "ID": 948 }, "geometry": { "type": "Point", "coordinates": [ -3.945366813389224, 39.031805617899167 ] } },
{ "type": "Feature", "properties": { "Plot": "OL4", "Column": null, "Line": null, "ID": 949 }, "geometry": { "type": "Point", "coordinates": [ -3.945333909186748, 39.031844630884265 ] } },
{ "type": "Feature", "properties": { "Plot": "OL4", "Column": null, "Line": null, "ID": 950 }, "geometry": { "type": "Point", "coordinates": [ -3.945301004984273, 39.031878262750702 ] } },
{ "type": "Feature", "properties": { "Plot": "OL4", "Column": null, "Line": null, "ID": 951 }, "geometry": { "type": "Point", "coordinates": [ -3.945255978180885, 39.031907858779931 ] } },
{ "type": "Feature", "properties": { "Plot": "OL4", "Column": null, "Line": null, "ID": 952 }, "geometry": { "type": "Point", "coordinates": [ -3.945217878578017, 39.031936109523521 ] } },
{ "type": "Feature", "properties": { "Plot": "OL4", "Column": null, "Line": null, "ID": 953 }, "geometry": { "type": "Point", "coordinates": [ -3.94517804717502, 39.031967050801178 ] } },
{ "type": "Feature", "properties": { "Plot": "OL4", "Column": null, "Line": null, "ID": 954 }, "geometry": { "type": "Point", "coordinates": [ -3.945136483971893, 39.031999337337325 ] } },
{ "type": "Feature", "properties": { "Plot": "OL4", "Column": null, "Line": null, "ID": 955 }, "geometry": { "type": "Point", "coordinates": [ -3.945100116169157, 39.032030278587307 ] } },
{ "type": "Feature", "properties": { "Plot": "OL4", "Column": null, "Line": null, "ID": 956 }, "geometry": { "type": "Point", "coordinates": [ -3.945067211966681, 39.032050457656077 ] } },
{ "type": "Feature", "properties": { "Plot": "OL4", "Column": null, "Line": null, "ID": 957 }, "geometry": { "type": "Point", "coordinates": [ -3.945036039564334, 39.03208947050603 ] } },
{ "type": "Feature", "properties": { "Plot": "OL4", "Column": null, "Line": null, "ID": 958 }, "geometry": { "type": "Point", "coordinates": [ -3.944987549160687, 39.032121756986264 ] } },
{ "type": "Feature", "properties": { "Plot": "OL4", "Column": null, "Line": null, "ID": 959 }, "geometry": { "type": "Point", "coordinates": [ -3.944940790557168, 39.032151352913516 ] } },
{ "type": "Feature", "properties": { "Plot": "OL4", "Column": null, "Line": null, "ID": 960 }, "geometry": { "type": "Point", "coordinates": [ -3.94490449610126, 39.032183112336753 ] } },
{ "type": "Feature", "properties": { "Plot": "OL4", "Column": null, "Line": null, "ID": 961 }, "geometry": { "type": "Point", "coordinates": [ -3.944868270917357, 39.032211252183551 ] } },
{ "type": "Feature", "properties": { "Plot": "OL4", "Column": null, "Line": null, "ID": 962 }, "geometry": null },
{ "type": "Feature", "properties": { "Plot": "OL4", "Column": null, "Line": null, "ID": 963 }, "geometry": null },
{ "type": "Feature", "properties": { "Plot": "OL4", "Column": null, "Line": null, "ID": 964 }, "geometry": null },
{ "type": "Feature", "properties": { "Plot": "OL4", "Column": null, "Line": null, "ID": 965 }, "geometry": null },
{ "type": "Feature", "properties": { "Plot": "OL4", "Column": null, "Line": null, "ID": 966 }, "geometry": null },
{ "type": "Feature", "properties": { "Plot": "OL4", "Column": null, "Line": null, "ID": 967 }, "geometry": null },
{ "type": "Feature", "properties": { "Plot": "OL4", "Column": null, "Line": null, "ID": 968 }, "geometry": null },
{ "type": "Feature", "properties": { "Plot": "OL4", "Column": null, "Line": null, "ID": 969 }, "geometry": null },
{ "type": "Feature", "properties": { "Plot": "OL4", "Column": null, "Line": null, "ID": 970 }, "geometry": null },
{ "type": "Feature", "properties": { "Plot": "OL4", "Column": null, "Line": null, "ID": 971 }, "geometry": null },
{ "type": "Feature", "properties": { "Plot": "OL4", "Column": null, "Line": null, "ID": 972 }, "geometry": null },
{ "type": "Feature", "properties": { "Plot": "OL4", "Column": null, "Line": null, "ID": 973 }, "geometry": null },
{ "type": "Feature", "properties": { "Plot": "OL4", "Column": null, "Line": null, "ID": 974 }, "geometry": null },
{ "type": "Feature", "properties": { "Plot": "OL4", "Column": null, "Line": null, "ID": 975 }, "geometry": null },
{ "type": "Feature", "properties": { "Plot": "OL4", "Column": null, "Line": null, "ID": 976 }, "geometry": null },
{ "type": "Feature", "properties": { "Plot": "OL4", "Column": null, "Line": null, "ID": 977 }, "geometry": null },
{ "type": "Feature", "properties": { "Plot": "OL4", "Column": null, "Line": null, "ID": 978 }, "geometry": null },
{ "type": "Feature", "properties": { "Plot": "OL4", "Column": null, "Line": null, "ID": 979 }, "geometry": null },
{ "type": "Feature", "properties": { "Plot": "OL4", "Column": null, "Line": null, "ID": 980 }, "geometry": null },
{ "type": "Feature", "properties": { "Plot": "OL4", "Column": null, "Line": null, "ID": 981 }, "geometry": null },
{ "type": "Feature", "properties": { "Plot": "OL4", "Column": null, "Line": null, "ID": 982 }, "geometry": null },
{ "type": "Feature", "properties": { "Plot": "OL4", "Column": null, "Line": null, "ID": 983 }, "geometry": null },
{ "type": "Feature", "properties": { "Plot": "OL4", "Column": null, "Line": null, "ID": 984 }, "geometry": null },
{ "type": "Feature", "properties": { "Plot": "OL4", "Column": null, "Line": null, "ID": 985 }, "geometry": null },
{ "type": "Feature", "properties": { "Plot": "OL4", "Column": null, "Line": null, "ID": 986 }, "geometry": null },
{ "type": "Feature", "properties": { "Plot": "OL4", "Column": null, "Line": null, "ID": 987 }, "geometry": null },
{ "type": "Feature", "properties": { "Plot": "OL4", "Column": null, "Line": null, "ID": 988 }, "geometry": null },
{ "type": "Feature", "properties": { "Plot": "OL4", "Column": null, "Line": null, "ID": 989 }, "geometry": null },
{ "type": "Feature", "properties": { "Plot": "OL4", "Column": null, "Line": null, "ID": 990 }, "geometry": null },
{ "type": "Feature", "properties": { "Plot": "OL4", "Column": null, "Line": null, "ID": 991 }, "geometry": null },
{ "type": "Feature", "properties": { "Plot": "OL4", "Column": null, "Line": null, "ID": 992 }, "geometry": null },
{ "type": "Feature", "properties": { "Plot": "OL4", "Column": null, "Line": null, "ID": 993 }, "geometry": null },
{ "type": "Feature", "properties": { "Plot": "OL4", "Column": null, "Line": null, "ID": 994 }, "geometry": null },
{ "type": "Feature", "properties": { "Plot": "OL4", "Column": null, "Line": null, "ID": 995 }, "geometry": null },
{ "type": "Feature", "properties": { "Plot": "OL4", "Column": null, "Line": null, "ID": 996 }, "geometry": null },
{ "type": "Feature", "properties": { "Plot": "OL4", "Column": null, "Line": null, "ID": 997 }, "geometry": null },
{ "type": "Feature", "properties": { "Plot": "OL4", "Column": null, "Line": null, "ID": 998 }, "geometry": null },
{ "type": "Feature", "properties": { "Plot": "OL4", "Column": null, "Line": null, "ID": 999 }, "geometry": null }
]
}
